run_date,region,time,model,n,dry,light,mod,heavy
2026-08-01,수원시권선구,2026-08-01T00:00,ensemble,143,1,0,0,0
2026-08-01,수원시권선구,2026-08-01T00:00,icon_seamless_eps,40,1,0,0,0
2026-08-01,수원시권선구,2026-08-01T00:00,ncep_gefs_seamless,31,1,0,0,0
2026-08-01,수원시권선구,2026-08-01T00:00,ecmwf_ifs025_ensemble,51,1,0,0,0
2026-08-01,수원시권선구,2026-08-01T00:00,gem_global_ensemble,21,1,0,0,0
2026-08-01,수원시권선구,2026-08-01T01:00,ensemble,143,0.993,0.007,0,0
2026-08-01,수원시권선구,2026-08-01T01:00,icon_seamless_eps,40,0.975,0.025,0,0
2026-08-01,수원시권선구,2026-08-01T01:00,ncep_gefs_seamless,31,1,0,0,0
2026-08-01,수원시권선구,2026-08-01T01:00,ecmwf_ifs025_ensemble,51,1,0,0,0
2026-08-01,수원시권선구,2026-08-01T01:00,gem_global_ensemble,21,1,0,0,0
2026-08-01,수원시권선구,2026-08-01T02:00,ensemble,143,0.993,0.007,0,0
2026-08-01,수원시권선구,2026-08-01T02:00,icon_seamless_eps,40,0.975,0.025,0,0
2026-08-01,수원시권선구,2026-08-01T02:00,ncep_gefs_seamless,31,1,0,0,0
2026-08-01,수원시권선구,2026-08-01T02:00,ecmwf_ifs025_ensemble,51,1,0,0,0
2026-08-01,수원시권선구,2026-08-01T02:00,gem_global_ensemble,21,1,0,0,0
2026-08-01,수원시권선구,2026-08-01T03:00,ensemble,143,1,0,0,0
2026-08-01,수원시권선구,2026-08-01T03:00,icon_seamless_eps,40,1,0,0,0
2026-08-01,수원시권선구,2026-08-01T03:00,ncep_gefs_seamless,31,1,0,0,0
2026-08-01,수원시권선구,2026-08-01T03:00,ecmwf_ifs025_ensemble,51,1,0,0,0
2026-08-01,수원시권선구,2026-08-01T03:00,gem_global_ensemble,21,1,0,0,0
2026-08-01,수원시권선구,2026-08-01T04:00,ensemble,143,1,0,0,0
2026-08-01,수원시권선구,2026-08-01T04:00,icon_seamless_eps,40,1,0,0,0
2026-08-01,수원시권선구,2026-08-01T04:00,ncep_gefs_seamless,31,1,0,0,0
2026-08-01,수원시권선구,2026-08-01T04:00,ecmwf_ifs025_ensemble,51,1,0,0,0
2026-08-01,수원시권선구,2026-08-01T04:00,gem_global_ensemble,21,1,0,0,0
2026-08-01,수원시권선구,2026-08-01T05:00,ensemble,143,1,0,0,0
2026-08-01,수원시권선구,2026-08-01T05:00,icon_seamless_eps,40,1,0,0,0
2026-08-01,수원시권선구,2026-08-01T05:00,ncep_gefs_seamless,31,1,0,0,0
2026-08-01,수원시권선구,2026-08-01T05:00,ecmwf_ifs025_ensemble,51,1,0,0,0
2026-08-01,수원시권선구,2026-08-01T05:00,gem_global_ensemble,21,1,0,0,0
2026-08-01,수원시권선구,2026-08-01T06:00,ensemble,143,1,0,0,0
2026-08-01,수원시권선구,2026-08-01T06:00,icon_seamless_eps,40,1,0,0,0
2026-08-01,수원시권선구,2026-08-01T06:00,ncep_gefs_seamless,31,1,0,0,0
2026-08-01,수원시권선구,2026-08-01T06:00,ecmwf_ifs025_ensemble,51,1,0,0,0
2026-08-01,수원시권선구,2026-08-01T06:00,gem_global_ensemble,21,1,0,0,0
2026-08-01,수원시권선구,2026-08-01T07:00,ensemble,143,0.601,0.399,0,0
2026-08-01,수원시권선구,2026-08-01T07:00,icon_seamless_eps,40,1,0,0,0
2026-08-01,수원시권선구,2026-08-01T07:00,ncep_gefs_seamless,31,0.71,0.29,0,0
2026-08-01,수원시권선구,2026-08-01T07:00,ecmwf_ifs025_ensemble,51,0.078,0.922,0,0
2026-08-01,수원시권선구,2026-08-01T07:00,gem_global_ensemble,21,0.952,0.048,0,0
2026-08-01,수원시권선구,2026-08-01T08:00,ensemble,143,0.601,0.399,0,0
2026-08-01,수원시권선구,2026-08-01T08:00,icon_seamless_eps,40,1,0,0,0
2026-08-01,수원시권선구,2026-08-01T08:00,ncep_gefs_seamless,31,0.71,0.29,0,0
2026-08-01,수원시권선구,2026-08-01T08:00,ecmwf_ifs025_ensemble,51,0.078,0.922,0,0
2026-08-01,수원시권선구,2026-08-01T08:00,gem_global_ensemble,21,0.952,0.048,0,0
2026-08-01,수원시권선구,2026-08-01T09:00,ensemble,143,0.594,0.406,0,0
2026-08-01,수원시권선구,2026-08-01T09:00,icon_seamless_eps,40,0.975,0.025,0,0
2026-08-01,수원시권선구,2026-08-01T09:00,ncep_gefs_seamless,31,0.71,0.29,0,0
2026-08-01,수원시권선구,2026-08-01T09:00,ecmwf_ifs025_ensemble,51,0.078,0.922,0,0
2026-08-01,수원시권선구,2026-08-01T09:00,gem_global_ensemble,21,0.952,0.048,0,0
2026-08-01,수원시권선구,2026-08-01T10:00,ensemble,143,0.503,0.497,0,0
2026-08-01,수원시권선구,2026-08-01T10:00,icon_seamless_eps,40,0.975,0.025,0,0
2026-08-01,수원시권선구,2026-08-01T10:00,ncep_gefs_seamless,31,0.323,0.677,0,0
2026-08-01,수원시권선구,2026-08-01T10:00,ecmwf_ifs025_ensemble,51,0.039,0.961,0,0
2026-08-01,수원시권선구,2026-08-01T10:00,gem_global_ensemble,21,1,0,0,0
2026-08-01,수원시권선구,2026-08-01T11:00,ensemble,143,0.51,0.49,0,0
2026-08-01,수원시권선구,2026-08-01T11:00,icon_seamless_eps,40,1,0,0,0
2026-08-01,수원시권선구,2026-08-01T11:00,ncep_gefs_seamless,31,0.323,0.677,0,0
2026-08-01,수원시권선구,2026-08-01T11:00,ecmwf_ifs025_ensemble,51,0.039,0.961,0,0
2026-08-01,수원시권선구,2026-08-01T11:00,gem_global_ensemble,21,1,0,0,0
2026-08-01,수원시권선구,2026-08-01T12:00,ensemble,143,0.51,0.49,0,0
2026-08-01,수원시권선구,2026-08-01T12:00,icon_seamless_eps,40,1,0,0,0
2026-08-01,수원시권선구,2026-08-01T12:00,ncep_gefs_seamless,31,0.323,0.677,0,0
2026-08-01,수원시권선구,2026-08-01T12:00,ecmwf_ifs025_ensemble,51,0.039,0.961,0,0
2026-08-01,수원시권선구,2026-08-01T12:00,gem_global_ensemble,21,1,0,0,0
2026-08-01,수원시권선구,2026-08-01T13:00,ensemble,143,0.811,0.189,0,0
2026-08-01,수원시권선구,2026-08-01T13:00,icon_seamless_eps,40,1,0,0,0
2026-08-01,수원시권선구,2026-08-01T13:00,ncep_gefs_seamless,31,1,0,0,0
2026-08-01,수원시권선구,2026-08-01T13:00,ecmwf_ifs025_ensemble,51,0.471,0.529,0,0
2026-08-01,수원시권선구,2026-08-01T13:00,gem_global_ensemble,21,1,0,0,0
2026-08-01,수원시권선구,2026-08-01T14:00,ensemble,143,0.811,0.189,0,0
2026-08-01,수원시권선구,2026-08-01T14:00,icon_seamless_eps,40,1,0,0,0
2026-08-01,수원시권선구,2026-08-01T14:00,ncep_gefs_seamless,31,1,0,0,0
2026-08-01,수원시권선구,2026-08-01T14:00,ecmwf_ifs025_ensemble,51,0.471,0.529,0,0
2026-08-01,수원시권선구,2026-08-01T14:00,gem_global_ensemble,21,1,0,0,0
2026-08-01,수원시권선구,2026-08-01T15:00,ensemble,143,0.811,0.189,0,0
2026-08-01,수원시권선구,2026-08-01T15:00,icon_seamless_eps,40,1,0,0,0
2026-08-01,수원시권선구,2026-08-01T15:00,ncep_gefs_seamless,31,1,0,0,0
2026-08-01,수원시권선구,2026-08-01T15:00,ecmwf_ifs025_ensemble,51,0.471,0.529,0,0
2026-08-01,수원시권선구,2026-08-01T15:00,gem_global_ensemble,21,1,0,0,0
2026-08-01,수원시권선구,2026-08-01T16:00,ensemble,143,1,0,0,0
2026-08-01,수원시권선구,2026-08-01T16:00,icon_seamless_eps,40,1,0,0,0
2026-08-01,수원시권선구,2026-08-01T16:00,ncep_gefs_seamless,31,1,0,0,0
2026-08-01,수원시권선구,2026-08-01T16:00,ecmwf_ifs025_ensemble,51,1,0,0,0
2026-08-01,수원시권선구,2026-08-01T16:00,gem_global_ensemble,21,1,0,0,0
2026-08-01,수원시권선구,2026-08-01T17:00,ensemble,143,1,0,0,0
2026-08-01,수원시권선구,2026-08-01T17:00,icon_seamless_eps,40,1,0,0,0
2026-08-01,수원시권선구,2026-08-01T17:00,ncep_gefs_seamless,31,1,0,0,0
2026-08-01,수원시권선구,2026-08-01T17:00,ecmwf_ifs025_ensemble,51,1,0,0,0
2026-08-01,수원시권선구,2026-08-01T17:00,gem_global_ensemble,21,1,0,0,0
2026-08-01,수원시권선구,2026-08-01T18:00,ensemble,143,1,0,0,0
2026-08-01,수원시권선구,2026-08-01T18:00,icon_seamless_eps,40,1,0,0,0
2026-08-01,수원시권선구,2026-08-01T18:00,ncep_gefs_seamless,31,1,0,0,0
2026-08-01,수원시권선구,2026-08-01T18:00,ecmwf_ifs025_ensemble,51,1,0,0,0
2026-08-01,수원시권선구,2026-08-01T18:00,gem_global_ensemble,21,1,0,0,0
2026-08-01,수원시권선구,2026-08-01T19:00,ensemble,143,1,0,0,0
2026-08-01,수원시권선구,2026-08-01T19:00,icon_seamless_eps,40,1,0,0,0
2026-08-01,수원시권선구,2026-08-01T19:00,ncep_gefs_seamless,31,1,0,0,0
2026-08-01,수원시권선구,2026-08-01T19:00,ecmwf_ifs025_ensemble,51,1,0,0,0
2026-08-01,수원시권선구,2026-08-01T19:00,gem_global_ensemble,21,1,0,0,0
2026-08-01,수원시권선구,2026-08-01T20:00,ensemble,143,1,0,0,0
2026-08-01,수원시권선구,2026-08-01T20:00,icon_seamless_eps,40,1,0,0,0
2026-08-01,수원시권선구,2026-08-01T20:00,ncep_gefs_seamless,31,1,0,0,0
2026-08-01,수원시권선구,2026-08-01T20:00,ecmwf_ifs025_ensemble,51,1,0,0,0
2026-08-01,수원시권선구,2026-08-01T20:00,gem_global_ensemble,21,1,0,0,0
2026-08-01,수원시권선구,2026-08-01T21:00,ensemble,143,1,0,0,0
2026-08-01,수원시권선구,2026-08-01T21:00,icon_seamless_eps,40,1,0,0,0
2026-08-01,수원시권선구,2026-08-01T21:00,ncep_gefs_seamless,31,1,0,0,0
2026-08-01,수원시권선구,2026-08-01T21:00,ecmwf_ifs025_ensemble,51,1,0,0,0
2026-08-01,수원시권선구,2026-08-01T21:00,gem_global_ensemble,21,1,0,0,0
2026-08-01,수원시권선구,2026-08-01T22:00,ensemble,143,1,0,0,0
2026-08-01,수원시권선구,2026-08-01T22:00,icon_seamless_eps,40,1,0,0,0
2026-08-01,수원시권선구,2026-08-01T22:00,ncep_gefs_seamless,31,1,0,0,0
2026-08-01,수원시권선구,2026-08-01T22:00,ecmwf_ifs025_ensemble,51,1,0,0,0
2026-08-01,수원시권선구,2026-08-01T22:00,gem_global_ensemble,21,1,0,0,0
2026-08-01,수원시권선구,2026-08-01T23:00,ensemble,143,1,0,0,0
2026-08-01,수원시권선구,2026-08-01T23:00,icon_seamless_eps,40,1,0,0,0
2026-08-01,수원시권선구,2026-08-01T23:00,ncep_gefs_seamless,31,1,0,0,0
2026-08-01,수원시권선구,2026-08-01T23:00,ecmwf_ifs025_ensemble,51,1,0,0,0
2026-08-01,수원시권선구,2026-08-01T23:00,gem_global_ensemble,21,1,0,0,0
2026-08-01,수원시권선구,2026-08-02T00:00,ensemble,143,1,0,0,0
2026-08-01,수원시권선구,2026-08-02T00:00,icon_seamless_eps,40,1,0,0,0
2026-08-01,수원시권선구,2026-08-02T00:00,ncep_gefs_seamless,31,1,0,0,0
2026-08-01,수원시권선구,2026-08-02T00:00,ecmwf_ifs025_ensemble,51,1,0,0,0
2026-08-01,수원시권선구,2026-08-02T00:00,gem_global_ensemble,21,1,0,0,0
2026-08-01,수원시권선구,2026-08-02T01:00,ensemble,143,1,0,0,0
2026-08-01,수원시권선구,2026-08-02T01:00,icon_seamless_eps,40,1,0,0,0
2026-08-01,수원시권선구,2026-08-02T01:00,ncep_gefs_seamless,31,1,0,0,0
2026-08-01,수원시권선구,2026-08-02T01:00,ecmwf_ifs025_ensemble,51,1,0,0,0
2026-08-01,수원시권선구,2026-08-02T01:00,gem_global_ensemble,21,1,0,0,0
2026-08-01,수원시권선구,2026-08-02T02:00,ensemble,143,1,0,0,0
2026-08-01,수원시권선구,2026-08-02T02:00,icon_seamless_eps,40,1,0,0,0
2026-08-01,수원시권선구,2026-08-02T02:00,ncep_gefs_seamless,31,1,0,0,0
2026-08-01,수원시권선구,2026-08-02T02:00,ecmwf_ifs025_ensemble,51,1,0,0,0
2026-08-01,수원시권선구,2026-08-02T02:00,gem_global_ensemble,21,1,0,0,0
2026-08-01,수원시권선구,2026-08-02T03:00,ensemble,143,1,0,0,0
2026-08-01,수원시권선구,2026-08-02T03:00,icon_seamless_eps,40,1,0,0,0
2026-08-01,수원시권선구,2026-08-02T03:00,ncep_gefs_seamless,31,1,0,0,0
2026-08-01,수원시권선구,2026-08-02T03:00,ecmwf_ifs025_ensemble,51,1,0,0,0
2026-08-01,수원시권선구,2026-08-02T03:00,gem_global_ensemble,21,1,0,0,0
2026-08-01,수원시권선구,2026-08-02T04:00,ensemble,143,1,0,0,0
2026-08-01,수원시권선구,2026-08-02T04:00,icon_seamless_eps,40,1,0,0,0
2026-08-01,수원시권선구,2026-08-02T04:00,ncep_gefs_seamless,31,1,0,0,0
2026-08-01,수원시권선구,2026-08-02T04:00,ecmwf_ifs025_ensemble,51,1,0,0,0
2026-08-01,수원시권선구,2026-08-02T04:00,gem_global_ensemble,21,1,0,0,0
2026-08-01,수원시권선구,2026-08-02T05:00,ensemble,143,1,0,0,0
2026-08-01,수원시권선구,2026-08-02T05:00,icon_seamless_eps,40,1,0,0,0
2026-08-01,수원시권선구,2026-08-02T05:00,ncep_gefs_seamless,31,1,0,0,0
2026-08-01,수원시권선구,2026-08-02T05:00,ecmwf_ifs025_ensemble,51,1,0,0,0
2026-08-01,수원시권선구,2026-08-02T05:00,gem_global_ensemble,21,1,0,0,0
2026-08-01,수원시권선구,2026-08-02T06:00,ensemble,143,1,0,0,0
2026-08-01,수원시권선구,2026-08-02T06:00,icon_seamless_eps,40,1,0,0,0
2026-08-01,수원시권선구,2026-08-02T06:00,ncep_gefs_seamless,31,1,0,0,0
2026-08-01,수원시권선구,2026-08-02T06:00,ecmwf_ifs025_ensemble,51,1,0,0,0
2026-08-01,수원시권선구,2026-08-02T06:00,gem_global_ensemble,21,1,0,0,0
2026-08-01,수원시권선구,2026-08-02T07:00,ensemble,143,0.951,0.049,0,0
2026-08-01,수원시권선구,2026-08-02T07:00,icon_seamless_eps,40,1,0,0,0
2026-08-01,수원시권선구,2026-08-02T07:00,ncep_gefs_seamless,31,1,0,0,0
2026-08-01,수원시권선구,2026-08-02T07:00,ecmwf_ifs025_ensemble,51,0.863,0.137,0,0
2026-08-01,수원시권선구,2026-08-02T07:00,gem_global_ensemble,21,1,0,0,0
2026-08-01,수원시권선구,2026-08-02T08:00,ensemble,143,0.951,0.049,0,0
2026-08-01,수원시권선구,2026-08-02T08:00,icon_seamless_eps,40,1,0,0,0
2026-08-01,수원시권선구,2026-08-02T08:00,ncep_gefs_seamless,31,1,0,0,0
2026-08-01,수원시권선구,2026-08-02T08:00,ecmwf_ifs025_ensemble,51,0.863,0.137,0,0
2026-08-01,수원시권선구,2026-08-02T08:00,gem_global_ensemble,21,1,0,0,0
2026-08-01,수원시권선구,2026-08-02T09:00,ensemble,143,0.951,0.049,0,0
2026-08-01,수원시권선구,2026-08-02T09:00,icon_seamless_eps,40,1,0,0,0
2026-08-01,수원시권선구,2026-08-02T09:00,ncep_gefs_seamless,31,1,0,0,0
2026-08-01,수원시권선구,2026-08-02T09:00,ecmwf_ifs025_ensemble,51,0.863,0.137,0,0
2026-08-01,수원시권선구,2026-08-02T09:00,gem_global_ensemble,21,1,0,0,0
2026-08-01,수원시권선구,2026-08-02T10:00,ensemble,143,0.993,0.007,0,0
2026-08-01,수원시권선구,2026-08-02T10:00,icon_seamless_eps,40,1,0,0,0
2026-08-01,수원시권선구,2026-08-02T10:00,ncep_gefs_seamless,31,1,0,0,0
2026-08-01,수원시권선구,2026-08-02T10:00,ecmwf_ifs025_ensemble,51,0.98,0.02,0,0
2026-08-01,수원시권선구,2026-08-02T10:00,gem_global_ensemble,21,1,0,0,0
2026-08-01,수원시권선구,2026-08-02T11:00,ensemble,143,0.993,0.007,0,0
2026-08-01,수원시권선구,2026-08-02T11:00,icon_seamless_eps,40,1,0,0,0
2026-08-01,수원시권선구,2026-08-02T11:00,ncep_gefs_seamless,31,1,0,0,0
2026-08-01,수원시권선구,2026-08-02T11:00,ecmwf_ifs025_ensemble,51,0.98,0.02,0,0
2026-08-01,수원시권선구,2026-08-02T11:00,gem_global_ensemble,21,1,0,0,0
2026-08-01,수원시권선구,2026-08-02T12:00,ensemble,143,0.993,0.007,0,0
2026-08-01,수원시권선구,2026-08-02T12:00,icon_seamless_eps,40,1,0,0,0
2026-08-01,수원시권선구,2026-08-02T12:00,ncep_gefs_seamless,31,1,0,0,0
2026-08-01,수원시권선구,2026-08-02T12:00,ecmwf_ifs025_ensemble,51,0.98,0.02,0,0
2026-08-01,수원시권선구,2026-08-02T12:00,gem_global_ensemble,21,1,0,0,0
2026-08-01,수원시권선구,2026-08-02T13:00,ensemble,143,1,0,0,0
2026-08-01,수원시권선구,2026-08-02T13:00,icon_seamless_eps,40,1,0,0,0
2026-08-01,수원시권선구,2026-08-02T13:00,ncep_gefs_seamless,31,1,0,0,0
2026-08-01,수원시권선구,2026-08-02T13:00,ecmwf_ifs025_ensemble,51,1,0,0,0
2026-08-01,수원시권선구,2026-08-02T13:00,gem_global_ensemble,21,1,0,0,0
2026-08-01,수원시권선구,2026-08-02T14:00,ensemble,143,1,0,0,0
2026-08-01,수원시권선구,2026-08-02T14:00,icon_seamless_eps,40,1,0,0,0
2026-08-01,수원시권선구,2026-08-02T14:00,ncep_gefs_seamless,31,1,0,0,0
2026-08-01,수원시권선구,2026-08-02T14:00,ecmwf_ifs025_ensemble,51,1,0,0,0
2026-08-01,수원시권선구,2026-08-02T14:00,gem_global_ensemble,21,1,0,0,0
2026-08-01,수원시권선구,2026-08-02T15:00,ensemble,143,1,0,0,0
2026-08-01,수원시권선구,2026-08-02T15:00,icon_seamless_eps,40,1,0,0,0
2026-08-01,수원시권선구,2026-08-02T15:00,ncep_gefs_seamless,31,1,0,0,0
2026-08-01,수원시권선구,2026-08-02T15:00,ecmwf_ifs025_ensemble,51,1,0,0,0
2026-08-01,수원시권선구,2026-08-02T15:00,gem_global_ensemble,21,1,0,0,0
2026-08-01,수원시권선구,2026-08-02T16:00,ensemble,143,1,0,0,0
2026-08-01,수원시권선구,2026-08-02T16:00,icon_seamless_eps,40,1,0,0,0
2026-08-01,수원시권선구,2026-08-02T16:00,ncep_gefs_seamless,31,1,0,0,0
2026-08-01,수원시권선구,2026-08-02T16:00,ecmwf_ifs025_ensemble,51,1,0,0,0
2026-08-01,수원시권선구,2026-08-02T16:00,gem_global_ensemble,21,1,0,0,0
2026-08-01,수원시권선구,2026-08-02T17:00,ensemble,143,1,0,0,0
2026-08-01,수원시권선구,2026-08-02T17:00,icon_seamless_eps,40,1,0,0,0
2026-08-01,수원시권선구,2026-08-02T17:00,ncep_gefs_seamless,31,1,0,0,0
2026-08-01,수원시권선구,2026-08-02T17:00,ecmwf_ifs025_ensemble,51,1,0,0,0
2026-08-01,수원시권선구,2026-08-02T17:00,gem_global_ensemble,21,1,0,0,0
2026-08-01,수원시권선구,2026-08-02T18:00,ensemble,143,1,0,0,0
2026-08-01,수원시권선구,2026-08-02T18:00,icon_seamless_eps,40,1,0,0,0
2026-08-01,수원시권선구,2026-08-02T18:00,ncep_gefs_seamless,31,1,0,0,0
2026-08-01,수원시권선구,2026-08-02T18:00,ecmwf_ifs025_ensemble,51,1,0,0,0
2026-08-01,수원시권선구,2026-08-02T18:00,gem_global_ensemble,21,1,0,0,0
2026-08-01,수원시권선구,2026-08-02T19:00,ensemble,143,1,0,0,0
2026-08-01,수원시권선구,2026-08-02T19:00,icon_seamless_eps,40,1,0,0,0
2026-08-01,수원시권선구,2026-08-02T19:00,ncep_gefs_seamless,31,1,0,0,0
2026-08-01,수원시권선구,2026-08-02T19:00,ecmwf_ifs025_ensemble,51,1,0,0,0
2026-08-01,수원시권선구,2026-08-02T19:00,gem_global_ensemble,21,1,0,0,0
2026-08-01,수원시권선구,2026-08-02T20:00,ensemble,143,1,0,0,0
2026-08-01,수원시권선구,2026-08-02T20:00,icon_seamless_eps,40,1,0,0,0
2026-08-01,수원시권선구,2026-08-02T20:00,ncep_gefs_seamless,31,1,0,0,0
2026-08-01,수원시권선구,2026-08-02T20:00,ecmwf_ifs025_ensemble,51,1,0,0,0
2026-08-01,수원시권선구,2026-08-02T20:00,gem_global_ensemble,21,1,0,0,0
2026-08-01,수원시권선구,2026-08-02T21:00,ensemble,143,1,0,0,0
2026-08-01,수원시권선구,2026-08-02T21:00,icon_seamless_eps,40,1,0,0,0
2026-08-01,수원시권선구,2026-08-02T21:00,ncep_gefs_seamless,31,1,0,0,0
2026-08-01,수원시권선구,2026-08-02T21:00,ecmwf_ifs025_ensemble,51,1,0,0,0
2026-08-01,수원시권선구,2026-08-02T21:00,gem_global_ensemble,21,1,0,0,0
2026-08-01,수원시권선구,2026-08-02T22:00,ensemble,143,1,0,0,0
2026-08-01,수원시권선구,2026-08-02T22:00,icon_seamless_eps,40,1,0,0,0
2026-08-01,수원시권선구,2026-08-02T22:00,ncep_gefs_seamless,31,1,0,0,0
2026-08-01,수원시권선구,2026-08-02T22:00,ecmwf_ifs025_ensemble,51,1,0,0,0
2026-08-01,수원시권선구,2026-08-02T22:00,gem_global_ensemble,21,1,0,0,0
2026-08-01,수원시권선구,2026-08-02T23:00,ensemble,143,1,0,0,0
2026-08-01,수원시권선구,2026-08-02T23:00,icon_seamless_eps,40,1,0,0,0
2026-08-01,수원시권선구,2026-08-02T23:00,ncep_gefs_seamless,31,1,0,0,0
2026-08-01,수원시권선구,2026-08-02T23:00,ecmwf_ifs025_ensemble,51,1,0,0,0
2026-08-01,수원시권선구,2026-08-02T23:00,gem_global_ensemble,21,1,0,0,0
2026-08-01,성남시수정구,2026-08-01T00:00,ensemble,143,0.916,0.084,0,0
2026-08-01,성남시수정구,2026-08-01T00:00,icon_seamless_eps,40,0.975,0.025,0,0
2026-08-01,성남시수정구,2026-08-01T00:00,ncep_gefs_seamless,31,0.968,0.032,0,0
2026-08-01,성남시수정구,2026-08-01T00:00,ecmwf_ifs025_ensemble,51,0.804,0.196,0,0
2026-08-01,성남시수정구,2026-08-01T00:00,gem_global_ensemble,21,1,0,0,0
2026-08-01,성남시수정구,2026-08-01T01:00,ensemble,143,0.944,0.056,0,0
2026-08-01,성남시수정구,2026-08-01T01:00,icon_seamless_eps,40,0.95,0.05,0,0
2026-08-01,성남시수정구,2026-08-01T01:00,ncep_gefs_seamless,31,0.935,0.065,0,0
2026-08-01,성남시수정구,2026-08-01T01:00,ecmwf_ifs025_ensemble,51,0.922,0.078,0,0
2026-08-01,성남시수정구,2026-08-01T01:00,gem_global_ensemble,21,1,0,0,0
2026-08-01,성남시수정구,2026-08-01T02:00,ensemble,143,0.944,0.056,0,0
2026-08-01,성남시수정구,2026-08-01T02:00,icon_seamless_eps,40,0.95,0.05,0,0
2026-08-01,성남시수정구,2026-08-01T02:00,ncep_gefs_seamless,31,0.935,0.065,0,0
2026-08-01,성남시수정구,2026-08-01T02:00,ecmwf_ifs025_ensemble,51,0.922,0.078,0,0
2026-08-01,성남시수정구,2026-08-01T02:00,gem_global_ensemble,21,1,0,0,0
2026-08-01,성남시수정구,2026-08-01T03:00,ensemble,143,0.951,0.049,0,0
2026-08-01,성남시수정구,2026-08-01T03:00,icon_seamless_eps,40,0.975,0.025,0,0
2026-08-01,성남시수정구,2026-08-01T03:00,ncep_gefs_seamless,31,0.935,0.065,0,0
2026-08-01,성남시수정구,2026-08-01T03:00,ecmwf_ifs025_ensemble,51,0.922,0.078,0,0
2026-08-01,성남시수정구,2026-08-01T03:00,gem_global_ensemble,21,1,0,0,0
2026-08-01,성남시수정구,2026-08-01T04:00,ensemble,143,0.937,0.063,0,0
2026-08-01,성남시수정구,2026-08-01T04:00,icon_seamless_eps,40,0.975,0.025,0,0
2026-08-01,성남시수정구,2026-08-01T04:00,ncep_gefs_seamless,31,0.968,0.032,0,0
2026-08-01,성남시수정구,2026-08-01T04:00,ecmwf_ifs025_ensemble,51,0.863,0.137,0,0
2026-08-01,성남시수정구,2026-08-01T04:00,gem_global_ensemble,21,1,0,0,0
2026-08-01,성남시수정구,2026-08-01T05:00,ensemble,143,0.944,0.056,0,0
2026-08-01,성남시수정구,2026-08-01T05:00,icon_seamless_eps,40,1,0,0,0
2026-08-01,성남시수정구,2026-08-01T05:00,ncep_gefs_seamless,31,0.968,0.032,0,0
2026-08-01,성남시수정구,2026-08-01T05:00,ecmwf_ifs025_ensemble,51,0.863,0.137,0,0
2026-08-01,성남시수정구,2026-08-01T05:00,gem_global_ensemble,21,1,0,0,0
2026-08-01,성남시수정구,2026-08-01T06:00,ensemble,143,0.944,0.056,0,0
2026-08-01,성남시수정구,2026-08-01T06:00,icon_seamless_eps,40,1,0,0,0
2026-08-01,성남시수정구,2026-08-01T06:00,ncep_gefs_seamless,31,0.968,0.032,0,0
2026-08-01,성남시수정구,2026-08-01T06:00,ecmwf_ifs025_ensemble,51,0.863,0.137,0,0
2026-08-01,성남시수정구,2026-08-01T06:00,gem_global_ensemble,21,1,0,0,0
2026-08-01,성남시수정구,2026-08-01T07:00,ensemble,143,0.531,0.469,0,0
2026-08-01,성남시수정구,2026-08-01T07:00,icon_seamless_eps,40,1,0,0,0
2026-08-01,성남시수정구,2026-08-01T07:00,ncep_gefs_seamless,31,0.355,0.645,0,0
2026-08-01,성남시수정구,2026-08-01T07:00,ecmwf_ifs025_ensemble,51,0.098,0.902,0,0
2026-08-01,성남시수정구,2026-08-01T07:00,gem_global_ensemble,21,0.952,0.048,0,0
2026-08-01,성남시수정구,2026-08-01T08:00,ensemble,143,0.531,0.469,0,0
2026-08-01,성남시수정구,2026-08-01T08:00,icon_seamless_eps,40,1,0,0,0
2026-08-01,성남시수정구,2026-08-01T08:00,ncep_gefs_seamless,31,0.355,0.645,0,0
2026-08-01,성남시수정구,2026-08-01T08:00,ecmwf_ifs025_ensemble,51,0.098,0.902,0,0
2026-08-01,성남시수정구,2026-08-01T08:00,gem_global_ensemble,21,0.952,0.048,0,0
2026-08-01,성남시수정구,2026-08-01T09:00,ensemble,143,0.531,0.469,0,0
2026-08-01,성남시수정구,2026-08-01T09:00,icon_seamless_eps,40,1,0,0,0
2026-08-01,성남시수정구,2026-08-01T09:00,ncep_gefs_seamless,31,0.355,0.645,0,0
2026-08-01,성남시수정구,2026-08-01T09:00,ecmwf_ifs025_ensemble,51,0.098,0.902,0,0
2026-08-01,성남시수정구,2026-08-01T09:00,gem_global_ensemble,21,0.952,0.048,0,0
2026-08-01,성남시수정구,2026-08-01T10:00,ensemble,143,0.469,0.531,0,0
2026-08-01,성남시수정구,2026-08-01T10:00,icon_seamless_eps,40,1,0,0,0
2026-08-01,성남시수정구,2026-08-01T10:00,ncep_gefs_seamless,31,0.161,0.839,0,0
2026-08-01,성남시수정구,2026-08-01T10:00,ecmwf_ifs025_ensemble,51,0.02,0.98,0,0
2026-08-01,성남시수정구,2026-08-01T10:00,gem_global_ensemble,21,1,0,0,0
2026-08-01,성남시수정구,2026-08-01T11:00,ensemble,143,0.469,0.531,0,0
2026-08-01,성남시수정구,2026-08-01T11:00,icon_seamless_eps,40,1,0,0,0
2026-08-01,성남시수정구,2026-08-01T11:00,ncep_gefs_seamless,31,0.161,0.839,0,0
2026-08-01,성남시수정구,2026-08-01T11:00,ecmwf_ifs025_ensemble,51,0.02,0.98,0,0
2026-08-01,성남시수정구,2026-08-01T11:00,gem_global_ensemble,21,1,0,0,0
2026-08-01,성남시수정구,2026-08-01T12:00,ensemble,143,0.469,0.531,0,0
2026-08-01,성남시수정구,2026-08-01T12:00,icon_seamless_eps,40,1,0,0,0
2026-08-01,성남시수정구,2026-08-01T12:00,ncep_gefs_seamless,31,0.161,0.839,0,0
2026-08-01,성남시수정구,2026-08-01T12:00,ecmwf_ifs025_ensemble,51,0.02,0.98,0,0
2026-08-01,성남시수정구,2026-08-01T12:00,gem_global_ensemble,21,1,0,0,0
2026-08-01,성남시수정구,2026-08-01T13:00,ensemble,143,0.713,0.287,0,0
2026-08-01,성남시수정구,2026-08-01T13:00,icon_seamless_eps,40,1,0,0,0
2026-08-01,성남시수정구,2026-08-01T13:00,ncep_gefs_seamless,31,0.871,0.129,0,0
2026-08-01,성남시수정구,2026-08-01T13:00,ecmwf_ifs025_ensemble,51,0.275,0.725,0,0
2026-08-01,성남시수정구,2026-08-01T13:00,gem_global_ensemble,21,1,0,0,0
2026-08-01,성남시수정구,2026-08-01T14:00,ensemble,143,0.713,0.287,0,0
2026-08-01,성남시수정구,2026-08-01T14:00,icon_seamless_eps,40,1,0,0,0
2026-08-01,성남시수정구,2026-08-01T14:00,ncep_gefs_seamless,31,0.871,0.129,0,0
2026-08-01,성남시수정구,2026-08-01T14:00,ecmwf_ifs025_ensemble,51,0.275,0.725,0,0
2026-08-01,성남시수정구,2026-08-01T14:00,gem_global_ensemble,21,1,0,0,0
2026-08-01,성남시수정구,2026-08-01T15:00,ensemble,143,0.713,0.287,0,0
2026-08-01,성남시수정구,2026-08-01T15:00,icon_seamless_eps,40,1,0,0,0
2026-08-01,성남시수정구,2026-08-01T15:00,ncep_gefs_seamless,31,0.871,0.129,0,0
2026-08-01,성남시수정구,2026-08-01T15:00,ecmwf_ifs025_ensemble,51,0.275,0.725,0,0
2026-08-01,성남시수정구,2026-08-01T15:00,gem_global_ensemble,21,1,0,0,0
2026-08-01,성남시수정구,2026-08-01T16:00,ensemble,143,0.979,0.021,0,0
2026-08-01,성남시수정구,2026-08-01T16:00,icon_seamless_eps,40,1,0,0,0
2026-08-01,성남시수정구,2026-08-01T16:00,ncep_gefs_seamless,31,1,0,0,0
2026-08-01,성남시수정구,2026-08-01T16:00,ecmwf_ifs025_ensemble,51,0.941,0.059,0,0
2026-08-01,성남시수정구,2026-08-01T16:00,gem_global_ensemble,21,1,0,0,0
2026-08-01,성남시수정구,2026-08-01T17:00,ensemble,143,0.979,0.021,0,0
2026-08-01,성남시수정구,2026-08-01T17:00,icon_seamless_eps,40,1,0,0,0
2026-08-01,성남시수정구,2026-08-01T17:00,ncep_gefs_seamless,31,1,0,0,0
2026-08-01,성남시수정구,2026-08-01T17:00,ecmwf_ifs025_ensemble,51,0.941,0.059,0,0
2026-08-01,성남시수정구,2026-08-01T17:00,gem_global_ensemble,21,1,0,0,0
2026-08-01,성남시수정구,2026-08-01T18:00,ensemble,143,0.979,0.021,0,0
2026-08-01,성남시수정구,2026-08-01T18:00,icon_seamless_eps,40,1,0,0,0
2026-08-01,성남시수정구,2026-08-01T18:00,ncep_gefs_seamless,31,1,0,0,0
2026-08-01,성남시수정구,2026-08-01T18:00,ecmwf_ifs025_ensemble,51,0.941,0.059,0,0
2026-08-01,성남시수정구,2026-08-01T18:00,gem_global_ensemble,21,1,0,0,0
2026-08-01,성남시수정구,2026-08-01T19:00,ensemble,143,1,0,0,0
2026-08-01,성남시수정구,2026-08-01T19:00,icon_seamless_eps,40,1,0,0,0
2026-08-01,성남시수정구,2026-08-01T19:00,ncep_gefs_seamless,31,1,0,0,0
2026-08-01,성남시수정구,2026-08-01T19:00,ecmwf_ifs025_ensemble,51,1,0,0,0
2026-08-01,성남시수정구,2026-08-01T19:00,gem_global_ensemble,21,1,0,0,0
2026-08-01,성남시수정구,2026-08-01T20:00,ensemble,143,1,0,0,0
2026-08-01,성남시수정구,2026-08-01T20:00,icon_seamless_eps,40,1,0,0,0
2026-08-01,성남시수정구,2026-08-01T20:00,ncep_gefs_seamless,31,1,0,0,0
2026-08-01,성남시수정구,2026-08-01T20:00,ecmwf_ifs025_ensemble,51,1,0,0,0
2026-08-01,성남시수정구,2026-08-01T20:00,gem_global_ensemble,21,1,0,0,0
2026-08-01,성남시수정구,2026-08-01T21:00,ensemble,143,1,0,0,0
2026-08-01,성남시수정구,2026-08-01T21:00,icon_seamless_eps,40,1,0,0,0
2026-08-01,성남시수정구,2026-08-01T21:00,ncep_gefs_seamless,31,1,0,0,0
2026-08-01,성남시수정구,2026-08-01T21:00,ecmwf_ifs025_ensemble,51,1,0,0,0
2026-08-01,성남시수정구,2026-08-01T21:00,gem_global_ensemble,21,1,0,0,0
2026-08-01,성남시수정구,2026-08-01T22:00,ensemble,143,1,0,0,0
2026-08-01,성남시수정구,2026-08-01T22:00,icon_seamless_eps,40,1,0,0,0
2026-08-01,성남시수정구,2026-08-01T22:00,ncep_gefs_seamless,31,1,0,0,0
2026-08-01,성남시수정구,2026-08-01T22:00,ecmwf_ifs025_ensemble,51,1,0,0,0
2026-08-01,성남시수정구,2026-08-01T22:00,gem_global_ensemble,21,1,0,0,0
2026-08-01,성남시수정구,2026-08-01T23:00,ensemble,143,1,0,0,0
2026-08-01,성남시수정구,2026-08-01T23:00,icon_seamless_eps,40,1,0,0,0
2026-08-01,성남시수정구,2026-08-01T23:00,ncep_gefs_seamless,31,1,0,0,0
2026-08-01,성남시수정구,2026-08-01T23:00,ecmwf_ifs025_ensemble,51,1,0,0,0
2026-08-01,성남시수정구,2026-08-01T23:00,gem_global_ensemble,21,1,0,0,0
2026-08-01,성남시수정구,2026-08-02T00:00,ensemble,143,1,0,0,0
2026-08-01,성남시수정구,2026-08-02T00:00,icon_seamless_eps,40,1,0,0,0
2026-08-01,성남시수정구,2026-08-02T00:00,ncep_gefs_seamless,31,1,0,0,0
2026-08-01,성남시수정구,2026-08-02T00:00,ecmwf_ifs025_ensemble,51,1,0,0,0
2026-08-01,성남시수정구,2026-08-02T00:00,gem_global_ensemble,21,1,0,0,0
2026-08-01,성남시수정구,2026-08-02T01:00,ensemble,143,1,0,0,0
2026-08-01,성남시수정구,2026-08-02T01:00,icon_seamless_eps,40,1,0,0,0
2026-08-01,성남시수정구,2026-08-02T01:00,ncep_gefs_seamless,31,1,0,0,0
2026-08-01,성남시수정구,2026-08-02T01:00,ecmwf_ifs025_ensemble,51,1,0,0,0
2026-08-01,성남시수정구,2026-08-02T01:00,gem_global_ensemble,21,1,0,0,0
2026-08-01,성남시수정구,2026-08-02T02:00,ensemble,143,1,0,0,0
2026-08-01,성남시수정구,2026-08-02T02:00,icon_seamless_eps,40,1,0,0,0
2026-08-01,성남시수정구,2026-08-02T02:00,ncep_gefs_seamless,31,1,0,0,0
2026-08-01,성남시수정구,2026-08-02T02:00,ecmwf_ifs025_ensemble,51,1,0,0,0
2026-08-01,성남시수정구,2026-08-02T02:00,gem_global_ensemble,21,1,0,0,0
2026-08-01,성남시수정구,2026-08-02T03:00,ensemble,143,1,0,0,0
2026-08-01,성남시수정구,2026-08-02T03:00,icon_seamless_eps,40,1,0,0,0
2026-08-01,성남시수정구,2026-08-02T03:00,ncep_gefs_seamless,31,1,0,0,0
2026-08-01,성남시수정구,2026-08-02T03:00,ecmwf_ifs025_ensemble,51,1,0,0,0
2026-08-01,성남시수정구,2026-08-02T03:00,gem_global_ensemble,21,1,0,0,0
2026-08-01,성남시수정구,2026-08-02T04:00,ensemble,143,0.993,0.007,0,0
2026-08-01,성남시수정구,2026-08-02T04:00,icon_seamless_eps,40,1,0,0,0
2026-08-01,성남시수정구,2026-08-02T04:00,ncep_gefs_seamless,31,1,0,0,0
2026-08-01,성남시수정구,2026-08-02T04:00,ecmwf_ifs025_ensemble,51,0.98,0.02,0,0
2026-08-01,성남시수정구,2026-08-02T04:00,gem_global_ensemble,21,1,0,0,0
2026-08-01,성남시수정구,2026-08-02T05:00,ensemble,143,0.993,0.007,0,0
2026-08-01,성남시수정구,2026-08-02T05:00,icon_seamless_eps,40,1,0,0,0
2026-08-01,성남시수정구,2026-08-02T05:00,ncep_gefs_seamless,31,1,0,0,0
2026-08-01,성남시수정구,2026-08-02T05:00,ecmwf_ifs025_ensemble,51,0.98,0.02,0,0
2026-08-01,성남시수정구,2026-08-02T05:00,gem_global_ensemble,21,1,0,0,0
2026-08-01,성남시수정구,2026-08-02T06:00,ensemble,143,0.993,0.007,0,0
2026-08-01,성남시수정구,2026-08-02T06:00,icon_seamless_eps,40,1,0,0,0
2026-08-01,성남시수정구,2026-08-02T06:00,ncep_gefs_seamless,31,1,0,0,0
2026-08-01,성남시수정구,2026-08-02T06:00,ecmwf_ifs025_ensemble,51,0.98,0.02,0,0
2026-08-01,성남시수정구,2026-08-02T06:00,gem_global_ensemble,21,1,0,0,0
2026-08-01,성남시수정구,2026-08-02T07:00,ensemble,143,0.972,0.028,0,0
2026-08-01,성남시수정구,2026-08-02T07:00,icon_seamless_eps,40,1,0,0,0
2026-08-01,성남시수정구,2026-08-02T07:00,ncep_gefs_seamless,31,1,0,0,0
2026-08-01,성남시수정구,2026-08-02T07:00,ecmwf_ifs025_ensemble,51,0.922,0.078,0,0
2026-08-01,성남시수정구,2026-08-02T07:00,gem_global_ensemble,21,1,0,0,0
2026-08-01,성남시수정구,2026-08-02T08:00,ensemble,143,0.972,0.028,0,0
2026-08-01,성남시수정구,2026-08-02T08:00,icon_seamless_eps,40,1,0,0,0
2026-08-01,성남시수정구,2026-08-02T08:00,ncep_gefs_seamless,31,1,0,0,0
2026-08-01,성남시수정구,2026-08-02T08:00,ecmwf_ifs025_ensemble,51,0.922,0.078,0,0
2026-08-01,성남시수정구,2026-08-02T08:00,gem_global_ensemble,21,1,0,0,0
2026-08-01,성남시수정구,2026-08-02T09:00,ensemble,143,0.972,0.028,0,0
2026-08-01,성남시수정구,2026-08-02T09:00,icon_seamless_eps,40,1,0,0,0
2026-08-01,성남시수정구,2026-08-02T09:00,ncep_gefs_seamless,31,1,0,0,0
2026-08-01,성남시수정구,2026-08-02T09:00,ecmwf_ifs025_ensemble,51,0.922,0.078,0,0
2026-08-01,성남시수정구,2026-08-02T09:00,gem_global_ensemble,21,1,0,0,0
2026-08-01,성남시수정구,2026-08-02T10:00,ensemble,143,1,0,0,0
2026-08-01,성남시수정구,2026-08-02T10:00,icon_seamless_eps,40,1,0,0,0
2026-08-01,성남시수정구,2026-08-02T10:00,ncep_gefs_seamless,31,1,0,0,0
2026-08-01,성남시수정구,2026-08-02T10:00,ecmwf_ifs025_ensemble,51,1,0,0,0
2026-08-01,성남시수정구,2026-08-02T10:00,gem_global_ensemble,21,1,0,0,0
2026-08-01,성남시수정구,2026-08-02T11:00,ensemble,143,1,0,0,0
2026-08-01,성남시수정구,2026-08-02T11:00,icon_seamless_eps,40,1,0,0,0
2026-08-01,성남시수정구,2026-08-02T11:00,ncep_gefs_seamless,31,1,0,0,0
2026-08-01,성남시수정구,2026-08-02T11:00,ecmwf_ifs025_ensemble,51,1,0,0,0
2026-08-01,성남시수정구,2026-08-02T11:00,gem_global_ensemble,21,1,0,0,0
2026-08-01,성남시수정구,2026-08-02T12:00,ensemble,143,1,0,0,0
2026-08-01,성남시수정구,2026-08-02T12:00,icon_seamless_eps,40,1,0,0,0
2026-08-01,성남시수정구,2026-08-02T12:00,ncep_gefs_seamless,31,1,0,0,0
2026-08-01,성남시수정구,2026-08-02T12:00,ecmwf_ifs025_ensemble,51,1,0,0,0
2026-08-01,성남시수정구,2026-08-02T12:00,gem_global_ensemble,21,1,0,0,0
2026-08-01,성남시수정구,2026-08-02T13:00,ensemble,143,1,0,0,0
2026-08-01,성남시수정구,2026-08-02T13:00,icon_seamless_eps,40,1,0,0,0
2026-08-01,성남시수정구,2026-08-02T13:00,ncep_gefs_seamless,31,1,0,0,0
2026-08-01,성남시수정구,2026-08-02T13:00,ecmwf_ifs025_ensemble,51,1,0,0,0
2026-08-01,성남시수정구,2026-08-02T13:00,gem_global_ensemble,21,1,0,0,0
2026-08-01,성남시수정구,2026-08-02T14:00,ensemble,143,1,0,0,0
2026-08-01,성남시수정구,2026-08-02T14:00,icon_seamless_eps,40,1,0,0,0
2026-08-01,성남시수정구,2026-08-02T14:00,ncep_gefs_seamless,31,1,0,0,0
2026-08-01,성남시수정구,2026-08-02T14:00,ecmwf_ifs025_ensemble,51,1,0,0,0
2026-08-01,성남시수정구,2026-08-02T14:00,gem_global_ensemble,21,1,0,0,0
2026-08-01,성남시수정구,2026-08-02T15:00,ensemble,143,1,0,0,0
2026-08-01,성남시수정구,2026-08-02T15:00,icon_seamless_eps,40,1,0,0,0
2026-08-01,성남시수정구,2026-08-02T15:00,ncep_gefs_seamless,31,1,0,0,0
2026-08-01,성남시수정구,2026-08-02T15:00,ecmwf_ifs025_ensemble,51,1,0,0,0
2026-08-01,성남시수정구,2026-08-02T15:00,gem_global_ensemble,21,1,0,0,0
2026-08-01,성남시수정구,2026-08-02T16:00,ensemble,143,1,0,0,0
2026-08-01,성남시수정구,2026-08-02T16:00,icon_seamless_eps,40,1,0,0,0
2026-08-01,성남시수정구,2026-08-02T16:00,ncep_gefs_seamless,31,1,0,0,0
2026-08-01,성남시수정구,2026-08-02T16:00,ecmwf_ifs025_ensemble,51,1,0,0,0
2026-08-01,성남시수정구,2026-08-02T16:00,gem_global_ensemble,21,1,0,0,0
2026-08-01,성남시수정구,2026-08-02T17:00,ensemble,143,1,0,0,0
2026-08-01,성남시수정구,2026-08-02T17:00,icon_seamless_eps,40,1,0,0,0
2026-08-01,성남시수정구,2026-08-02T17:00,ncep_gefs_seamless,31,1,0,0,0
2026-08-01,성남시수정구,2026-08-02T17:00,ecmwf_ifs025_ensemble,51,1,0,0,0
2026-08-01,성남시수정구,2026-08-02T17:00,gem_global_ensemble,21,1,0,0,0
2026-08-01,성남시수정구,2026-08-02T18:00,ensemble,143,1,0,0,0
2026-08-01,성남시수정구,2026-08-02T18:00,icon_seamless_eps,40,1,0,0,0
2026-08-01,성남시수정구,2026-08-02T18:00,ncep_gefs_seamless,31,1,0,0,0
2026-08-01,성남시수정구,2026-08-02T18:00,ecmwf_ifs025_ensemble,51,1,0,0,0
2026-08-01,성남시수정구,2026-08-02T18:00,gem_global_ensemble,21,1,0,0,0
2026-08-01,성남시수정구,2026-08-02T19:00,ensemble,143,1,0,0,0
2026-08-01,성남시수정구,2026-08-02T19:00,icon_seamless_eps,40,1,0,0,0
2026-08-01,성남시수정구,2026-08-02T19:00,ncep_gefs_seamless,31,1,0,0,0
2026-08-01,성남시수정구,2026-08-02T19:00,ecmwf_ifs025_ensemble,51,1,0,0,0
2026-08-01,성남시수정구,2026-08-02T19:00,gem_global_ensemble,21,1,0,0,0
2026-08-01,성남시수정구,2026-08-02T20:00,ensemble,143,1,0,0,0
2026-08-01,성남시수정구,2026-08-02T20:00,icon_seamless_eps,40,1,0,0,0
2026-08-01,성남시수정구,2026-08-02T20:00,ncep_gefs_seamless,31,1,0,0,0
2026-08-01,성남시수정구,2026-08-02T20:00,ecmwf_ifs025_ensemble,51,1,0,0,0
2026-08-01,성남시수정구,2026-08-02T20:00,gem_global_ensemble,21,1,0,0,0
2026-08-01,성남시수정구,2026-08-02T21:00,ensemble,143,1,0,0,0
2026-08-01,성남시수정구,2026-08-02T21:00,icon_seamless_eps,40,1,0,0,0
2026-08-01,성남시수정구,2026-08-02T21:00,ncep_gefs_seamless,31,1,0,0,0
2026-08-01,성남시수정구,2026-08-02T21:00,ecmwf_ifs025_ensemble,51,1,0,0,0
2026-08-01,성남시수정구,2026-08-02T21:00,gem_global_ensemble,21,1,0,0,0
2026-08-01,성남시수정구,2026-08-02T22:00,ensemble,143,1,0,0,0
2026-08-01,성남시수정구,2026-08-02T22:00,icon_seamless_eps,40,1,0,0,0
2026-08-01,성남시수정구,2026-08-02T22:00,ncep_gefs_seamless,31,1,0,0,0
2026-08-01,성남시수정구,2026-08-02T22:00,ecmwf_ifs025_ensemble,51,1,0,0,0
2026-08-01,성남시수정구,2026-08-02T22:00,gem_global_ensemble,21,1,0,0,0
2026-08-01,성남시수정구,2026-08-02T23:00,ensemble,143,1,0,0,0
2026-08-01,성남시수정구,2026-08-02T23:00,icon_seamless_eps,40,1,0,0,0
2026-08-01,성남시수정구,2026-08-02T23:00,ncep_gefs_seamless,31,1,0,0,0
2026-08-01,성남시수정구,2026-08-02T23:00,ecmwf_ifs025_ensemble,51,1,0,0,0
2026-08-01,성남시수정구,2026-08-02T23:00,gem_global_ensemble,21,1,0,0,0
2026-08-02,수원시권선구,2026-08-02T00:00,ensemble,143,1,0,0,0
2026-08-02,수원시권선구,2026-08-02T00:00,icon_seamless_eps,40,1,0,0,0
2026-08-02,수원시권선구,2026-08-02T00:00,ncep_gefs_seamless,31,1,0,0,0
2026-08-02,수원시권선구,2026-08-02T00:00,ecmwf_ifs025_ensemble,51,1,0,0,0
2026-08-02,수원시권선구,2026-08-02T00:00,gem_global_ensemble,21,1,0,0,0
2026-08-02,수원시권선구,2026-08-02T01:00,ensemble,143,1,0,0,0
2026-08-02,수원시권선구,2026-08-02T01:00,icon_seamless_eps,40,1,0,0,0
2026-08-02,수원시권선구,2026-08-02T01:00,ncep_gefs_seamless,31,1,0,0,0
2026-08-02,수원시권선구,2026-08-02T01:00,ecmwf_ifs025_ensemble,51,1,0,0,0
2026-08-02,수원시권선구,2026-08-02T01:00,gem_global_ensemble,21,1,0,0,0
2026-08-02,수원시권선구,2026-08-02T02:00,ensemble,143,1,0,0,0
2026-08-02,수원시권선구,2026-08-02T02:00,icon_seamless_eps,40,1,0,0,0
2026-08-02,수원시권선구,2026-08-02T02:00,ncep_gefs_seamless,31,1,0,0,0
2026-08-02,수원시권선구,2026-08-02T02:00,ecmwf_ifs025_ensemble,51,1,0,0,0
2026-08-02,수원시권선구,2026-08-02T02:00,gem_global_ensemble,21,1,0,0,0
2026-08-02,수원시권선구,2026-08-02T03:00,ensemble,143,1,0,0,0
2026-08-02,수원시권선구,2026-08-02T03:00,icon_seamless_eps,40,1,0,0,0
2026-08-02,수원시권선구,2026-08-02T03:00,ncep_gefs_seamless,31,1,0,0,0
2026-08-02,수원시권선구,2026-08-02T03:00,ecmwf_ifs025_ensemble,51,1,0,0,0
2026-08-02,수원시권선구,2026-08-02T03:00,gem_global_ensemble,21,1,0,0,0
2026-08-02,수원시권선구,2026-08-02T04:00,ensemble,143,1,0,0,0
2026-08-02,수원시권선구,2026-08-02T04:00,icon_seamless_eps,40,1,0,0,0
2026-08-02,수원시권선구,2026-08-02T04:00,ncep_gefs_seamless,31,1,0,0,0
2026-08-02,수원시권선구,2026-08-02T04:00,ecmwf_ifs025_ensemble,51,1,0,0,0
2026-08-02,수원시권선구,2026-08-02T04:00,gem_global_ensemble,21,1,0,0,0
2026-08-02,수원시권선구,2026-08-02T05:00,ensemble,143,1,0,0,0
2026-08-02,수원시권선구,2026-08-02T05:00,icon_seamless_eps,40,1,0,0,0
2026-08-02,수원시권선구,2026-08-02T05:00,ncep_gefs_seamless,31,1,0,0,0
2026-08-02,수원시권선구,2026-08-02T05:00,ecmwf_ifs025_ensemble,51,1,0,0,0
2026-08-02,수원시권선구,2026-08-02T05:00,gem_global_ensemble,21,1,0,0,0
2026-08-02,수원시권선구,2026-08-02T06:00,ensemble,143,1,0,0,0
2026-08-02,수원시권선구,2026-08-02T06:00,icon_seamless_eps,40,1,0,0,0
2026-08-02,수원시권선구,2026-08-02T06:00,ncep_gefs_seamless,31,1,0,0,0
2026-08-02,수원시권선구,2026-08-02T06:00,ecmwf_ifs025_ensemble,51,1,0,0,0
2026-08-02,수원시권선구,2026-08-02T06:00,gem_global_ensemble,21,1,0,0,0
2026-08-02,수원시권선구,2026-08-02T07:00,ensemble,143,1,0,0,0
2026-08-02,수원시권선구,2026-08-02T07:00,icon_seamless_eps,40,1,0,0,0
2026-08-02,수원시권선구,2026-08-02T07:00,ncep_gefs_seamless,31,1,0,0,0
2026-08-02,수원시권선구,2026-08-02T07:00,ecmwf_ifs025_ensemble,51,1,0,0,0
2026-08-02,수원시권선구,2026-08-02T07:00,gem_global_ensemble,21,1,0,0,0
2026-08-02,수원시권선구,2026-08-02T08:00,ensemble,143,1,0,0,0
2026-08-02,수원시권선구,2026-08-02T08:00,icon_seamless_eps,40,1,0,0,0
2026-08-02,수원시권선구,2026-08-02T08:00,ncep_gefs_seamless,31,1,0,0,0
2026-08-02,수원시권선구,2026-08-02T08:00,ecmwf_ifs025_ensemble,51,1,0,0,0
2026-08-02,수원시권선구,2026-08-02T08:00,gem_global_ensemble,21,1,0,0,0
2026-08-02,수원시권선구,2026-08-02T09:00,ensemble,143,1,0,0,0
2026-08-02,수원시권선구,2026-08-02T09:00,icon_seamless_eps,40,1,0,0,0
2026-08-02,수원시권선구,2026-08-02T09:00,ncep_gefs_seamless,31,1,0,0,0
2026-08-02,수원시권선구,2026-08-02T09:00,ecmwf_ifs025_ensemble,51,1,0,0,0
2026-08-02,수원시권선구,2026-08-02T09:00,gem_global_ensemble,21,1,0,0,0
2026-08-02,수원시권선구,2026-08-02T10:00,ensemble,143,1,0,0,0
2026-08-02,수원시권선구,2026-08-02T10:00,icon_seamless_eps,40,1,0,0,0
2026-08-02,수원시권선구,2026-08-02T10:00,ncep_gefs_seamless,31,1,0,0,0
2026-08-02,수원시권선구,2026-08-02T10:00,ecmwf_ifs025_ensemble,51,1,0,0,0
2026-08-02,수원시권선구,2026-08-02T10:00,gem_global_ensemble,21,1,0,0,0
2026-08-02,수원시권선구,2026-08-02T11:00,ensemble,143,1,0,0,0
2026-08-02,수원시권선구,2026-08-02T11:00,icon_seamless_eps,40,1,0,0,0
2026-08-02,수원시권선구,2026-08-02T11:00,ncep_gefs_seamless,31,1,0,0,0
2026-08-02,수원시권선구,2026-08-02T11:00,ecmwf_ifs025_ensemble,51,1,0,0,0
2026-08-02,수원시권선구,2026-08-02T11:00,gem_global_ensemble,21,1,0,0,0
2026-08-02,수원시권선구,2026-08-02T12:00,ensemble,143,1,0,0,0
2026-08-02,수원시권선구,2026-08-02T12:00,icon_seamless_eps,40,1,0,0,0
2026-08-02,수원시권선구,2026-08-02T12:00,ncep_gefs_seamless,31,1,0,0,0
2026-08-02,수원시권선구,2026-08-02T12:00,ecmwf_ifs025_ensemble,51,1,0,0,0
2026-08-02,수원시권선구,2026-08-02T12:00,gem_global_ensemble,21,1,0,0,0
2026-08-02,수원시권선구,2026-08-02T13:00,ensemble,143,0.993,0.007,0,0
2026-08-02,수원시권선구,2026-08-02T13:00,icon_seamless_eps,40,1,0,0,0
2026-08-02,수원시권선구,2026-08-02T13:00,ncep_gefs_seamless,31,1,0,0,0
2026-08-02,수원시권선구,2026-08-02T13:00,ecmwf_ifs025_ensemble,51,0.98,0.02,0,0
2026-08-02,수원시권선구,2026-08-02T13:00,gem_global_ensemble,21,1,0,0,0
2026-08-02,수원시권선구,2026-08-02T14:00,ensemble,143,0.993,0.007,0,0
2026-08-02,수원시권선구,2026-08-02T14:00,icon_seamless_eps,40,1,0,0,0
2026-08-02,수원시권선구,2026-08-02T14:00,ncep_gefs_seamless,31,1,0,0,0
2026-08-02,수원시권선구,2026-08-02T14:00,ecmwf_ifs025_ensemble,51,0.98,0.02,0,0
2026-08-02,수원시권선구,2026-08-02T14:00,gem_global_ensemble,21,1,0,0,0
2026-08-02,수원시권선구,2026-08-02T15:00,ensemble,143,0.993,0.007,0,0
2026-08-02,수원시권선구,2026-08-02T15:00,icon_seamless_eps,40,1,0,0,0
2026-08-02,수원시권선구,2026-08-02T15:00,ncep_gefs_seamless,31,1,0,0,0
2026-08-02,수원시권선구,2026-08-02T15:00,ecmwf_ifs025_ensemble,51,0.98,0.02,0,0
2026-08-02,수원시권선구,2026-08-02T15:00,gem_global_ensemble,21,1,0,0,0
2026-08-02,수원시권선구,2026-08-02T16:00,ensemble,143,1,0,0,0
2026-08-02,수원시권선구,2026-08-02T16:00,icon_seamless_eps,40,1,0,0,0
2026-08-02,수원시권선구,2026-08-02T16:00,ncep_gefs_seamless,31,1,0,0,0
2026-08-02,수원시권선구,2026-08-02T16:00,ecmwf_ifs025_ensemble,51,1,0,0,0
2026-08-02,수원시권선구,2026-08-02T16:00,gem_global_ensemble,21,1,0,0,0
2026-08-02,수원시권선구,2026-08-02T17:00,ensemble,143,1,0,0,0
2026-08-02,수원시권선구,2026-08-02T17:00,icon_seamless_eps,40,1,0,0,0
2026-08-02,수원시권선구,2026-08-02T17:00,ncep_gefs_seamless,31,1,0,0,0
2026-08-02,수원시권선구,2026-08-02T17:00,ecmwf_ifs025_ensemble,51,1,0,0,0
2026-08-02,수원시권선구,2026-08-02T17:00,gem_global_ensemble,21,1,0,0,0
2026-08-02,수원시권선구,2026-08-02T18:00,ensemble,143,1,0,0,0
2026-08-02,수원시권선구,2026-08-02T18:00,icon_seamless_eps,40,1,0,0,0
2026-08-02,수원시권선구,2026-08-02T18:00,ncep_gefs_seamless,31,1,0,0,0
2026-08-02,수원시권선구,2026-08-02T18:00,ecmwf_ifs025_ensemble,51,1,0,0,0
2026-08-02,수원시권선구,2026-08-02T18:00,gem_global_ensemble,21,1,0,0,0
2026-08-02,수원시권선구,2026-08-02T19:00,ensemble,143,1,0,0,0
2026-08-02,수원시권선구,2026-08-02T19:00,icon_seamless_eps,40,1,0,0,0
2026-08-02,수원시권선구,2026-08-02T19:00,ncep_gefs_seamless,31,1,0,0,0
2026-08-02,수원시권선구,2026-08-02T19:00,ecmwf_ifs025_ensemble,51,1,0,0,0
2026-08-02,수원시권선구,2026-08-02T19:00,gem_global_ensemble,21,1,0,0,0
2026-08-02,수원시권선구,2026-08-02T20:00,ensemble,143,1,0,0,0
2026-08-02,수원시권선구,2026-08-02T20:00,icon_seamless_eps,40,1,0,0,0
2026-08-02,수원시권선구,2026-08-02T20:00,ncep_gefs_seamless,31,1,0,0,0
2026-08-02,수원시권선구,2026-08-02T20:00,ecmwf_ifs025_ensemble,51,1,0,0,0
2026-08-02,수원시권선구,2026-08-02T20:00,gem_global_ensemble,21,1,0,0,0
2026-08-02,수원시권선구,2026-08-02T21:00,ensemble,143,1,0,0,0
2026-08-02,수원시권선구,2026-08-02T21:00,icon_seamless_eps,40,1,0,0,0
2026-08-02,수원시권선구,2026-08-02T21:00,ncep_gefs_seamless,31,1,0,0,0
2026-08-02,수원시권선구,2026-08-02T21:00,ecmwf_ifs025_ensemble,51,1,0,0,0
2026-08-02,수원시권선구,2026-08-02T21:00,gem_global_ensemble,21,1,0,0,0
2026-08-02,수원시권선구,2026-08-02T22:00,ensemble,143,1,0,0,0
2026-08-02,수원시권선구,2026-08-02T22:00,icon_seamless_eps,40,1,0,0,0
2026-08-02,수원시권선구,2026-08-02T22:00,ncep_gefs_seamless,31,1,0,0,0
2026-08-02,수원시권선구,2026-08-02T22:00,ecmwf_ifs025_ensemble,51,1,0,0,0
2026-08-02,수원시권선구,2026-08-02T22:00,gem_global_ensemble,21,1,0,0,0
2026-08-02,수원시권선구,2026-08-02T23:00,ensemble,143,1,0,0,0
2026-08-02,수원시권선구,2026-08-02T23:00,icon_seamless_eps,40,1,0,0,0
2026-08-02,수원시권선구,2026-08-02T23:00,ncep_gefs_seamless,31,1,0,0,0
2026-08-02,수원시권선구,2026-08-02T23:00,ecmwf_ifs025_ensemble,51,1,0,0,0
2026-08-02,수원시권선구,2026-08-02T23:00,gem_global_ensemble,21,1,0,0,0
2026-08-02,수원시권선구,2026-08-03T00:00,ensemble,143,1,0,0,0
2026-08-02,수원시권선구,2026-08-03T00:00,icon_seamless_eps,40,1,0,0,0
2026-08-02,수원시권선구,2026-08-03T00:00,ncep_gefs_seamless,31,1,0,0,0
2026-08-02,수원시권선구,2026-08-03T00:00,ecmwf_ifs025_ensemble,51,1,0,0,0
2026-08-02,수원시권선구,2026-08-03T00:00,gem_global_ensemble,21,1,0,0,0
2026-08-02,수원시권선구,2026-08-03T01:00,ensemble,143,1,0,0,0
2026-08-02,수원시권선구,2026-08-03T01:00,icon_seamless_eps,40,1,0,0,0
2026-08-02,수원시권선구,2026-08-03T01:00,ncep_gefs_seamless,31,1,0,0,0
2026-08-02,수원시권선구,2026-08-03T01:00,ecmwf_ifs025_ensemble,51,1,0,0,0
2026-08-02,수원시권선구,2026-08-03T01:00,gem_global_ensemble,21,1,0,0,0
2026-08-02,수원시권선구,2026-08-03T02:00,ensemble,143,1,0,0,0
2026-08-02,수원시권선구,2026-08-03T02:00,icon_seamless_eps,40,1,0,0,0
2026-08-02,수원시권선구,2026-08-03T02:00,ncep_gefs_seamless,31,1,0,0,0
2026-08-02,수원시권선구,2026-08-03T02:00,ecmwf_ifs025_ensemble,51,1,0,0,0
2026-08-02,수원시권선구,2026-08-03T02:00,gem_global_ensemble,21,1,0,0,0
2026-08-02,수원시권선구,2026-08-03T03:00,ensemble,143,1,0,0,0
2026-08-02,수원시권선구,2026-08-03T03:00,icon_seamless_eps,40,1,0,0,0
2026-08-02,수원시권선구,2026-08-03T03:00,ncep_gefs_seamless,31,1,0,0,0
2026-08-02,수원시권선구,2026-08-03T03:00,ecmwf_ifs025_ensemble,51,1,0,0,0
2026-08-02,수원시권선구,2026-08-03T03:00,gem_global_ensemble,21,1,0,0,0
2026-08-02,수원시권선구,2026-08-03T04:00,ensemble,143,1,0,0,0
2026-08-02,수원시권선구,2026-08-03T04:00,icon_seamless_eps,40,1,0,0,0
2026-08-02,수원시권선구,2026-08-03T04:00,ncep_gefs_seamless,31,1,0,0,0
2026-08-02,수원시권선구,2026-08-03T04:00,ecmwf_ifs025_ensemble,51,1,0,0,0
2026-08-02,수원시권선구,2026-08-03T04:00,gem_global_ensemble,21,1,0,0,0
2026-08-02,수원시권선구,2026-08-03T05:00,ensemble,143,1,0,0,0
2026-08-02,수원시권선구,2026-08-03T05:00,icon_seamless_eps,40,1,0,0,0
2026-08-02,수원시권선구,2026-08-03T05:00,ncep_gefs_seamless,31,1,0,0,0
2026-08-02,수원시권선구,2026-08-03T05:00,ecmwf_ifs025_ensemble,51,1,0,0,0
2026-08-02,수원시권선구,2026-08-03T05:00,gem_global_ensemble,21,1,0,0,0
2026-08-02,수원시권선구,2026-08-03T06:00,ensemble,143,1,0,0,0
2026-08-02,수원시권선구,2026-08-03T06:00,icon_seamless_eps,40,1,0,0,0
2026-08-02,수원시권선구,2026-08-03T06:00,ncep_gefs_seamless,31,1,0,0,0
2026-08-02,수원시권선구,2026-08-03T06:00,ecmwf_ifs025_ensemble,51,1,0,0,0
2026-08-02,수원시권선구,2026-08-03T06:00,gem_global_ensemble,21,1,0,0,0
2026-08-02,수원시권선구,2026-08-03T07:00,ensemble,143,0.993,0.007,0,0
2026-08-02,수원시권선구,2026-08-03T07:00,icon_seamless_eps,40,1,0,0,0
2026-08-02,수원시권선구,2026-08-03T07:00,ncep_gefs_seamless,31,1,0,0,0
2026-08-02,수원시권선구,2026-08-03T07:00,ecmwf_ifs025_ensemble,51,0.98,0.02,0,0
2026-08-02,수원시권선구,2026-08-03T07:00,gem_global_ensemble,21,1,0,0,0
2026-08-02,수원시권선구,2026-08-03T08:00,ensemble,143,0.993,0.007,0,0
2026-08-02,수원시권선구,2026-08-03T08:00,icon_seamless_eps,40,1,0,0,0
2026-08-02,수원시권선구,2026-08-03T08:00,ncep_gefs_seamless,31,1,0,0,0
2026-08-02,수원시권선구,2026-08-03T08:00,ecmwf_ifs025_ensemble,51,0.98,0.02,0,0
2026-08-02,수원시권선구,2026-08-03T08:00,gem_global_ensemble,21,1,0,0,0
2026-08-02,수원시권선구,2026-08-03T09:00,ensemble,143,0.993,0.007,0,0
2026-08-02,수원시권선구,2026-08-03T09:00,icon_seamless_eps,40,1,0,0,0
2026-08-02,수원시권선구,2026-08-03T09:00,ncep_gefs_seamless,31,1,0,0,0
2026-08-02,수원시권선구,2026-08-03T09:00,ecmwf_ifs025_ensemble,51,0.98,0.02,0,0
2026-08-02,수원시권선구,2026-08-03T09:00,gem_global_ensemble,21,1,0,0,0
2026-08-02,수원시권선구,2026-08-03T10:00,ensemble,143,0.902,0.098,0,0
2026-08-02,수원시권선구,2026-08-03T10:00,icon_seamless_eps,40,1,0,0,0
2026-08-02,수원시권선구,2026-08-03T10:00,ncep_gefs_seamless,31,0.968,0.032,0,0
2026-08-02,수원시권선구,2026-08-03T10:00,ecmwf_ifs025_ensemble,51,0.765,0.235,0,0
2026-08-02,수원시권선구,2026-08-03T10:00,gem_global_ensemble,21,0.952,0.048,0,0
2026-08-02,수원시권선구,2026-08-03T11:00,ensemble,143,0.902,0.098,0,0
2026-08-02,수원시권선구,2026-08-03T11:00,icon_seamless_eps,40,1,0,0,0
2026-08-02,수원시권선구,2026-08-03T11:00,ncep_gefs_seamless,31,0.968,0.032,0,0
2026-08-02,수원시권선구,2026-08-03T11:00,ecmwf_ifs025_ensemble,51,0.765,0.235,0,0
2026-08-02,수원시권선구,2026-08-03T11:00,gem_global_ensemble,21,0.952,0.048,0,0
2026-08-02,수원시권선구,2026-08-03T12:00,ensemble,143,0.902,0.098,0,0
2026-08-02,수원시권선구,2026-08-03T12:00,icon_seamless_eps,40,1,0,0,0
2026-08-02,수원시권선구,2026-08-03T12:00,ncep_gefs_seamless,31,0.968,0.032,0,0
2026-08-02,수원시권선구,2026-08-03T12:00,ecmwf_ifs025_ensemble,51,0.765,0.235,0,0
2026-08-02,수원시권선구,2026-08-03T12:00,gem_global_ensemble,21,0.952,0.048,0,0
2026-08-02,수원시권선구,2026-08-03T13:00,ensemble,143,0.832,0.154,0.014,0
2026-08-02,수원시권선구,2026-08-03T13:00,icon_seamless_eps,40,1,0,0,0
2026-08-02,수원시권선구,2026-08-03T13:00,ncep_gefs_seamless,31,0.968,0.032,0,0
2026-08-02,수원시권선구,2026-08-03T13:00,ecmwf_ifs025_ensemble,51,0.725,0.275,0,0
2026-08-02,수원시권선구,2026-08-03T13:00,gem_global_ensemble,21,0.571,0.333,0.095,0
2026-08-02,수원시권선구,2026-08-03T14:00,ensemble,143,0.832,0.154,0.014,0
2026-08-02,수원시권선구,2026-08-03T14:00,icon_seamless_eps,40,1,0,0,0
2026-08-02,수원시권선구,2026-08-03T14:00,ncep_gefs_seamless,31,0.968,0.032,0,0
2026-08-02,수원시권선구,2026-08-03T14:00,ecmwf_ifs025_ensemble,51,0.725,0.275,0,0
2026-08-02,수원시권선구,2026-08-03T14:00,gem_global_ensemble,21,0.571,0.333,0.095,0
2026-08-02,수원시권선구,2026-08-03T15:00,ensemble,143,0.832,0.154,0.014,0
2026-08-02,수원시권선구,2026-08-03T15:00,icon_seamless_eps,40,1,0,0,0
2026-08-02,수원시권선구,2026-08-03T15:00,ncep_gefs_seamless,31,0.968,0.032,0,0
2026-08-02,수원시권선구,2026-08-03T15:00,ecmwf_ifs025_ensemble,51,0.725,0.275,0,0
2026-08-02,수원시권선구,2026-08-03T15:00,gem_global_ensemble,21,0.571,0.333,0.095,0
2026-08-02,수원시권선구,2026-08-03T16:00,ensemble,143,0.923,0.07,0.007,0
2026-08-02,수원시권선구,2026-08-03T16:00,icon_seamless_eps,40,1,0,0,0
2026-08-02,수원시권선구,2026-08-03T16:00,ncep_gefs_seamless,31,1,0,0,0
2026-08-02,수원시권선구,2026-08-03T16:00,ecmwf_ifs025_ensemble,51,0.882,0.118,0,0
2026-08-02,수원시권선구,2026-08-03T16:00,gem_global_ensemble,21,0.762,0.19,0.048,0
2026-08-02,수원시권선구,2026-08-03T17:00,ensemble,143,0.923,0.07,0.007,0
2026-08-02,수원시권선구,2026-08-03T17:00,icon_seamless_eps,40,1,0,0,0
2026-08-02,수원시권선구,2026-08-03T17:00,ncep_gefs_seamless,31,1,0,0,0
2026-08-02,수원시권선구,2026-08-03T17:00,ecmwf_ifs025_ensemble,51,0.882,0.118,0,0
2026-08-02,수원시권선구,2026-08-03T17:00,gem_global_ensemble,21,0.762,0.19,0.048,0
2026-08-02,수원시권선구,2026-08-03T18:00,ensemble,143,0.923,0.07,0.007,0
2026-08-02,수원시권선구,2026-08-03T18:00,icon_seamless_eps,40,1,0,0,0
2026-08-02,수원시권선구,2026-08-03T18:00,ncep_gefs_seamless,31,1,0,0,0
2026-08-02,수원시권선구,2026-08-03T18:00,ecmwf_ifs025_ensemble,51,0.882,0.118,0,0
2026-08-02,수원시권선구,2026-08-03T18:00,gem_global_ensemble,21,0.762,0.19,0.048,0
2026-08-02,수원시권선구,2026-08-03T19:00,ensemble,143,0.993,0.007,0,0
2026-08-02,수원시권선구,2026-08-03T19:00,icon_seamless_eps,40,1,0,0,0
2026-08-02,수원시권선구,2026-08-03T19:00,ncep_gefs_seamless,31,1,0,0,0
2026-08-02,수원시권선구,2026-08-03T19:00,ecmwf_ifs025_ensemble,51,1,0,0,0
2026-08-02,수원시권선구,2026-08-03T19:00,gem_global_ensemble,21,0.952,0.048,0,0
2026-08-02,수원시권선구,2026-08-03T20:00,ensemble,143,0.993,0.007,0,0
2026-08-02,수원시권선구,2026-08-03T20:00,icon_seamless_eps,40,1,0,0,0
2026-08-02,수원시권선구,2026-08-03T20:00,ncep_gefs_seamless,31,1,0,0,0
2026-08-02,수원시권선구,2026-08-03T20:00,ecmwf_ifs025_ensemble,51,1,0,0,0
2026-08-02,수원시권선구,2026-08-03T20:00,gem_global_ensemble,21,0.952,0.048,0,0
2026-08-02,수원시권선구,2026-08-03T21:00,ensemble,143,0.986,0.014,0,0
2026-08-02,수원시권선구,2026-08-03T21:00,icon_seamless_eps,40,0.975,0.025,0,0
2026-08-02,수원시권선구,2026-08-03T21:00,ncep_gefs_seamless,31,1,0,0,0
2026-08-02,수원시권선구,2026-08-03T21:00,ecmwf_ifs025_ensemble,51,1,0,0,0
2026-08-02,수원시권선구,2026-08-03T21:00,gem_global_ensemble,21,0.952,0.048,0,0
2026-08-02,수원시권선구,2026-08-03T22:00,ensemble,143,0.986,0.014,0,0
2026-08-02,수원시권선구,2026-08-03T22:00,icon_seamless_eps,40,0.975,0.025,0,0
2026-08-02,수원시권선구,2026-08-03T22:00,ncep_gefs_seamless,31,1,0,0,0
2026-08-02,수원시권선구,2026-08-03T22:00,ecmwf_ifs025_ensemble,51,1,0,0,0
2026-08-02,수원시권선구,2026-08-03T22:00,gem_global_ensemble,21,0.952,0.048,0,0
2026-08-02,수원시권선구,2026-08-03T23:00,ensemble,143,0.986,0.014,0,0
2026-08-02,수원시권선구,2026-08-03T23:00,icon_seamless_eps,40,0.975,0.025,0,0
2026-08-02,수원시권선구,2026-08-03T23:00,ncep_gefs_seamless,31,1,0,0,0
2026-08-02,수원시권선구,2026-08-03T23:00,ecmwf_ifs025_ensemble,51,1,0,0,0
2026-08-02,수원시권선구,2026-08-03T23:00,gem_global_ensemble,21,0.952,0.048,0,0
2026-08-02,성남시수정구,2026-08-02T00:00,ensemble,143,1,0,0,0
2026-08-02,성남시수정구,2026-08-02T00:00,icon_seamless_eps,40,1,0,0,0
2026-08-02,성남시수정구,2026-08-02T00:00,ncep_gefs_seamless,31,1,0,0,0
2026-08-02,성남시수정구,2026-08-02T00:00,ecmwf_ifs025_ensemble,51,1,0,0,0
2026-08-02,성남시수정구,2026-08-02T00:00,gem_global_ensemble,21,1,0,0,0
2026-08-02,성남시수정구,2026-08-02T01:00,ensemble,143,0.986,0.014,0,0
2026-08-02,성남시수정구,2026-08-02T01:00,icon_seamless_eps,40,1,0,0,0
2026-08-02,성남시수정구,2026-08-02T01:00,ncep_gefs_seamless,31,1,0,0,0
2026-08-02,성남시수정구,2026-08-02T01:00,ecmwf_ifs025_ensemble,51,0.961,0.039,0,0
2026-08-02,성남시수정구,2026-08-02T01:00,gem_global_ensemble,21,1,0,0,0
2026-08-02,성남시수정구,2026-08-02T02:00,ensemble,143,0.986,0.014,0,0
2026-08-02,성남시수정구,2026-08-02T02:00,icon_seamless_eps,40,1,0,0,0
2026-08-02,성남시수정구,2026-08-02T02:00,ncep_gefs_seamless,31,1,0,0,0
2026-08-02,성남시수정구,2026-08-02T02:00,ecmwf_ifs025_ensemble,51,0.961,0.039,0,0
2026-08-02,성남시수정구,2026-08-02T02:00,gem_global_ensemble,21,1,0,0,0
2026-08-02,성남시수정구,2026-08-02T03:00,ensemble,143,0.986,0.014,0,0
2026-08-02,성남시수정구,2026-08-02T03:00,icon_seamless_eps,40,1,0,0,0
2026-08-02,성남시수정구,2026-08-02T03:00,ncep_gefs_seamless,31,1,0,0,0
2026-08-02,성남시수정구,2026-08-02T03:00,ecmwf_ifs025_ensemble,51,0.961,0.039,0,0
2026-08-02,성남시수정구,2026-08-02T03:00,gem_global_ensemble,21,1,0,0,0
2026-08-02,성남시수정구,2026-08-02T04:00,ensemble,143,0.993,0.007,0,0
2026-08-02,성남시수정구,2026-08-02T04:00,icon_seamless_eps,40,1,0,0,0
2026-08-02,성남시수정구,2026-08-02T04:00,ncep_gefs_seamless,31,1,0,0,0
2026-08-02,성남시수정구,2026-08-02T04:00,ecmwf_ifs025_ensemble,51,0.98,0.02,0,0
2026-08-02,성남시수정구,2026-08-02T04:00,gem_global_ensemble,21,1,0,0,0
2026-08-02,성남시수정구,2026-08-02T05:00,ensemble,143,0.993,0.007,0,0
2026-08-02,성남시수정구,2026-08-02T05:00,icon_seamless_eps,40,1,0,0,0
2026-08-02,성남시수정구,2026-08-02T05:00,ncep_gefs_seamless,31,1,0,0,0
2026-08-02,성남시수정구,2026-08-02T05:00,ecmwf_ifs025_ensemble,51,0.98,0.02,0,0
2026-08-02,성남시수정구,2026-08-02T05:00,gem_global_ensemble,21,1,0,0,0
2026-08-02,성남시수정구,2026-08-02T06:00,ensemble,143,0.993,0.007,0,0
2026-08-02,성남시수정구,2026-08-02T06:00,icon_seamless_eps,40,1,0,0,0
2026-08-02,성남시수정구,2026-08-02T06:00,ncep_gefs_seamless,31,1,0,0,0
2026-08-02,성남시수정구,2026-08-02T06:00,ecmwf_ifs025_ensemble,51,0.98,0.02,0,0
2026-08-02,성남시수정구,2026-08-02T06:00,gem_global_ensemble,21,1,0,0,0
2026-08-02,성남시수정구,2026-08-02T07:00,ensemble,143,0.993,0.007,0,0
2026-08-02,성남시수정구,2026-08-02T07:00,icon_seamless_eps,40,1,0,0,0
2026-08-02,성남시수정구,2026-08-02T07:00,ncep_gefs_seamless,31,1,0,0,0
2026-08-02,성남시수정구,2026-08-02T07:00,ecmwf_ifs025_ensemble,51,0.98,0.02,0,0
2026-08-02,성남시수정구,2026-08-02T07:00,gem_global_ensemble,21,1,0,0,0
2026-08-02,성남시수정구,2026-08-02T08:00,ensemble,143,0.993,0.007,0,0
2026-08-02,성남시수정구,2026-08-02T08:00,icon_seamless_eps,40,1,0,0,0
2026-08-02,성남시수정구,2026-08-02T08:00,ncep_gefs_seamless,31,1,0,0,0
2026-08-02,성남시수정구,2026-08-02T08:00,ecmwf_ifs025_ensemble,51,0.98,0.02,0,0
2026-08-02,성남시수정구,2026-08-02T08:00,gem_global_ensemble,21,1,0,0,0
2026-08-02,성남시수정구,2026-08-02T09:00,ensemble,143,0.993,0.007,0,0
2026-08-02,성남시수정구,2026-08-02T09:00,icon_seamless_eps,40,1,0,0,0
2026-08-02,성남시수정구,2026-08-02T09:00,ncep_gefs_seamless,31,1,0,0,0
2026-08-02,성남시수정구,2026-08-02T09:00,ecmwf_ifs025_ensemble,51,0.98,0.02,0,0
2026-08-02,성남시수정구,2026-08-02T09:00,gem_global_ensemble,21,1,0,0,0
2026-08-02,성남시수정구,2026-08-02T10:00,ensemble,143,1,0,0,0
2026-08-02,성남시수정구,2026-08-02T10:00,icon_seamless_eps,40,1,0,0,0
2026-08-02,성남시수정구,2026-08-02T10:00,ncep_gefs_seamless,31,1,0,0,0
2026-08-02,성남시수정구,2026-08-02T10:00,ecmwf_ifs025_ensemble,51,1,0,0,0
2026-08-02,성남시수정구,2026-08-02T10:00,gem_global_ensemble,21,1,0,0,0
2026-08-02,성남시수정구,2026-08-02T11:00,ensemble,143,1,0,0,0
2026-08-02,성남시수정구,2026-08-02T11:00,icon_seamless_eps,40,1,0,0,0
2026-08-02,성남시수정구,2026-08-02T11:00,ncep_gefs_seamless,31,1,0,0,0
2026-08-02,성남시수정구,2026-08-02T11:00,ecmwf_ifs025_ensemble,51,1,0,0,0
2026-08-02,성남시수정구,2026-08-02T11:00,gem_global_ensemble,21,1,0,0,0
2026-08-02,성남시수정구,2026-08-02T12:00,ensemble,143,1,0,0,0
2026-08-02,성남시수정구,2026-08-02T12:00,icon_seamless_eps,40,1,0,0,0
2026-08-02,성남시수정구,2026-08-02T12:00,ncep_gefs_seamless,31,1,0,0,0
2026-08-02,성남시수정구,2026-08-02T12:00,ecmwf_ifs025_ensemble,51,1,0,0,0
2026-08-02,성남시수정구,2026-08-02T12:00,gem_global_ensemble,21,1,0,0,0
2026-08-02,성남시수정구,2026-08-02T13:00,ensemble,143,1,0,0,0
2026-08-02,성남시수정구,2026-08-02T13:00,icon_seamless_eps,40,1,0,0,0
2026-08-02,성남시수정구,2026-08-02T13:00,ncep_gefs_seamless,31,1,0,0,0
2026-08-02,성남시수정구,2026-08-02T13:00,ecmwf_ifs025_ensemble,51,1,0,0,0
2026-08-02,성남시수정구,2026-08-02T13:00,gem_global_ensemble,21,1,0,0,0
2026-08-02,성남시수정구,2026-08-02T14:00,ensemble,143,1,0,0,0
2026-08-02,성남시수정구,2026-08-02T14:00,icon_seamless_eps,40,1,0,0,0
2026-08-02,성남시수정구,2026-08-02T14:00,ncep_gefs_seamless,31,1,0,0,0
2026-08-02,성남시수정구,2026-08-02T14:00,ecmwf_ifs025_ensemble,51,1,0,0,0
2026-08-02,성남시수정구,2026-08-02T14:00,gem_global_ensemble,21,1,0,0,0
2026-08-02,성남시수정구,2026-08-02T15:00,ensemble,143,1,0,0,0
2026-08-02,성남시수정구,2026-08-02T15:00,icon_seamless_eps,40,1,0,0,0
2026-08-02,성남시수정구,2026-08-02T15:00,ncep_gefs_seamless,31,1,0,0,0
2026-08-02,성남시수정구,2026-08-02T15:00,ecmwf_ifs025_ensemble,51,1,0,0,0
2026-08-02,성남시수정구,2026-08-02T15:00,gem_global_ensemble,21,1,0,0,0
2026-08-02,성남시수정구,2026-08-02T16:00,ensemble,143,0.993,0.007,0,0
2026-08-02,성남시수정구,2026-08-02T16:00,icon_seamless_eps,40,1,0,0,0
2026-08-02,성남시수정구,2026-08-02T16:00,ncep_gefs_seamless,31,1,0,0,0
2026-08-02,성남시수정구,2026-08-02T16:00,ecmwf_ifs025_ensemble,51,0.98,0.02,0,0
2026-08-02,성남시수정구,2026-08-02T16:00,gem_global_ensemble,21,1,0,0,0
2026-08-02,성남시수정구,2026-08-02T17:00,ensemble,143,0.993,0.007,0,0
2026-08-02,성남시수정구,2026-08-02T17:00,icon_seamless_eps,40,1,0,0,0
2026-08-02,성남시수정구,2026-08-02T17:00,ncep_gefs_seamless,31,1,0,0,0
2026-08-02,성남시수정구,2026-08-02T17:00,ecmwf_ifs025_ensemble,51,0.98,0.02,0,0
2026-08-02,성남시수정구,2026-08-02T17:00,gem_global_ensemble,21,1,0,0,0
2026-08-02,성남시수정구,2026-08-02T18:00,ensemble,143,0.993,0.007,0,0
2026-08-02,성남시수정구,2026-08-02T18:00,icon_seamless_eps,40,1,0,0,0
2026-08-02,성남시수정구,2026-08-02T18:00,ncep_gefs_seamless,31,1,0,0,0
2026-08-02,성남시수정구,2026-08-02T18:00,ecmwf_ifs025_ensemble,51,0.98,0.02,0,0
2026-08-02,성남시수정구,2026-08-02T18:00,gem_global_ensemble,21,1,0,0,0
2026-08-02,성남시수정구,2026-08-02T19:00,ensemble,143,1,0,0,0
2026-08-02,성남시수정구,2026-08-02T19:00,icon_seamless_eps,40,1,0,0,0
2026-08-02,성남시수정구,2026-08-02T19:00,ncep_gefs_seamless,31,1,0,0,0
2026-08-02,성남시수정구,2026-08-02T19:00,ecmwf_ifs025_ensemble,51,1,0,0,0
2026-08-02,성남시수정구,2026-08-02T19:00,gem_global_ensemble,21,1,0,0,0
2026-08-02,성남시수정구,2026-08-02T20:00,ensemble,143,1,0,0,0
2026-08-02,성남시수정구,2026-08-02T20:00,icon_seamless_eps,40,1,0,0,0
2026-08-02,성남시수정구,2026-08-02T20:00,ncep_gefs_seamless,31,1,0,0,0
2026-08-02,성남시수정구,2026-08-02T20:00,ecmwf_ifs025_ensemble,51,1,0,0,0
2026-08-02,성남시수정구,2026-08-02T20:00,gem_global_ensemble,21,1,0,0,0
2026-08-02,성남시수정구,2026-08-02T21:00,ensemble,143,1,0,0,0
2026-08-02,성남시수정구,2026-08-02T21:00,icon_seamless_eps,40,1,0,0,0
2026-08-02,성남시수정구,2026-08-02T21:00,ncep_gefs_seamless,31,1,0,0,0
2026-08-02,성남시수정구,2026-08-02T21:00,ecmwf_ifs025_ensemble,51,1,0,0,0
2026-08-02,성남시수정구,2026-08-02T21:00,gem_global_ensemble,21,1,0,0,0
2026-08-02,성남시수정구,2026-08-02T22:00,ensemble,143,1,0,0,0
2026-08-02,성남시수정구,2026-08-02T22:00,icon_seamless_eps,40,1,0,0,0
2026-08-02,성남시수정구,2026-08-02T22:00,ncep_gefs_seamless,31,1,0,0,0
2026-08-02,성남시수정구,2026-08-02T22:00,ecmwf_ifs025_ensemble,51,1,0,0,0
2026-08-02,성남시수정구,2026-08-02T22:00,gem_global_ensemble,21,1,0,0,0
2026-08-02,성남시수정구,2026-08-02T23:00,ensemble,143,1,0,0,0
2026-08-02,성남시수정구,2026-08-02T23:00,icon_seamless_eps,40,1,0,0,0
2026-08-02,성남시수정구,2026-08-02T23:00,ncep_gefs_seamless,31,1,0,0,0
2026-08-02,성남시수정구,2026-08-02T23:00,ecmwf_ifs025_ensemble,51,1,0,0,0
2026-08-02,성남시수정구,2026-08-02T23:00,gem_global_ensemble,21,1,0,0,0
2026-08-02,성남시수정구,2026-08-03T00:00,ensemble,143,1,0,0,0
2026-08-02,성남시수정구,2026-08-03T00:00,icon_seamless_eps,40,1,0,0,0
2026-08-02,성남시수정구,2026-08-03T00:00,ncep_gefs_seamless,31,1,0,0,0
2026-08-02,성남시수정구,2026-08-03T00:00,ecmwf_ifs025_ensemble,51,1,0,0,0
2026-08-02,성남시수정구,2026-08-03T00:00,gem_global_ensemble,21,1,0,0,0
2026-08-02,성남시수정구,2026-08-03T01:00,ensemble,143,1,0,0,0
2026-08-02,성남시수정구,2026-08-03T01:00,icon_seamless_eps,40,1,0,0,0
2026-08-02,성남시수정구,2026-08-03T01:00,ncep_gefs_seamless,31,1,0,0,0
2026-08-02,성남시수정구,2026-08-03T01:00,ecmwf_ifs025_ensemble,51,1,0,0,0
2026-08-02,성남시수정구,2026-08-03T01:00,gem_global_ensemble,21,1,0,0,0
2026-08-02,성남시수정구,2026-08-03T02:00,ensemble,143,1,0,0,0
2026-08-02,성남시수정구,2026-08-03T02:00,icon_seamless_eps,40,1,0,0,0
2026-08-02,성남시수정구,2026-08-03T02:00,ncep_gefs_seamless,31,1,0,0,0
2026-08-02,성남시수정구,2026-08-03T02:00,ecmwf_ifs025_ensemble,51,1,0,0,0
2026-08-02,성남시수정구,2026-08-03T02:00,gem_global_ensemble,21,1,0,0,0
2026-08-02,성남시수정구,2026-08-03T03:00,ensemble,143,1,0,0,0
2026-08-02,성남시수정구,2026-08-03T03:00,icon_seamless_eps,40,1,0,0,0
2026-08-02,성남시수정구,2026-08-03T03:00,ncep_gefs_seamless,31,1,0,0,0
2026-08-02,성남시수정구,2026-08-03T03:00,ecmwf_ifs025_ensemble,51,1,0,0,0
2026-08-02,성남시수정구,2026-08-03T03:00,gem_global_ensemble,21,1,0,0,0
2026-08-02,성남시수정구,2026-08-03T04:00,ensemble,143,1,0,0,0
2026-08-02,성남시수정구,2026-08-03T04:00,icon_seamless_eps,40,1,0,0,0
2026-08-02,성남시수정구,2026-08-03T04:00,ncep_gefs_seamless,31,1,0,0,0
2026-08-02,성남시수정구,2026-08-03T04:00,ecmwf_ifs025_ensemble,51,1,0,0,0
2026-08-02,성남시수정구,2026-08-03T04:00,gem_global_ensemble,21,1,0,0,0
2026-08-02,성남시수정구,2026-08-03T05:00,ensemble,143,1,0,0,0
2026-08-02,성남시수정구,2026-08-03T05:00,icon_seamless_eps,40,1,0,0,0
2026-08-02,성남시수정구,2026-08-03T05:00,ncep_gefs_seamless,31,1,0,0,0
2026-08-02,성남시수정구,2026-08-03T05:00,ecmwf_ifs025_ensemble,51,1,0,0,0
2026-08-02,성남시수정구,2026-08-03T05:00,gem_global_ensemble,21,1,0,0,0
2026-08-02,성남시수정구,2026-08-03T06:00,ensemble,143,1,0,0,0
2026-08-02,성남시수정구,2026-08-03T06:00,icon_seamless_eps,40,1,0,0,0
2026-08-02,성남시수정구,2026-08-03T06:00,ncep_gefs_seamless,31,1,0,0,0
2026-08-02,성남시수정구,2026-08-03T06:00,ecmwf_ifs025_ensemble,51,1,0,0,0
2026-08-02,성남시수정구,2026-08-03T06:00,gem_global_ensemble,21,1,0,0,0
2026-08-02,성남시수정구,2026-08-03T07:00,ensemble,143,0.965,0.035,0,0
2026-08-02,성남시수정구,2026-08-03T07:00,icon_seamless_eps,40,1,0,0,0
2026-08-02,성남시수정구,2026-08-03T07:00,ncep_gefs_seamless,31,1,0,0,0
2026-08-02,성남시수정구,2026-08-03T07:00,ecmwf_ifs025_ensemble,51,0.902,0.098,0,0
2026-08-02,성남시수정구,2026-08-03T07:00,gem_global_ensemble,21,1,0,0,0
2026-08-02,성남시수정구,2026-08-03T08:00,ensemble,143,0.965,0.035,0,0
2026-08-02,성남시수정구,2026-08-03T08:00,icon_seamless_eps,40,1,0,0,0
2026-08-02,성남시수정구,2026-08-03T08:00,ncep_gefs_seamless,31,1,0,0,0
2026-08-02,성남시수정구,2026-08-03T08:00,ecmwf_ifs025_ensemble,51,0.902,0.098,0,0
2026-08-02,성남시수정구,2026-08-03T08:00,gem_global_ensemble,21,1,0,0,0
2026-08-02,성남시수정구,2026-08-03T09:00,ensemble,143,0.965,0.035,0,0
2026-08-02,성남시수정구,2026-08-03T09:00,icon_seamless_eps,40,1,0,0,0
2026-08-02,성남시수정구,2026-08-03T09:00,ncep_gefs_seamless,31,1,0,0,0
2026-08-02,성남시수정구,2026-08-03T09:00,ecmwf_ifs025_ensemble,51,0.902,0.098,0,0
2026-08-02,성남시수정구,2026-08-03T09:00,gem_global_ensemble,21,1,0,0,0
2026-08-02,성남시수정구,2026-08-03T10:00,ensemble,143,0.86,0.14,0,0
2026-08-02,성남시수정구,2026-08-03T10:00,icon_seamless_eps,40,1,0,0,0
2026-08-02,성남시수정구,2026-08-03T10:00,ncep_gefs_seamless,31,1,0,0,0
2026-08-02,성남시수정구,2026-08-03T10:00,ecmwf_ifs025_ensemble,51,0.627,0.373,0,0
2026-08-02,성남시수정구,2026-08-03T10:00,gem_global_ensemble,21,0.952,0.048,0,0
2026-08-02,성남시수정구,2026-08-03T11:00,ensemble,143,0.86,0.14,0,0
2026-08-02,성남시수정구,2026-08-03T11:00,icon_seamless_eps,40,1,0,0,0
2026-08-02,성남시수정구,2026-08-03T11:00,ncep_gefs_seamless,31,1,0,0,0
2026-08-02,성남시수정구,2026-08-03T11:00,ecmwf_ifs025_ensemble,51,0.627,0.373,0,0
2026-08-02,성남시수정구,2026-08-03T11:00,gem_global_ensemble,21,0.952,0.048,0,0
2026-08-02,성남시수정구,2026-08-03T12:00,ensemble,143,0.86,0.14,0,0
2026-08-02,성남시수정구,2026-08-03T12:00,icon_seamless_eps,40,1,0,0,0
2026-08-02,성남시수정구,2026-08-03T12:00,ncep_gefs_seamless,31,1,0,0,0
2026-08-02,성남시수정구,2026-08-03T12:00,ecmwf_ifs025_ensemble,51,0.627,0.373,0,0
2026-08-02,성남시수정구,2026-08-03T12:00,gem_global_ensemble,21,0.952,0.048,0,0
2026-08-02,성남시수정구,2026-08-03T13:00,ensemble,143,0.811,0.175,0.014,0
2026-08-02,성남시수정구,2026-08-03T13:00,icon_seamless_eps,40,1,0,0,0
2026-08-02,성남시수정구,2026-08-03T13:00,ncep_gefs_seamless,31,1,0,0,0
2026-08-02,성남시수정구,2026-08-03T13:00,ecmwf_ifs025_ensemble,51,0.647,0.353,0,0
2026-08-02,성남시수정구,2026-08-03T13:00,gem_global_ensemble,21,0.571,0.333,0.095,0
2026-08-02,성남시수정구,2026-08-03T14:00,ensemble,143,0.811,0.175,0.014,0
2026-08-02,성남시수정구,2026-08-03T14:00,icon_seamless_eps,40,1,0,0,0
2026-08-02,성남시수정구,2026-08-03T14:00,ncep_gefs_seamless,31,1,0,0,0
2026-08-02,성남시수정구,2026-08-03T14:00,ecmwf_ifs025_ensemble,51,0.647,0.353,0,0
2026-08-02,성남시수정구,2026-08-03T14:00,gem_global_ensemble,21,0.571,0.333,0.095,0
2026-08-02,성남시수정구,2026-08-03T15:00,ensemble,143,0.811,0.175,0.014,0
2026-08-02,성남시수정구,2026-08-03T15:00,icon_seamless_eps,40,1,0,0,0
2026-08-02,성남시수정구,2026-08-03T15:00,ncep_gefs_seamless,31,1,0,0,0
2026-08-02,성남시수정구,2026-08-03T15:00,ecmwf_ifs025_ensemble,51,0.647,0.353,0,0
2026-08-02,성남시수정구,2026-08-03T15:00,gem_global_ensemble,21,0.571,0.333,0.095,0
2026-08-02,성남시수정구,2026-08-03T16:00,ensemble,143,0.874,0.119,0.007,0
2026-08-02,성남시수정구,2026-08-03T16:00,icon_seamless_eps,40,1,0,0,0
2026-08-02,성남시수정구,2026-08-03T16:00,ncep_gefs_seamless,31,1,0,0,0
2026-08-02,성남시수정구,2026-08-03T16:00,ecmwf_ifs025_ensemble,51,0.745,0.255,0,0
2026-08-02,성남시수정구,2026-08-03T16:00,gem_global_ensemble,21,0.762,0.19,0.048,0
2026-08-02,성남시수정구,2026-08-03T17:00,ensemble,143,0.874,0.119,0.007,0
2026-08-02,성남시수정구,2026-08-03T17:00,icon_seamless_eps,40,1,0,0,0
2026-08-02,성남시수정구,2026-08-03T17:00,ncep_gefs_seamless,31,1,0,0,0
2026-08-02,성남시수정구,2026-08-03T17:00,ecmwf_ifs025_ensemble,51,0.745,0.255,0,0
2026-08-02,성남시수정구,2026-08-03T17:00,gem_global_ensemble,21,0.762,0.19,0.048,0
2026-08-02,성남시수정구,2026-08-03T18:00,ensemble,143,0.867,0.126,0.007,0
2026-08-02,성남시수정구,2026-08-03T18:00,icon_seamless_eps,40,0.975,0.025,0,0
2026-08-02,성남시수정구,2026-08-03T18:00,ncep_gefs_seamless,31,1,0,0,0
2026-08-02,성남시수정구,2026-08-03T18:00,ecmwf_ifs025_ensemble,51,0.745,0.255,0,0
2026-08-02,성남시수정구,2026-08-03T18:00,gem_global_ensemble,21,0.762,0.19,0.048,0
2026-08-02,성남시수정구,2026-08-03T19:00,ensemble,143,0.979,0.021,0,0
2026-08-02,성남시수정구,2026-08-03T19:00,icon_seamless_eps,40,0.975,0.025,0,0
2026-08-02,성남시수정구,2026-08-03T19:00,ncep_gefs_seamless,31,1,0,0,0
2026-08-02,성남시수정구,2026-08-03T19:00,ecmwf_ifs025_ensemble,51,0.98,0.02,0,0
2026-08-02,성남시수정구,2026-08-03T19:00,gem_global_ensemble,21,0.952,0.048,0,0
2026-08-02,성남시수정구,2026-08-03T20:00,ensemble,143,0.986,0.014,0,0
2026-08-02,성남시수정구,2026-08-03T20:00,icon_seamless_eps,40,1,0,0,0
2026-08-02,성남시수정구,2026-08-03T20:00,ncep_gefs_seamless,31,1,0,0,0
2026-08-02,성남시수정구,2026-08-03T20:00,ecmwf_ifs025_ensemble,51,0.98,0.02,0,0
2026-08-02,성남시수정구,2026-08-03T20:00,gem_global_ensemble,21,0.952,0.048,0,0
2026-08-02,성남시수정구,2026-08-03T21:00,ensemble,143,0.979,0.021,0,0
2026-08-02,성남시수정구,2026-08-03T21:00,icon_seamless_eps,40,0.975,0.025,0,0
2026-08-02,성남시수정구,2026-08-03T21:00,ncep_gefs_seamless,31,1,0,0,0
2026-08-02,성남시수정구,2026-08-03T21:00,ecmwf_ifs025_ensemble,51,0.98,0.02,0,0
2026-08-02,성남시수정구,2026-08-03T21:00,gem_global_ensemble,21,0.952,0.048,0,0
2026-08-02,성남시수정구,2026-08-03T22:00,ensemble,143,0.993,0.007,0,0
2026-08-02,성남시수정구,2026-08-03T22:00,icon_seamless_eps,40,1,0,0,0
2026-08-02,성남시수정구,2026-08-03T22:00,ncep_gefs_seamless,31,1,0,0,0
2026-08-02,성남시수정구,2026-08-03T22:00,ecmwf_ifs025_ensemble,51,1,0,0,0
2026-08-02,성남시수정구,2026-08-03T22:00,gem_global_ensemble,21,0.952,0.048,0,0
2026-08-02,성남시수정구,2026-08-03T23:00,ensemble,143,0.993,0.007,0,0
2026-08-02,성남시수정구,2026-08-03T23:00,icon_seamless_eps,40,1,0,0,0
2026-08-02,성남시수정구,2026-08-03T23:00,ncep_gefs_seamless,31,1,0,0,0
2026-08-02,성남시수정구,2026-08-03T23:00,ecmwf_ifs025_ensemble,51,1,0,0,0
2026-08-02,성남시수정구,2026-08-03T23:00,gem_global_ensemble,21,0.952,0.048,0,0
2026-08-03,수원시권선구,2026-08-03T00:00,ensemble,143,1,0,0,0
2026-08-03,수원시권선구,2026-08-03T00:00,icon_seamless_eps,40,1,0,0,0
2026-08-03,수원시권선구,2026-08-03T00:00,ncep_gefs_seamless,31,1,0,0,0
2026-08-03,수원시권선구,2026-08-03T00:00,ecmwf_ifs025_ensemble,51,1,0,0,0
2026-08-03,수원시권선구,2026-08-03T00:00,gem_global_ensemble,21,1,0,0,0
2026-08-03,수원시권선구,2026-08-03T01:00,ensemble,143,1,0,0,0
2026-08-03,수원시권선구,2026-08-03T01:00,icon_seamless_eps,40,1,0,0,0
2026-08-03,수원시권선구,2026-08-03T01:00,ncep_gefs_seamless,31,1,0,0,0
2026-08-03,수원시권선구,2026-08-03T01:00,ecmwf_ifs025_ensemble,51,1,0,0,0
2026-08-03,수원시권선구,2026-08-03T01:00,gem_global_ensemble,21,1,0,0,0
2026-08-03,수원시권선구,2026-08-03T02:00,ensemble,143,1,0,0,0
2026-08-03,수원시권선구,2026-08-03T02:00,icon_seamless_eps,40,1,0,0,0
2026-08-03,수원시권선구,2026-08-03T02:00,ncep_gefs_seamless,31,1,0,0,0
2026-08-03,수원시권선구,2026-08-03T02:00,ecmwf_ifs025_ensemble,51,1,0,0,0
2026-08-03,수원시권선구,2026-08-03T02:00,gem_global_ensemble,21,1,0,0,0
2026-08-03,수원시권선구,2026-08-03T03:00,ensemble,143,1,0,0,0
2026-08-03,수원시권선구,2026-08-03T03:00,icon_seamless_eps,40,1,0,0,0
2026-08-03,수원시권선구,2026-08-03T03:00,ncep_gefs_seamless,31,1,0,0,0
2026-08-03,수원시권선구,2026-08-03T03:00,ecmwf_ifs025_ensemble,51,1,0,0,0
2026-08-03,수원시권선구,2026-08-03T03:00,gem_global_ensemble,21,1,0,0,0
2026-08-03,수원시권선구,2026-08-03T04:00,ensemble,143,1,0,0,0
2026-08-03,수원시권선구,2026-08-03T04:00,icon_seamless_eps,40,1,0,0,0
2026-08-03,수원시권선구,2026-08-03T04:00,ncep_gefs_seamless,31,1,0,0,0
2026-08-03,수원시권선구,2026-08-03T04:00,ecmwf_ifs025_ensemble,51,1,0,0,0
2026-08-03,수원시권선구,2026-08-03T04:00,gem_global_ensemble,21,1,0,0,0
2026-08-03,수원시권선구,2026-08-03T05:00,ensemble,143,1,0,0,0
2026-08-03,수원시권선구,2026-08-03T05:00,icon_seamless_eps,40,1,0,0,0
2026-08-03,수원시권선구,2026-08-03T05:00,ncep_gefs_seamless,31,1,0,0,0
2026-08-03,수원시권선구,2026-08-03T05:00,ecmwf_ifs025_ensemble,51,1,0,0,0
2026-08-03,수원시권선구,2026-08-03T05:00,gem_global_ensemble,21,1,0,0,0
2026-08-03,수원시권선구,2026-08-03T06:00,ensemble,143,1,0,0,0
2026-08-03,수원시권선구,2026-08-03T06:00,icon_seamless_eps,40,1,0,0,0
2026-08-03,수원시권선구,2026-08-03T06:00,ncep_gefs_seamless,31,1,0,0,0
2026-08-03,수원시권선구,2026-08-03T06:00,ecmwf_ifs025_ensemble,51,1,0,0,0
2026-08-03,수원시권선구,2026-08-03T06:00,gem_global_ensemble,21,1,0,0,0
2026-08-03,수원시권선구,2026-08-03T07:00,ensemble,143,1,0,0,0
2026-08-03,수원시권선구,2026-08-03T07:00,icon_seamless_eps,40,1,0,0,0
2026-08-03,수원시권선구,2026-08-03T07:00,ncep_gefs_seamless,31,1,0,0,0
2026-08-03,수원시권선구,2026-08-03T07:00,ecmwf_ifs025_ensemble,51,1,0,0,0
2026-08-03,수원시권선구,2026-08-03T07:00,gem_global_ensemble,21,1,0,0,0
2026-08-03,수원시권선구,2026-08-03T08:00,ensemble,143,1,0,0,0
2026-08-03,수원시권선구,2026-08-03T08:00,icon_seamless_eps,40,1,0,0,0
2026-08-03,수원시권선구,2026-08-03T08:00,ncep_gefs_seamless,31,1,0,0,0
2026-08-03,수원시권선구,2026-08-03T08:00,ecmwf_ifs025_ensemble,51,1,0,0,0
2026-08-03,수원시권선구,2026-08-03T08:00,gem_global_ensemble,21,1,0,0,0
2026-08-03,수원시권선구,2026-08-03T09:00,ensemble,143,1,0,0,0
2026-08-03,수원시권선구,2026-08-03T09:00,icon_seamless_eps,40,1,0,0,0
2026-08-03,수원시권선구,2026-08-03T09:00,ncep_gefs_seamless,31,1,0,0,0
2026-08-03,수원시권선구,2026-08-03T09:00,ecmwf_ifs025_ensemble,51,1,0,0,0
2026-08-03,수원시권선구,2026-08-03T09:00,gem_global_ensemble,21,1,0,0,0
2026-08-03,수원시권선구,2026-08-03T10:00,ensemble,143,0.944,0.056,0,0
2026-08-03,수원시권선구,2026-08-03T10:00,icon_seamless_eps,40,1,0,0,0
2026-08-03,수원시권선구,2026-08-03T10:00,ncep_gefs_seamless,31,1,0,0,0
2026-08-03,수원시권선구,2026-08-03T10:00,ecmwf_ifs025_ensemble,51,0.863,0.137,0,0
2026-08-03,수원시권선구,2026-08-03T10:00,gem_global_ensemble,21,0.952,0.048,0,0
2026-08-03,수원시권선구,2026-08-03T11:00,ensemble,143,0.944,0.056,0,0
2026-08-03,수원시권선구,2026-08-03T11:00,icon_seamless_eps,40,1,0,0,0
2026-08-03,수원시권선구,2026-08-03T11:00,ncep_gefs_seamless,31,1,0,0,0
2026-08-03,수원시권선구,2026-08-03T11:00,ecmwf_ifs025_ensemble,51,0.863,0.137,0,0
2026-08-03,수원시권선구,2026-08-03T11:00,gem_global_ensemble,21,0.952,0.048,0,0
2026-08-03,수원시권선구,2026-08-03T12:00,ensemble,143,0.944,0.056,0,0
2026-08-03,수원시권선구,2026-08-03T12:00,icon_seamless_eps,40,1,0,0,0
2026-08-03,수원시권선구,2026-08-03T12:00,ncep_gefs_seamless,31,1,0,0,0
2026-08-03,수원시권선구,2026-08-03T12:00,ecmwf_ifs025_ensemble,51,0.863,0.137,0,0
2026-08-03,수원시권선구,2026-08-03T12:00,gem_global_ensemble,21,0.952,0.048,0,0
2026-08-03,수원시권선구,2026-08-03T13:00,ensemble,143,0.86,0.14,0,0
2026-08-03,수원시권선구,2026-08-03T13:00,icon_seamless_eps,40,1,0,0,0
2026-08-03,수원시권선구,2026-08-03T13:00,ncep_gefs_seamless,31,1,0,0,0
2026-08-03,수원시권선구,2026-08-03T13:00,ecmwf_ifs025_ensemble,51,0.667,0.333,0,0
2026-08-03,수원시권선구,2026-08-03T13:00,gem_global_ensemble,21,0.857,0.143,0,0
2026-08-03,수원시권선구,2026-08-03T14:00,ensemble,143,0.86,0.14,0,0
2026-08-03,수원시권선구,2026-08-03T14:00,icon_seamless_eps,40,1,0,0,0
2026-08-03,수원시권선구,2026-08-03T14:00,ncep_gefs_seamless,31,1,0,0,0
2026-08-03,수원시권선구,2026-08-03T14:00,ecmwf_ifs025_ensemble,51,0.667,0.333,0,0
2026-08-03,수원시권선구,2026-08-03T14:00,gem_global_ensemble,21,0.857,0.143,0,0
2026-08-03,수원시권선구,2026-08-03T15:00,ensemble,143,0.86,0.14,0,0
2026-08-03,수원시권선구,2026-08-03T15:00,icon_seamless_eps,40,1,0,0,0
2026-08-03,수원시권선구,2026-08-03T15:00,ncep_gefs_seamless,31,1,0,0,0
2026-08-03,수원시권선구,2026-08-03T15:00,ecmwf_ifs025_ensemble,51,0.667,0.333,0,0
2026-08-03,수원시권선구,2026-08-03T15:00,gem_global_ensemble,21,0.857,0.143,0,0
2026-08-03,수원시권선구,2026-08-03T16:00,ensemble,143,0.951,0.049,0,0
2026-08-03,수원시권선구,2026-08-03T16:00,icon_seamless_eps,40,1,0,0,0
2026-08-03,수원시권선구,2026-08-03T16:00,ncep_gefs_seamless,31,1,0,0,0
2026-08-03,수원시권선구,2026-08-03T16:00,ecmwf_ifs025_ensemble,51,0.902,0.098,0,0
2026-08-03,수원시권선구,2026-08-03T16:00,gem_global_ensemble,21,0.905,0.095,0,0
2026-08-03,수원시권선구,2026-08-03T17:00,ensemble,143,0.951,0.049,0,0
2026-08-03,수원시권선구,2026-08-03T17:00,icon_seamless_eps,40,1,0,0,0
2026-08-03,수원시권선구,2026-08-03T17:00,ncep_gefs_seamless,31,1,0,0,0
2026-08-03,수원시권선구,2026-08-03T17:00,ecmwf_ifs025_ensemble,51,0.902,0.098,0,0
2026-08-03,수원시권선구,2026-08-03T17:00,gem_global_ensemble,21,0.905,0.095,0,0
2026-08-03,수원시권선구,2026-08-03T18:00,ensemble,143,0.944,0.056,0,0
2026-08-03,수원시권선구,2026-08-03T18:00,icon_seamless_eps,40,0.975,0.025,0,0
2026-08-03,수원시권선구,2026-08-03T18:00,ncep_gefs_seamless,31,1,0,0,0
2026-08-03,수원시권선구,2026-08-03T18:00,ecmwf_ifs025_ensemble,51,0.902,0.098,0,0
2026-08-03,수원시권선구,2026-08-03T18:00,gem_global_ensemble,21,0.905,0.095,0,0
2026-08-03,수원시권선구,2026-08-03T19:00,ensemble,143,1,0,0,0
2026-08-03,수원시권선구,2026-08-03T19:00,icon_seamless_eps,40,1,0,0,0
2026-08-03,수원시권선구,2026-08-03T19:00,ncep_gefs_seamless,31,1,0,0,0
2026-08-03,수원시권선구,2026-08-03T19:00,ecmwf_ifs025_ensemble,51,1,0,0,0
2026-08-03,수원시권선구,2026-08-03T19:00,gem_global_ensemble,21,1,0,0,0
2026-08-03,수원시권선구,2026-08-03T20:00,ensemble,143,1,0,0,0
2026-08-03,수원시권선구,2026-08-03T20:00,icon_seamless_eps,40,1,0,0,0
2026-08-03,수원시권선구,2026-08-03T20:00,ncep_gefs_seamless,31,1,0,0,0
2026-08-03,수원시권선구,2026-08-03T20:00,ecmwf_ifs025_ensemble,51,1,0,0,0
2026-08-03,수원시권선구,2026-08-03T20:00,gem_global_ensemble,21,1,0,0,0
2026-08-03,수원시권선구,2026-08-03T21:00,ensemble,143,1,0,0,0
2026-08-03,수원시권선구,2026-08-03T21:00,icon_seamless_eps,40,1,0,0,0
2026-08-03,수원시권선구,2026-08-03T21:00,ncep_gefs_seamless,31,1,0,0,0
2026-08-03,수원시권선구,2026-08-03T21:00,ecmwf_ifs025_ensemble,51,1,0,0,0
2026-08-03,수원시권선구,2026-08-03T21:00,gem_global_ensemble,21,1,0,0,0
2026-08-03,수원시권선구,2026-08-03T22:00,ensemble,143,0.993,0.007,0,0
2026-08-03,수원시권선구,2026-08-03T22:00,icon_seamless_eps,40,1,0,0,0
2026-08-03,수원시권선구,2026-08-03T22:00,ncep_gefs_seamless,31,0.968,0.032,0,0
2026-08-03,수원시권선구,2026-08-03T22:00,ecmwf_ifs025_ensemble,51,1,0,0,0
2026-08-03,수원시권선구,2026-08-03T22:00,gem_global_ensemble,21,1,0,0,0
2026-08-03,수원시권선구,2026-08-03T23:00,ensemble,143,0.993,0.007,0,0
2026-08-03,수원시권선구,2026-08-03T23:00,icon_seamless_eps,40,1,0,0,0
2026-08-03,수원시권선구,2026-08-03T23:00,ncep_gefs_seamless,31,0.968,0.032,0,0
2026-08-03,수원시권선구,2026-08-03T23:00,ecmwf_ifs025_ensemble,51,1,0,0,0
2026-08-03,수원시권선구,2026-08-03T23:00,gem_global_ensemble,21,1,0,0,0
2026-08-03,수원시권선구,2026-08-04T00:00,ensemble,143,0.993,0.007,0,0
2026-08-03,수원시권선구,2026-08-04T00:00,icon_seamless_eps,40,1,0,0,0
2026-08-03,수원시권선구,2026-08-04T00:00,ncep_gefs_seamless,31,0.968,0.032,0,0
2026-08-03,수원시권선구,2026-08-04T00:00,ecmwf_ifs025_ensemble,51,1,0,0,0
2026-08-03,수원시권선구,2026-08-04T00:00,gem_global_ensemble,21,1,0,0,0
2026-08-03,수원시권선구,2026-08-04T01:00,ensemble,143,0.979,0.021,0,0
2026-08-03,수원시권선구,2026-08-04T01:00,icon_seamless_eps,40,1,0,0,0
2026-08-03,수원시권선구,2026-08-04T01:00,ncep_gefs_seamless,31,0.935,0.065,0,0
2026-08-03,수원시권선구,2026-08-04T01:00,ecmwf_ifs025_ensemble,51,0.98,0.02,0,0
2026-08-03,수원시권선구,2026-08-04T01:00,gem_global_ensemble,21,1,0,0,0
2026-08-03,수원시권선구,2026-08-04T02:00,ensemble,143,0.979,0.021,0,0
2026-08-03,수원시권선구,2026-08-04T02:00,icon_seamless_eps,40,1,0,0,0
2026-08-03,수원시권선구,2026-08-04T02:00,ncep_gefs_seamless,31,0.935,0.065,0,0
2026-08-03,수원시권선구,2026-08-04T02:00,ecmwf_ifs025_ensemble,51,0.98,0.02,0,0
2026-08-03,수원시권선구,2026-08-04T02:00,gem_global_ensemble,21,1,0,0,0
2026-08-03,수원시권선구,2026-08-04T03:00,ensemble,143,0.972,0.028,0,0
2026-08-03,수원시권선구,2026-08-04T03:00,icon_seamless_eps,40,0.975,0.025,0,0
2026-08-03,수원시권선구,2026-08-04T03:00,ncep_gefs_seamless,31,0.935,0.065,0,0
2026-08-03,수원시권선구,2026-08-04T03:00,ecmwf_ifs025_ensemble,51,0.98,0.02,0,0
2026-08-03,수원시권선구,2026-08-04T03:00,gem_global_ensemble,21,1,0,0,0
2026-08-03,수원시권선구,2026-08-04T04:00,ensemble,143,0.979,0.021,0,0
2026-08-03,수원시권선구,2026-08-04T04:00,icon_seamless_eps,40,0.975,0.025,0,0
2026-08-03,수원시권선구,2026-08-04T04:00,ncep_gefs_seamless,31,0.935,0.065,0,0
2026-08-03,수원시권선구,2026-08-04T04:00,ecmwf_ifs025_ensemble,51,1,0,0,0
2026-08-03,수원시권선구,2026-08-04T04:00,gem_global_ensemble,21,1,0,0,0
2026-08-03,수원시권선구,2026-08-04T05:00,ensemble,143,0.979,0.021,0,0
2026-08-03,수원시권선구,2026-08-04T05:00,icon_seamless_eps,40,0.975,0.025,0,0
2026-08-03,수원시권선구,2026-08-04T05:00,ncep_gefs_seamless,31,0.935,0.065,0,0
2026-08-03,수원시권선구,2026-08-04T05:00,ecmwf_ifs025_ensemble,51,1,0,0,0
2026-08-03,수원시권선구,2026-08-04T05:00,gem_global_ensemble,21,1,0,0,0
2026-08-03,수원시권선구,2026-08-04T06:00,ensemble,143,0.986,0.014,0,0
2026-08-03,수원시권선구,2026-08-04T06:00,icon_seamless_eps,40,1,0,0,0
2026-08-03,수원시권선구,2026-08-04T06:00,ncep_gefs_seamless,31,0.935,0.065,0,0
2026-08-03,수원시권선구,2026-08-04T06:00,ecmwf_ifs025_ensemble,51,1,0,0,0
2026-08-03,수원시권선구,2026-08-04T06:00,gem_global_ensemble,21,1,0,0,0
2026-08-03,수원시권선구,2026-08-04T07:00,ensemble,143,0.993,0.007,0,0
2026-08-03,수원시권선구,2026-08-04T07:00,icon_seamless_eps,40,1,0,0,0
2026-08-03,수원시권선구,2026-08-04T07:00,ncep_gefs_seamless,31,1,0,0,0
2026-08-03,수원시권선구,2026-08-04T07:00,ecmwf_ifs025_ensemble,51,1,0,0,0
2026-08-03,수원시권선구,2026-08-04T07:00,gem_global_ensemble,21,0.952,0.048,0,0
2026-08-03,수원시권선구,2026-08-04T08:00,ensemble,143,0.993,0.007,0,0
2026-08-03,수원시권선구,2026-08-04T08:00,icon_seamless_eps,40,1,0,0,0
2026-08-03,수원시권선구,2026-08-04T08:00,ncep_gefs_seamless,31,1,0,0,0
2026-08-03,수원시권선구,2026-08-04T08:00,ecmwf_ifs025_ensemble,51,1,0,0,0
2026-08-03,수원시권선구,2026-08-04T08:00,gem_global_ensemble,21,0.952,0.048,0,0
2026-08-03,수원시권선구,2026-08-04T09:00,ensemble,143,0.993,0.007,0,0
2026-08-03,수원시권선구,2026-08-04T09:00,icon_seamless_eps,40,1,0,0,0
2026-08-03,수원시권선구,2026-08-04T09:00,ncep_gefs_seamless,31,1,0,0,0
2026-08-03,수원시권선구,2026-08-04T09:00,ecmwf_ifs025_ensemble,51,1,0,0,0
2026-08-03,수원시권선구,2026-08-04T09:00,gem_global_ensemble,21,0.952,0.048,0,0
2026-08-03,수원시권선구,2026-08-04T10:00,ensemble,143,0.909,0.091,0,0
2026-08-03,수원시권선구,2026-08-04T10:00,icon_seamless_eps,40,1,0,0,0
2026-08-03,수원시권선구,2026-08-04T10:00,ncep_gefs_seamless,31,1,0,0,0
2026-08-03,수원시권선구,2026-08-04T10:00,ecmwf_ifs025_ensemble,51,0.824,0.176,0,0
2026-08-03,수원시권선구,2026-08-04T10:00,gem_global_ensemble,21,0.81,0.19,0,0
2026-08-03,수원시권선구,2026-08-04T11:00,ensemble,143,0.909,0.091,0,0
2026-08-03,수원시권선구,2026-08-04T11:00,icon_seamless_eps,40,1,0,0,0
2026-08-03,수원시권선구,2026-08-04T11:00,ncep_gefs_seamless,31,1,0,0,0
2026-08-03,수원시권선구,2026-08-04T11:00,ecmwf_ifs025_ensemble,51,0.824,0.176,0,0
2026-08-03,수원시권선구,2026-08-04T11:00,gem_global_ensemble,21,0.81,0.19,0,0
2026-08-03,수원시권선구,2026-08-04T12:00,ensemble,143,0.902,0.098,0,0
2026-08-03,수원시권선구,2026-08-04T12:00,icon_seamless_eps,40,0.975,0.025,0,0
2026-08-03,수원시권선구,2026-08-04T12:00,ncep_gefs_seamless,31,1,0,0,0
2026-08-03,수원시권선구,2026-08-04T12:00,ecmwf_ifs025_ensemble,51,0.824,0.176,0,0
2026-08-03,수원시권선구,2026-08-04T12:00,gem_global_ensemble,21,0.81,0.19,0,0
2026-08-03,수원시권선구,2026-08-04T13:00,ensemble,143,0.657,0.294,0.035,0.014
2026-08-03,수원시권선구,2026-08-04T13:00,icon_seamless_eps,40,0.975,0.025,0,0
2026-08-03,수원시권선구,2026-08-04T13:00,ncep_gefs_seamless,31,0.774,0.226,0,0
2026-08-03,수원시권선구,2026-08-04T13:00,ecmwf_ifs025_ensemble,51,0.451,0.549,0,0
2026-08-03,수원시권선구,2026-08-04T13:00,gem_global_ensemble,21,0.381,0.286,0.238,0.095
2026-08-03,수원시권선구,2026-08-04T14:00,ensemble,143,0.664,0.287,0.035,0.014
2026-08-03,수원시권선구,2026-08-04T14:00,icon_seamless_eps,40,1,0,0,0
2026-08-03,수원시권선구,2026-08-04T14:00,ncep_gefs_seamless,31,0.774,0.226,0,0
2026-08-03,수원시권선구,2026-08-04T14:00,ecmwf_ifs025_ensemble,51,0.451,0.549,0,0
2026-08-03,수원시권선구,2026-08-04T14:00,gem_global_ensemble,21,0.381,0.286,0.238,0.095
2026-08-03,수원시권선구,2026-08-04T15:00,ensemble,143,0.657,0.294,0.035,0.014
2026-08-03,수원시권선구,2026-08-04T15:00,icon_seamless_eps,40,0.975,0.025,0,0
2026-08-03,수원시권선구,2026-08-04T15:00,ncep_gefs_seamless,31,0.774,0.226,0,0
2026-08-03,수원시권선구,2026-08-04T15:00,ecmwf_ifs025_ensemble,51,0.451,0.549,0,0
2026-08-03,수원시권선구,2026-08-04T15:00,gem_global_ensemble,21,0.381,0.286,0.238,0.095
2026-08-03,수원시권선구,2026-08-04T16:00,ensemble,143,0.552,0.371,0.063,0.014
2026-08-03,수원시권선구,2026-08-04T16:00,icon_seamless_eps,40,0.975,0.025,0,0
2026-08-03,수원시권선구,2026-08-04T16:00,ncep_gefs_seamless,31,0.613,0.387,0,0
2026-08-03,수원시권선구,2026-08-04T16:00,ecmwf_ifs025_ensemble,51,0.314,0.667,0.02,0
2026-08-03,수원시권선구,2026-08-04T16:00,gem_global_ensemble,21,0.238,0.286,0.381,0.095
2026-08-03,수원시권선구,2026-08-04T17:00,ensemble,143,0.545,0.378,0.063,0.014
2026-08-03,수원시권선구,2026-08-04T17:00,icon_seamless_eps,40,0.95,0.05,0,0
2026-08-03,수원시권선구,2026-08-04T17:00,ncep_gefs_seamless,31,0.613,0.387,0,0
2026-08-03,수원시권선구,2026-08-04T17:00,ecmwf_ifs025_ensemble,51,0.314,0.667,0.02,0
2026-08-03,수원시권선구,2026-08-04T17:00,gem_global_ensemble,21,0.238,0.286,0.381,0.095
2026-08-03,수원시권선구,2026-08-04T18:00,ensemble,143,0.531,0.392,0.063,0.014
2026-08-03,수원시권선구,2026-08-04T18:00,icon_seamless_eps,40,0.9,0.1,0,0
2026-08-03,수원시권선구,2026-08-04T18:00,ncep_gefs_seamless,31,0.613,0.387,0,0
2026-08-03,수원시권선구,2026-08-04T18:00,ecmwf_ifs025_ensemble,51,0.314,0.667,0.02,0
2026-08-03,수원시권선구,2026-08-04T18:00,gem_global_ensemble,21,0.238,0.286,0.381,0.095
2026-08-03,수원시권선구,2026-08-04T19:00,ensemble,143,0.734,0.203,0.035,0.028
2026-08-03,수원시권선구,2026-08-04T19:00,icon_seamless_eps,40,0.95,0.05,0,0
2026-08-03,수원시권선구,2026-08-04T19:00,ncep_gefs_seamless,31,0.613,0.387,0,0
2026-08-03,수원시권선구,2026-08-04T19:00,ecmwf_ifs025_ensemble,51,0.745,0.235,0,0.02
2026-08-03,수원시권선구,2026-08-04T19:00,gem_global_ensemble,21,0.476,0.143,0.238,0.143
2026-08-03,수원시권선구,2026-08-04T20:00,ensemble,143,0.741,0.196,0.035,0.028
2026-08-03,수원시권선구,2026-08-04T20:00,icon_seamless_eps,40,0.975,0.025,0,0
2026-08-03,수원시권선구,2026-08-04T20:00,ncep_gefs_seamless,31,0.613,0.387,0,0
2026-08-03,수원시권선구,2026-08-04T20:00,ecmwf_ifs025_ensemble,51,0.745,0.235,0,0.02
2026-08-03,수원시권선구,2026-08-04T20:00,gem_global_ensemble,21,0.476,0.143,0.238,0.143
2026-08-03,수원시권선구,2026-08-04T21:00,ensemble,143,0.741,0.196,0.035,0.028
2026-08-03,수원시권선구,2026-08-04T21:00,icon_seamless_eps,40,0.975,0.025,0,0
2026-08-03,수원시권선구,2026-08-04T21:00,ncep_gefs_seamless,31,0.613,0.387,0,0
2026-08-03,수원시권선구,2026-08-04T21:00,ecmwf_ifs025_ensemble,51,0.745,0.235,0,0.02
2026-08-03,수원시권선구,2026-08-04T21:00,gem_global_ensemble,21,0.476,0.143,0.238,0.143
2026-08-03,수원시권선구,2026-08-04T22:00,ensemble,143,0.902,0.07,0.028,0
2026-08-03,수원시권선구,2026-08-04T22:00,icon_seamless_eps,40,1,0,0,0
2026-08-03,수원시권선구,2026-08-04T22:00,ncep_gefs_seamless,31,0.806,0.194,0,0
2026-08-03,수원시권선구,2026-08-04T22:00,ecmwf_ifs025_ensemble,51,0.941,0.059,0,0
2026-08-03,수원시권선구,2026-08-04T22:00,gem_global_ensemble,21,0.762,0.048,0.19,0
2026-08-03,수원시권선구,2026-08-04T23:00,ensemble,143,0.902,0.07,0.028,0
2026-08-03,수원시권선구,2026-08-04T23:00,icon_seamless_eps,40,1,0,0,0
2026-08-03,수원시권선구,2026-08-04T23:00,ncep_gefs_seamless,31,0.806,0.194,0,0
2026-08-03,수원시권선구,2026-08-04T23:00,ecmwf_ifs025_ensemble,51,0.941,0.059,0,0
2026-08-03,수원시권선구,2026-08-04T23:00,gem_global_ensemble,21,0.762,0.048,0.19,0
2026-08-03,성남시수정구,2026-08-03T00:00,ensemble,143,1,0,0,0
2026-08-03,성남시수정구,2026-08-03T00:00,icon_seamless_eps,40,1,0,0,0
2026-08-03,성남시수정구,2026-08-03T00:00,ncep_gefs_seamless,31,1,0,0,0
2026-08-03,성남시수정구,2026-08-03T00:00,ecmwf_ifs025_ensemble,51,1,0,0,0
2026-08-03,성남시수정구,2026-08-03T00:00,gem_global_ensemble,21,1,0,0,0
2026-08-03,성남시수정구,2026-08-03T01:00,ensemble,143,1,0,0,0
2026-08-03,성남시수정구,2026-08-03T01:00,icon_seamless_eps,40,1,0,0,0
2026-08-03,성남시수정구,2026-08-03T01:00,ncep_gefs_seamless,31,1,0,0,0
2026-08-03,성남시수정구,2026-08-03T01:00,ecmwf_ifs025_ensemble,51,1,0,0,0
2026-08-03,성남시수정구,2026-08-03T01:00,gem_global_ensemble,21,1,0,0,0
2026-08-03,성남시수정구,2026-08-03T02:00,ensemble,143,1,0,0,0
2026-08-03,성남시수정구,2026-08-03T02:00,icon_seamless_eps,40,1,0,0,0
2026-08-03,성남시수정구,2026-08-03T02:00,ncep_gefs_seamless,31,1,0,0,0
2026-08-03,성남시수정구,2026-08-03T02:00,ecmwf_ifs025_ensemble,51,1,0,0,0
2026-08-03,성남시수정구,2026-08-03T02:00,gem_global_ensemble,21,1,0,0,0
2026-08-03,성남시수정구,2026-08-03T03:00,ensemble,143,1,0,0,0
2026-08-03,성남시수정구,2026-08-03T03:00,icon_seamless_eps,40,1,0,0,0
2026-08-03,성남시수정구,2026-08-03T03:00,ncep_gefs_seamless,31,1,0,0,0
2026-08-03,성남시수정구,2026-08-03T03:00,ecmwf_ifs025_ensemble,51,1,0,0,0
2026-08-03,성남시수정구,2026-08-03T03:00,gem_global_ensemble,21,1,0,0,0
2026-08-03,성남시수정구,2026-08-03T04:00,ensemble,143,1,0,0,0
2026-08-03,성남시수정구,2026-08-03T04:00,icon_seamless_eps,40,1,0,0,0
2026-08-03,성남시수정구,2026-08-03T04:00,ncep_gefs_seamless,31,1,0,0,0
2026-08-03,성남시수정구,2026-08-03T04:00,ecmwf_ifs025_ensemble,51,1,0,0,0
2026-08-03,성남시수정구,2026-08-03T04:00,gem_global_ensemble,21,1,0,0,0
2026-08-03,성남시수정구,2026-08-03T05:00,ensemble,143,1,0,0,0
2026-08-03,성남시수정구,2026-08-03T05:00,icon_seamless_eps,40,1,0,0,0
2026-08-03,성남시수정구,2026-08-03T05:00,ncep_gefs_seamless,31,1,0,0,0
2026-08-03,성남시수정구,2026-08-03T05:00,ecmwf_ifs025_ensemble,51,1,0,0,0
2026-08-03,성남시수정구,2026-08-03T05:00,gem_global_ensemble,21,1,0,0,0
2026-08-03,성남시수정구,2026-08-03T06:00,ensemble,143,1,0,0,0
2026-08-03,성남시수정구,2026-08-03T06:00,icon_seamless_eps,40,1,0,0,0
2026-08-03,성남시수정구,2026-08-03T06:00,ncep_gefs_seamless,31,1,0,0,0
2026-08-03,성남시수정구,2026-08-03T06:00,ecmwf_ifs025_ensemble,51,1,0,0,0
2026-08-03,성남시수정구,2026-08-03T06:00,gem_global_ensemble,21,1,0,0,0
2026-08-03,성남시수정구,2026-08-03T07:00,ensemble,143,1,0,0,0
2026-08-03,성남시수정구,2026-08-03T07:00,icon_seamless_eps,40,1,0,0,0
2026-08-03,성남시수정구,2026-08-03T07:00,ncep_gefs_seamless,31,1,0,0,0
2026-08-03,성남시수정구,2026-08-03T07:00,ecmwf_ifs025_ensemble,51,1,0,0,0
2026-08-03,성남시수정구,2026-08-03T07:00,gem_global_ensemble,21,1,0,0,0
2026-08-03,성남시수정구,2026-08-03T08:00,ensemble,143,1,0,0,0
2026-08-03,성남시수정구,2026-08-03T08:00,icon_seamless_eps,40,1,0,0,0
2026-08-03,성남시수정구,2026-08-03T08:00,ncep_gefs_seamless,31,1,0,0,0
2026-08-03,성남시수정구,2026-08-03T08:00,ecmwf_ifs025_ensemble,51,1,0,0,0
2026-08-03,성남시수정구,2026-08-03T08:00,gem_global_ensemble,21,1,0,0,0
2026-08-03,성남시수정구,2026-08-03T09:00,ensemble,143,1,0,0,0
2026-08-03,성남시수정구,2026-08-03T09:00,icon_seamless_eps,40,1,0,0,0
2026-08-03,성남시수정구,2026-08-03T09:00,ncep_gefs_seamless,31,1,0,0,0
2026-08-03,성남시수정구,2026-08-03T09:00,ecmwf_ifs025_ensemble,51,1,0,0,0
2026-08-03,성남시수정구,2026-08-03T09:00,gem_global_ensemble,21,1,0,0,0
2026-08-03,성남시수정구,2026-08-03T10:00,ensemble,143,0.923,0.077,0,0
2026-08-03,성남시수정구,2026-08-03T10:00,icon_seamless_eps,40,1,0,0,0
2026-08-03,성남시수정구,2026-08-03T10:00,ncep_gefs_seamless,31,1,0,0,0
2026-08-03,성남시수정구,2026-08-03T10:00,ecmwf_ifs025_ensemble,51,0.804,0.196,0,0
2026-08-03,성남시수정구,2026-08-03T10:00,gem_global_ensemble,21,0.952,0.048,0,0
2026-08-03,성남시수정구,2026-08-03T11:00,ensemble,143,0.923,0.077,0,0
2026-08-03,성남시수정구,2026-08-03T11:00,icon_seamless_eps,40,1,0,0,0
2026-08-03,성남시수정구,2026-08-03T11:00,ncep_gefs_seamless,31,1,0,0,0
2026-08-03,성남시수정구,2026-08-03T11:00,ecmwf_ifs025_ensemble,51,0.804,0.196,0,0
2026-08-03,성남시수정구,2026-08-03T11:00,gem_global_ensemble,21,0.952,0.048,0,0
2026-08-03,성남시수정구,2026-08-03T12:00,ensemble,143,0.923,0.077,0,0
2026-08-03,성남시수정구,2026-08-03T12:00,icon_seamless_eps,40,1,0,0,0
2026-08-03,성남시수정구,2026-08-03T12:00,ncep_gefs_seamless,31,1,0,0,0
2026-08-03,성남시수정구,2026-08-03T12:00,ecmwf_ifs025_ensemble,51,0.804,0.196,0,0
2026-08-03,성남시수정구,2026-08-03T12:00,gem_global_ensemble,21,0.952,0.048,0,0
2026-08-03,성남시수정구,2026-08-03T13:00,ensemble,143,0.818,0.182,0,0
2026-08-03,성남시수정구,2026-08-03T13:00,icon_seamless_eps,40,1,0,0,0
2026-08-03,성남시수정구,2026-08-03T13:00,ncep_gefs_seamless,31,1,0,0,0
2026-08-03,성남시수정구,2026-08-03T13:00,ecmwf_ifs025_ensemble,51,0.549,0.451,0,0
2026-08-03,성남시수정구,2026-08-03T13:00,gem_global_ensemble,21,0.857,0.143,0,0
2026-08-03,성남시수정구,2026-08-03T14:00,ensemble,143,0.818,0.182,0,0
2026-08-03,성남시수정구,2026-08-03T14:00,icon_seamless_eps,40,1,0,0,0
2026-08-03,성남시수정구,2026-08-03T14:00,ncep_gefs_seamless,31,1,0,0,0
2026-08-03,성남시수정구,2026-08-03T14:00,ecmwf_ifs025_ensemble,51,0.549,0.451,0,0
2026-08-03,성남시수정구,2026-08-03T14:00,gem_global_ensemble,21,0.857,0.143,0,0
2026-08-03,성남시수정구,2026-08-03T15:00,ensemble,143,0.818,0.182,0,0
2026-08-03,성남시수정구,2026-08-03T15:00,icon_seamless_eps,40,1,0,0,0
2026-08-03,성남시수정구,2026-08-03T15:00,ncep_gefs_seamless,31,1,0,0,0
2026-08-03,성남시수정구,2026-08-03T15:00,ecmwf_ifs025_ensemble,51,0.549,0.451,0,0
2026-08-03,성남시수정구,2026-08-03T15:00,gem_global_ensemble,21,0.857,0.143,0,0
2026-08-03,성남시수정구,2026-08-03T16:00,ensemble,143,0.867,0.133,0,0
2026-08-03,성남시수정구,2026-08-03T16:00,icon_seamless_eps,40,1,0,0,0
2026-08-03,성남시수정구,2026-08-03T16:00,ncep_gefs_seamless,31,1,0,0,0
2026-08-03,성남시수정구,2026-08-03T16:00,ecmwf_ifs025_ensemble,51,0.667,0.333,0,0
2026-08-03,성남시수정구,2026-08-03T16:00,gem_global_ensemble,21,0.905,0.095,0,0
2026-08-03,성남시수정구,2026-08-03T17:00,ensemble,143,0.86,0.14,0,0
2026-08-03,성남시수정구,2026-08-03T17:00,icon_seamless_eps,40,0.975,0.025,0,0
2026-08-03,성남시수정구,2026-08-03T17:00,ncep_gefs_seamless,31,1,0,0,0
2026-08-03,성남시수정구,2026-08-03T17:00,ecmwf_ifs025_ensemble,51,0.667,0.333,0,0
2026-08-03,성남시수정구,2026-08-03T17:00,gem_global_ensemble,21,0.905,0.095,0,0
2026-08-03,성남시수정구,2026-08-03T18:00,ensemble,143,0.86,0.14,0,0
2026-08-03,성남시수정구,2026-08-03T18:00,icon_seamless_eps,40,0.975,0.025,0,0
2026-08-03,성남시수정구,2026-08-03T18:00,ncep_gefs_seamless,31,1,0,0,0
2026-08-03,성남시수정구,2026-08-03T18:00,ecmwf_ifs025_ensemble,51,0.667,0.333,0,0
2026-08-03,성남시수정구,2026-08-03T18:00,gem_global_ensemble,21,0.905,0.095,0,0
2026-08-03,성남시수정구,2026-08-03T19:00,ensemble,143,1,0,0,0
2026-08-03,성남시수정구,2026-08-03T19:00,icon_seamless_eps,40,1,0,0,0
2026-08-03,성남시수정구,2026-08-03T19:00,ncep_gefs_seamless,31,1,0,0,0
2026-08-03,성남시수정구,2026-08-03T19:00,ecmwf_ifs025_ensemble,51,1,0,0,0
2026-08-03,성남시수정구,2026-08-03T19:00,gem_global_ensemble,21,1,0,0,0
2026-08-03,성남시수정구,2026-08-03T20:00,ensemble,143,1,0,0,0
2026-08-03,성남시수정구,2026-08-03T20:00,icon_seamless_eps,40,1,0,0,0
2026-08-03,성남시수정구,2026-08-03T20:00,ncep_gefs_seamless,31,1,0,0,0
2026-08-03,성남시수정구,2026-08-03T20:00,ecmwf_ifs025_ensemble,51,1,0,0,0
2026-08-03,성남시수정구,2026-08-03T20:00,gem_global_ensemble,21,1,0,0,0
2026-08-03,성남시수정구,2026-08-03T21:00,ensemble,143,1,0,0,0
2026-08-03,성남시수정구,2026-08-03T21:00,icon_seamless_eps,40,1,0,0,0
2026-08-03,성남시수정구,2026-08-03T21:00,ncep_gefs_seamless,31,1,0,0,0
2026-08-03,성남시수정구,2026-08-03T21:00,ecmwf_ifs025_ensemble,51,1,0,0,0
2026-08-03,성남시수정구,2026-08-03T21:00,gem_global_ensemble,21,1,0,0,0
2026-08-03,성남시수정구,2026-08-03T22:00,ensemble,143,0.986,0.014,0,0
2026-08-03,성남시수정구,2026-08-03T22:00,icon_seamless_eps,40,1,0,0,0
2026-08-03,성남시수정구,2026-08-03T22:00,ncep_gefs_seamless,31,0.935,0.065,0,0
2026-08-03,성남시수정구,2026-08-03T22:00,ecmwf_ifs025_ensemble,51,1,0,0,0
2026-08-03,성남시수정구,2026-08-03T22:00,gem_global_ensemble,21,1,0,0,0
2026-08-03,성남시수정구,2026-08-03T23:00,ensemble,143,0.986,0.014,0,0
2026-08-03,성남시수정구,2026-08-03T23:00,icon_seamless_eps,40,1,0,0,0
2026-08-03,성남시수정구,2026-08-03T23:00,ncep_gefs_seamless,31,0.935,0.065,0,0
2026-08-03,성남시수정구,2026-08-03T23:00,ecmwf_ifs025_ensemble,51,1,0,0,0
2026-08-03,성남시수정구,2026-08-03T23:00,gem_global_ensemble,21,1,0,0,0
2026-08-03,성남시수정구,2026-08-04T00:00,ensemble,143,0.986,0.014,0,0
2026-08-03,성남시수정구,2026-08-04T00:00,icon_seamless_eps,40,1,0,0,0
2026-08-03,성남시수정구,2026-08-04T00:00,ncep_gefs_seamless,31,0.935,0.065,0,0
2026-08-03,성남시수정구,2026-08-04T00:00,ecmwf_ifs025_ensemble,51,1,0,0,0
2026-08-03,성남시수정구,2026-08-04T00:00,gem_global_ensemble,21,1,0,0,0
2026-08-03,성남시수정구,2026-08-04T01:00,ensemble,143,0.979,0.021,0,0
2026-08-03,성남시수정구,2026-08-04T01:00,icon_seamless_eps,40,1,0,0,0
2026-08-03,성남시수정구,2026-08-04T01:00,ncep_gefs_seamless,31,0.968,0.032,0,0
2026-08-03,성남시수정구,2026-08-04T01:00,ecmwf_ifs025_ensemble,51,0.961,0.039,0,0
2026-08-03,성남시수정구,2026-08-04T01:00,gem_global_ensemble,21,1,0,0,0
2026-08-03,성남시수정구,2026-08-04T02:00,ensemble,143,0.979,0.021,0,0
2026-08-03,성남시수정구,2026-08-04T02:00,icon_seamless_eps,40,1,0,0,0
2026-08-03,성남시수정구,2026-08-04T02:00,ncep_gefs_seamless,31,0.968,0.032,0,0
2026-08-03,성남시수정구,2026-08-04T02:00,ecmwf_ifs025_ensemble,51,0.961,0.039,0,0
2026-08-03,성남시수정구,2026-08-04T02:00,gem_global_ensemble,21,1,0,0,0
2026-08-03,성남시수정구,2026-08-04T03:00,ensemble,143,0.979,0.021,0,0
2026-08-03,성남시수정구,2026-08-04T03:00,icon_seamless_eps,40,1,0,0,0
2026-08-03,성남시수정구,2026-08-04T03:00,ncep_gefs_seamless,31,0.968,0.032,0,0
2026-08-03,성남시수정구,2026-08-04T03:00,ecmwf_ifs025_ensemble,51,0.961,0.039,0,0
2026-08-03,성남시수정구,2026-08-04T03:00,gem_global_ensemble,21,1,0,0,0
2026-08-03,성남시수정구,2026-08-04T04:00,ensemble,143,0.972,0.028,0,0
2026-08-03,성남시수정구,2026-08-04T04:00,icon_seamless_eps,40,0.975,0.025,0,0
2026-08-03,성남시수정구,2026-08-04T04:00,ncep_gefs_seamless,31,0.968,0.032,0,0
2026-08-03,성남시수정구,2026-08-04T04:00,ecmwf_ifs025_ensemble,51,0.961,0.039,0,0
2026-08-03,성남시수정구,2026-08-04T04:00,gem_global_ensemble,21,1,0,0,0
2026-08-03,성남시수정구,2026-08-04T05:00,ensemble,143,0.979,0.021,0,0
2026-08-03,성남시수정구,2026-08-04T05:00,icon_seamless_eps,40,1,0,0,0
2026-08-03,성남시수정구,2026-08-04T05:00,ncep_gefs_seamless,31,0.968,0.032,0,0
2026-08-03,성남시수정구,2026-08-04T05:00,ecmwf_ifs025_ensemble,51,0.961,0.039,0,0
2026-08-03,성남시수정구,2026-08-04T05:00,gem_global_ensemble,21,1,0,0,0
2026-08-03,성남시수정구,2026-08-04T06:00,ensemble,143,0.979,0.021,0,0
2026-08-03,성남시수정구,2026-08-04T06:00,icon_seamless_eps,40,1,0,0,0
2026-08-03,성남시수정구,2026-08-04T06:00,ncep_gefs_seamless,31,0.968,0.032,0,0
2026-08-03,성남시수정구,2026-08-04T06:00,ecmwf_ifs025_ensemble,51,0.961,0.039,0,0
2026-08-03,성남시수정구,2026-08-04T06:00,gem_global_ensemble,21,1,0,0,0
2026-08-03,성남시수정구,2026-08-04T07:00,ensemble,143,0.993,0.007,0,0
2026-08-03,성남시수정구,2026-08-04T07:00,icon_seamless_eps,40,1,0,0,0
2026-08-03,성남시수정구,2026-08-04T07:00,ncep_gefs_seamless,31,1,0,0,0
2026-08-03,성남시수정구,2026-08-04T07:00,ecmwf_ifs025_ensemble,51,1,0,0,0
2026-08-03,성남시수정구,2026-08-04T07:00,gem_global_ensemble,21,0.952,0.048,0,0
2026-08-03,성남시수정구,2026-08-04T08:00,ensemble,143,0.993,0.007,0,0
2026-08-03,성남시수정구,2026-08-04T08:00,icon_seamless_eps,40,1,0,0,0
2026-08-03,성남시수정구,2026-08-04T08:00,ncep_gefs_seamless,31,1,0,0,0
2026-08-03,성남시수정구,2026-08-04T08:00,ecmwf_ifs025_ensemble,51,1,0,0,0
2026-08-03,성남시수정구,2026-08-04T08:00,gem_global_ensemble,21,0.952,0.048,0,0
2026-08-03,성남시수정구,2026-08-04T09:00,ensemble,143,0.993,0.007,0,0
2026-08-03,성남시수정구,2026-08-04T09:00,icon_seamless_eps,40,1,0,0,0
2026-08-03,성남시수정구,2026-08-04T09:00,ncep_gefs_seamless,31,1,0,0,0
2026-08-03,성남시수정구,2026-08-04T09:00,ecmwf_ifs025_ensemble,51,1,0,0,0
2026-08-03,성남시수정구,2026-08-04T09:00,gem_global_ensemble,21,0.952,0.048,0,0
2026-08-03,성남시수정구,2026-08-04T10:00,ensemble,143,0.853,0.147,0,0
2026-08-03,성남시수정구,2026-08-04T10:00,icon_seamless_eps,40,1,0,0,0
2026-08-03,성남시수정구,2026-08-04T10:00,ncep_gefs_seamless,31,1,0,0,0
2026-08-03,성남시수정구,2026-08-04T10:00,ecmwf_ifs025_ensemble,51,0.667,0.333,0,0
2026-08-03,성남시수정구,2026-08-04T10:00,gem_global_ensemble,21,0.81,0.19,0,0
2026-08-03,성남시수정구,2026-08-04T11:00,ensemble,143,0.853,0.147,0,0
2026-08-03,성남시수정구,2026-08-04T11:00,icon_seamless_eps,40,1,0,0,0
2026-08-03,성남시수정구,2026-08-04T11:00,ncep_gefs_seamless,31,1,0,0,0
2026-08-03,성남시수정구,2026-08-04T11:00,ecmwf_ifs025_ensemble,51,0.667,0.333,0,0
2026-08-03,성남시수정구,2026-08-04T11:00,gem_global_ensemble,21,0.81,0.19,0,0
2026-08-03,성남시수정구,2026-08-04T12:00,ensemble,143,0.853,0.147,0,0
2026-08-03,성남시수정구,2026-08-04T12:00,icon_seamless_eps,40,1,0,0,0
2026-08-03,성남시수정구,2026-08-04T12:00,ncep_gefs_seamless,31,1,0,0,0
2026-08-03,성남시수정구,2026-08-04T12:00,ecmwf_ifs025_ensemble,51,0.667,0.333,0,0
2026-08-03,성남시수정구,2026-08-04T12:00,gem_global_ensemble,21,0.81,0.19,0,0
2026-08-03,성남시수정구,2026-08-04T13:00,ensemble,143,0.755,0.196,0.035,0.014
2026-08-03,성남시수정구,2026-08-04T13:00,icon_seamless_eps,40,1,0,0,0
2026-08-03,성남시수정구,2026-08-04T13:00,ncep_gefs_seamless,31,0.968,0.032,0,0
2026-08-03,성남시수정구,2026-08-04T13:00,ecmwf_ifs025_ensemble,51,0.588,0.412,0,0
2026-08-03,성남시수정구,2026-08-04T13:00,gem_global_ensemble,21,0.381,0.286,0.238,0.095
2026-08-03,성남시수정구,2026-08-04T14:00,ensemble,143,0.755,0.196,0.035,0.014
2026-08-03,성남시수정구,2026-08-04T14:00,icon_seamless_eps,40,1,0,0,0
2026-08-03,성남시수정구,2026-08-04T14:00,ncep_gefs_seamless,31,0.968,0.032,0,0
2026-08-03,성남시수정구,2026-08-04T14:00,ecmwf_ifs025_ensemble,51,0.588,0.412,0,0
2026-08-03,성남시수정구,2026-08-04T14:00,gem_global_ensemble,21,0.381,0.286,0.238,0.095
2026-08-03,성남시수정구,2026-08-04T15:00,ensemble,143,0.755,0.196,0.035,0.014
2026-08-03,성남시수정구,2026-08-04T15:00,icon_seamless_eps,40,1,0,0,0
2026-08-03,성남시수정구,2026-08-04T15:00,ncep_gefs_seamless,31,0.968,0.032,0,0
2026-08-03,성남시수정구,2026-08-04T15:00,ecmwf_ifs025_ensemble,51,0.588,0.412,0,0
2026-08-03,성남시수정구,2026-08-04T15:00,gem_global_ensemble,21,0.381,0.286,0.238,0.095
2026-08-03,성남시수정구,2026-08-04T16:00,ensemble,143,0.692,0.238,0.056,0.014
2026-08-03,성남시수정구,2026-08-04T16:00,icon_seamless_eps,40,0.975,0.025,0,0
2026-08-03,성남시수정구,2026-08-04T16:00,ncep_gefs_seamless,31,1,0,0,0
2026-08-03,성남시수정구,2026-08-04T16:00,ecmwf_ifs025_ensemble,51,0.471,0.529,0,0
2026-08-03,성남시수정구,2026-08-04T16:00,gem_global_ensemble,21,0.238,0.286,0.381,0.095
2026-08-03,성남시수정구,2026-08-04T17:00,ensemble,143,0.685,0.245,0.056,0.014
2026-08-03,성남시수정구,2026-08-04T17:00,icon_seamless_eps,40,0.95,0.05,0,0
2026-08-03,성남시수정구,2026-08-04T17:00,ncep_gefs_seamless,31,1,0,0,0
2026-08-03,성남시수정구,2026-08-04T17:00,ecmwf_ifs025_ensemble,51,0.471,0.529,0,0
2026-08-03,성남시수정구,2026-08-04T17:00,gem_global_ensemble,21,0.238,0.286,0.381,0.095
2026-08-03,성남시수정구,2026-08-04T18:00,ensemble,143,0.685,0.245,0.056,0.014
2026-08-03,성남시수정구,2026-08-04T18:00,icon_seamless_eps,40,0.95,0.05,0,0
2026-08-03,성남시수정구,2026-08-04T18:00,ncep_gefs_seamless,31,1,0,0,0
2026-08-03,성남시수정구,2026-08-04T18:00,ecmwf_ifs025_ensemble,51,0.471,0.529,0,0
2026-08-03,성남시수정구,2026-08-04T18:00,gem_global_ensemble,21,0.238,0.286,0.381,0.095
2026-08-03,성남시수정구,2026-08-04T19:00,ensemble,143,0.804,0.14,0.035,0.021
2026-08-03,성남시수정구,2026-08-04T19:00,icon_seamless_eps,40,0.975,0.025,0,0
2026-08-03,성남시수정구,2026-08-04T19:00,ncep_gefs_seamless,31,0.677,0.323,0,0
2026-08-03,성남시수정구,2026-08-04T19:00,ecmwf_ifs025_ensemble,51,0.882,0.118,0,0
2026-08-03,성남시수정구,2026-08-04T19:00,gem_global_ensemble,21,0.476,0.143,0.238,0.143
2026-08-03,성남시수정구,2026-08-04T20:00,ensemble,143,0.811,0.133,0.035,0.021
2026-08-03,성남시수정구,2026-08-04T20:00,icon_seamless_eps,40,1,0,0,0
2026-08-03,성남시수정구,2026-08-04T20:00,ncep_gefs_seamless,31,0.677,0.323,0,0
2026-08-03,성남시수정구,2026-08-04T20:00,ecmwf_ifs025_ensemble,51,0.882,0.118,0,0
2026-08-03,성남시수정구,2026-08-04T20:00,gem_global_ensemble,21,0.476,0.143,0.238,0.143
2026-08-03,성남시수정구,2026-08-04T21:00,ensemble,143,0.804,0.14,0.035,0.021
2026-08-03,성남시수정구,2026-08-04T21:00,icon_seamless_eps,40,0.975,0.025,0,0
2026-08-03,성남시수정구,2026-08-04T21:00,ncep_gefs_seamless,31,0.677,0.323,0,0
2026-08-03,성남시수정구,2026-08-04T21:00,ecmwf_ifs025_ensemble,51,0.882,0.118,0,0
2026-08-03,성남시수정구,2026-08-04T21:00,gem_global_ensemble,21,0.476,0.143,0.238,0.143
2026-08-03,성남시수정구,2026-08-04T22:00,ensemble,143,0.902,0.07,0.028,0
2026-08-03,성남시수정구,2026-08-04T22:00,icon_seamless_eps,40,1,0,0,0
2026-08-03,성남시수정구,2026-08-04T22:00,ncep_gefs_seamless,31,0.806,0.194,0,0
2026-08-03,성남시수정구,2026-08-04T22:00,ecmwf_ifs025_ensemble,51,0.941,0.059,0,0
2026-08-03,성남시수정구,2026-08-04T22:00,gem_global_ensemble,21,0.762,0.048,0.19,0
2026-08-03,성남시수정구,2026-08-04T23:00,ensemble,143,0.902,0.07,0.028,0
2026-08-03,성남시수정구,2026-08-04T23:00,icon_seamless_eps,40,1,0,0,0
2026-08-03,성남시수정구,2026-08-04T23:00,ncep_gefs_seamless,31,0.806,0.194,0,0
2026-08-03,성남시수정구,2026-08-04T23:00,ecmwf_ifs025_ensemble,51,0.941,0.059,0,0
2026-08-03,성남시수정구,2026-08-04T23:00,gem_global_ensemble,21,0.762,0.048,0.19,0
2026-08-04,수원시권선구,2026-08-04T00:00,ensemble,143,1,0,0,0
2026-08-04,수원시권선구,2026-08-04T00:00,icon_seamless_eps,40,1,0,0,0
2026-08-04,수원시권선구,2026-08-04T00:00,ncep_gefs_seamless,31,1,0,0,0
2026-08-04,수원시권선구,2026-08-04T00:00,ecmwf_ifs025_ensemble,51,1,0,0,0
2026-08-04,수원시권선구,2026-08-04T00:00,gem_global_ensemble,21,1,0,0,0
2026-08-04,수원시권선구,2026-08-04T01:00,ensemble,143,1,0,0,0
2026-08-04,수원시권선구,2026-08-04T01:00,icon_seamless_eps,40,1,0,0,0
2026-08-04,수원시권선구,2026-08-04T01:00,ncep_gefs_seamless,31,1,0,0,0
2026-08-04,수원시권선구,2026-08-04T01:00,ecmwf_ifs025_ensemble,51,1,0,0,0
2026-08-04,수원시권선구,2026-08-04T01:00,gem_global_ensemble,21,1,0,0,0
2026-08-04,수원시권선구,2026-08-04T02:00,ensemble,143,0.993,0.007,0,0
2026-08-04,수원시권선구,2026-08-04T02:00,icon_seamless_eps,40,0.975,0.025,0,0
2026-08-04,수원시권선구,2026-08-04T02:00,ncep_gefs_seamless,31,1,0,0,0
2026-08-04,수원시권선구,2026-08-04T02:00,ecmwf_ifs025_ensemble,51,1,0,0,0
2026-08-04,수원시권선구,2026-08-04T02:00,gem_global_ensemble,21,1,0,0,0
2026-08-04,수원시권선구,2026-08-04T03:00,ensemble,143,0.986,0.007,0.007,0
2026-08-04,수원시권선구,2026-08-04T03:00,icon_seamless_eps,40,0.95,0.025,0.025,0
2026-08-04,수원시권선구,2026-08-04T03:00,ncep_gefs_seamless,31,1,0,0,0
2026-08-04,수원시권선구,2026-08-04T03:00,ecmwf_ifs025_ensemble,51,1,0,0,0
2026-08-04,수원시권선구,2026-08-04T03:00,gem_global_ensemble,21,1,0,0,0
2026-08-04,수원시권선구,2026-08-04T04:00,ensemble,143,0.972,0.028,0,0
2026-08-04,수원시권선구,2026-08-04T04:00,icon_seamless_eps,40,0.9,0.1,0,0
2026-08-04,수원시권선구,2026-08-04T04:00,ncep_gefs_seamless,31,1,0,0,0
2026-08-04,수원시권선구,2026-08-04T04:00,ecmwf_ifs025_ensemble,51,1,0,0,0
2026-08-04,수원시권선구,2026-08-04T04:00,gem_global_ensemble,21,1,0,0,0
2026-08-04,수원시권선구,2026-08-04T05:00,ensemble,143,0.958,0.042,0,0
2026-08-04,수원시권선구,2026-08-04T05:00,icon_seamless_eps,40,0.85,0.15,0,0
2026-08-04,수원시권선구,2026-08-04T05:00,ncep_gefs_seamless,31,1,0,0,0
2026-08-04,수원시권선구,2026-08-04T05:00,ecmwf_ifs025_ensemble,51,1,0,0,0
2026-08-04,수원시권선구,2026-08-04T05:00,gem_global_ensemble,21,1,0,0,0
2026-08-04,수원시권선구,2026-08-04T06:00,ensemble,143,0.972,0.014,0.014,0
2026-08-04,수원시권선구,2026-08-04T06:00,icon_seamless_eps,40,0.9,0.05,0.05,0
2026-08-04,수원시권선구,2026-08-04T06:00,ncep_gefs_seamless,31,1,0,0,0
2026-08-04,수원시권선구,2026-08-04T06:00,ecmwf_ifs025_ensemble,51,1,0,0,0
2026-08-04,수원시권선구,2026-08-04T06:00,gem_global_ensemble,21,1,0,0,0
2026-08-04,수원시권선구,2026-08-04T07:00,ensemble,143,0.986,0.007,0.007,0
2026-08-04,수원시권선구,2026-08-04T07:00,icon_seamless_eps,40,0.95,0.025,0.025,0
2026-08-04,수원시권선구,2026-08-04T07:00,ncep_gefs_seamless,31,1,0,0,0
2026-08-04,수원시권선구,2026-08-04T07:00,ecmwf_ifs025_ensemble,51,1,0,0,0
2026-08-04,수원시권선구,2026-08-04T07:00,gem_global_ensemble,21,1,0,0,0
2026-08-04,수원시권선구,2026-08-04T08:00,ensemble,143,0.993,0.007,0,0
2026-08-04,수원시권선구,2026-08-04T08:00,icon_seamless_eps,40,0.975,0.025,0,0
2026-08-04,수원시권선구,2026-08-04T08:00,ncep_gefs_seamless,31,1,0,0,0
2026-08-04,수원시권선구,2026-08-04T08:00,ecmwf_ifs025_ensemble,51,1,0,0,0
2026-08-04,수원시권선구,2026-08-04T08:00,gem_global_ensemble,21,1,0,0,0
2026-08-04,수원시권선구,2026-08-04T09:00,ensemble,143,1,0,0,0
2026-08-04,수원시권선구,2026-08-04T09:00,icon_seamless_eps,40,1,0,0,0
2026-08-04,수원시권선구,2026-08-04T09:00,ncep_gefs_seamless,31,1,0,0,0
2026-08-04,수원시권선구,2026-08-04T09:00,ecmwf_ifs025_ensemble,51,1,0,0,0
2026-08-04,수원시권선구,2026-08-04T09:00,gem_global_ensemble,21,1,0,0,0
2026-08-04,수원시권선구,2026-08-04T10:00,ensemble,143,0.902,0.098,0,0
2026-08-04,수원시권선구,2026-08-04T10:00,icon_seamless_eps,40,0.975,0.025,0,0
2026-08-04,수원시권선구,2026-08-04T10:00,ncep_gefs_seamless,31,0.935,0.065,0,0
2026-08-04,수원시권선구,2026-08-04T10:00,ecmwf_ifs025_ensemble,51,0.882,0.118,0,0
2026-08-04,수원시권선구,2026-08-04T10:00,gem_global_ensemble,21,0.762,0.238,0,0
2026-08-04,수원시권선구,2026-08-04T11:00,ensemble,143,0.874,0.126,0,0
2026-08-04,수원시권선구,2026-08-04T11:00,icon_seamless_eps,40,0.875,0.125,0,0
2026-08-04,수원시권선구,2026-08-04T11:00,ncep_gefs_seamless,31,0.935,0.065,0,0
2026-08-04,수원시권선구,2026-08-04T11:00,ecmwf_ifs025_ensemble,51,0.882,0.118,0,0
2026-08-04,수원시권선구,2026-08-04T11:00,gem_global_ensemble,21,0.762,0.238,0,0
2026-08-04,수원시권선구,2026-08-04T12:00,ensemble,143,0.867,0.133,0,0
2026-08-04,수원시권선구,2026-08-04T12:00,icon_seamless_eps,40,0.85,0.15,0,0
2026-08-04,수원시권선구,2026-08-04T12:00,ncep_gefs_seamless,31,0.935,0.065,0,0
2026-08-04,수원시권선구,2026-08-04T12:00,ecmwf_ifs025_ensemble,51,0.882,0.118,0,0
2026-08-04,수원시권선구,2026-08-04T12:00,gem_global_ensemble,21,0.762,0.238,0,0
2026-08-04,수원시권선구,2026-08-04T13:00,ensemble,143,0.608,0.343,0.035,0.014
2026-08-04,수원시권선구,2026-08-04T13:00,icon_seamless_eps,40,0.925,0.075,0,0
2026-08-04,수원시권선구,2026-08-04T13:00,ncep_gefs_seamless,31,0.71,0.29,0,0
2026-08-04,수원시권선구,2026-08-04T13:00,ecmwf_ifs025_ensemble,51,0.392,0.608,0,0
2026-08-04,수원시권선구,2026-08-04T13:00,gem_global_ensemble,21,0.381,0.286,0.238,0.095
2026-08-04,수원시권선구,2026-08-04T14:00,ensemble,143,0.615,0.336,0.035,0.014
2026-08-04,수원시권선구,2026-08-04T14:00,icon_seamless_eps,40,0.95,0.05,0,0
2026-08-04,수원시권선구,2026-08-04T14:00,ncep_gefs_seamless,31,0.71,0.29,0,0
2026-08-04,수원시권선구,2026-08-04T14:00,ecmwf_ifs025_ensemble,51,0.392,0.608,0,0
2026-08-04,수원시권선구,2026-08-04T14:00,gem_global_ensemble,21,0.381,0.286,0.238,0.095
2026-08-04,수원시권선구,2026-08-04T15:00,ensemble,143,0.608,0.343,0.035,0.014
2026-08-04,수원시권선구,2026-08-04T15:00,icon_seamless_eps,40,0.925,0.075,0,0
2026-08-04,수원시권선구,2026-08-04T15:00,ncep_gefs_seamless,31,0.71,0.29,0,0
2026-08-04,수원시권선구,2026-08-04T15:00,ecmwf_ifs025_ensemble,51,0.392,0.608,0,0
2026-08-04,수원시권선구,2026-08-04T15:00,gem_global_ensemble,21,0.381,0.286,0.238,0.095
2026-08-04,수원시권선구,2026-08-04T16:00,ensemble,143,0.399,0.531,0.042,0.028
2026-08-04,수원시권선구,2026-08-04T16:00,icon_seamless_eps,40,0.875,0.125,0,0
2026-08-04,수원시권선구,2026-08-04T16:00,ncep_gefs_seamless,31,0.194,0.806,0,0
2026-08-04,수원시권선구,2026-08-04T16:00,ecmwf_ifs025_ensemble,51,0.196,0.804,0,0
2026-08-04,수원시권선구,2026-08-04T16:00,gem_global_ensemble,21,0.286,0.238,0.286,0.19
2026-08-04,수원시권선구,2026-08-04T17:00,ensemble,143,0.392,0.531,0.049,0.028
2026-08-04,수원시권선구,2026-08-04T17:00,icon_seamless_eps,40,0.85,0.125,0.025,0
2026-08-04,수원시권선구,2026-08-04T17:00,ncep_gefs_seamless,31,0.194,0.806,0,0
2026-08-04,수원시권선구,2026-08-04T17:00,ecmwf_ifs025_ensemble,51,0.196,0.804,0,0
2026-08-04,수원시권선구,2026-08-04T17:00,gem_global_ensemble,21,0.286,0.238,0.286,0.19
2026-08-04,수원시권선구,2026-08-04T18:00,ensemble,143,0.378,0.552,0.042,0.028
2026-08-04,수원시권선구,2026-08-04T18:00,icon_seamless_eps,40,0.8,0.2,0,0
2026-08-04,수원시권선구,2026-08-04T18:00,ncep_gefs_seamless,31,0.194,0.806,0,0
2026-08-04,수원시권선구,2026-08-04T18:00,ecmwf_ifs025_ensemble,51,0.196,0.804,0,0
2026-08-04,수원시권선구,2026-08-04T18:00,gem_global_ensemble,21,0.286,0.238,0.286,0.19
2026-08-04,수원시권선구,2026-08-04T19:00,ensemble,143,0.727,0.203,0.063,0.007
2026-08-04,수원시권선구,2026-08-04T19:00,icon_seamless_eps,40,0.9,0.1,0,0
2026-08-04,수원시권선구,2026-08-04T19:00,ncep_gefs_seamless,31,0.484,0.452,0.065,0
2026-08-04,수원시권선구,2026-08-04T19:00,ecmwf_ifs025_ensemble,51,0.882,0.118,0,0
2026-08-04,수원시권선구,2026-08-04T19:00,gem_global_ensemble,21,0.381,0.238,0.333,0.048
2026-08-04,수원시권선구,2026-08-04T20:00,ensemble,143,0.741,0.189,0.063,0.007
2026-08-04,수원시권선구,2026-08-04T20:00,icon_seamless_eps,40,0.95,0.05,0,0
2026-08-04,수원시권선구,2026-08-04T20:00,ncep_gefs_seamless,31,0.484,0.452,0.065,0
2026-08-04,수원시권선구,2026-08-04T20:00,ecmwf_ifs025_ensemble,51,0.882,0.118,0,0
2026-08-04,수원시권선구,2026-08-04T20:00,gem_global_ensemble,21,0.381,0.238,0.333,0.048
2026-08-04,수원시권선구,2026-08-04T21:00,ensemble,143,0.727,0.203,0.063,0.007
2026-08-04,수원시권선구,2026-08-04T21:00,icon_seamless_eps,40,0.9,0.1,0,0
2026-08-04,수원시권선구,2026-08-04T21:00,ncep_gefs_seamless,31,0.484,0.452,0.065,0
2026-08-04,수원시권선구,2026-08-04T21:00,ecmwf_ifs025_ensemble,51,0.882,0.118,0,0
2026-08-04,수원시권선구,2026-08-04T21:00,gem_global_ensemble,21,0.381,0.238,0.333,0.048
2026-08-04,수원시권선구,2026-08-04T22:00,ensemble,143,0.748,0.231,0.021,0
2026-08-04,수원시권선구,2026-08-04T22:00,icon_seamless_eps,40,0.925,0.075,0,0
2026-08-04,수원시권선구,2026-08-04T22:00,ncep_gefs_seamless,31,0.29,0.71,0,0
2026-08-04,수원시권선구,2026-08-04T22:00,ecmwf_ifs025_ensemble,51,0.902,0.098,0,0
2026-08-04,수원시권선구,2026-08-04T22:00,gem_global_ensemble,21,0.714,0.143,0.143,0
2026-08-04,수원시권선구,2026-08-04T23:00,ensemble,143,0.734,0.245,0.021,0
2026-08-04,수원시권선구,2026-08-04T23:00,icon_seamless_eps,40,0.875,0.125,0,0
2026-08-04,수원시권선구,2026-08-04T23:00,ncep_gefs_seamless,31,0.29,0.71,0,0
2026-08-04,수원시권선구,2026-08-04T23:00,ecmwf_ifs025_ensemble,51,0.902,0.098,0,0
2026-08-04,수원시권선구,2026-08-04T23:00,gem_global_ensemble,21,0.714,0.143,0.143,0
2026-08-04,수원시권선구,2026-08-05T00:00,ensemble,143,0.727,0.252,0.021,0
2026-08-04,수원시권선구,2026-08-05T00:00,icon_seamless_eps,40,0.85,0.15,0,0
2026-08-04,수원시권선구,2026-08-05T00:00,ncep_gefs_seamless,31,0.29,0.71,0,0
2026-08-04,수원시권선구,2026-08-05T00:00,ecmwf_ifs025_ensemble,51,0.902,0.098,0,0
2026-08-04,수원시권선구,2026-08-05T00:00,gem_global_ensemble,21,0.714,0.143,0.143,0
2026-08-04,수원시권선구,2026-08-05T01:00,ensemble,143,0.818,0.147,0.035,0
2026-08-04,수원시권선구,2026-08-05T01:00,icon_seamless_eps,40,0.825,0.15,0.025,0
2026-08-04,수원시권선구,2026-08-05T01:00,ncep_gefs_seamless,31,0.516,0.355,0.129,0
2026-08-04,수원시권선구,2026-08-05T01:00,ecmwf_ifs025_ensemble,51,0.961,0.039,0,0
2026-08-04,수원시권선구,2026-08-05T01:00,gem_global_ensemble,21,0.905,0.095,0,0
2026-08-04,수원시권선구,2026-08-05T02:00,ensemble,143,0.825,0.147,0.028,0
2026-08-04,수원시권선구,2026-08-05T02:00,icon_seamless_eps,40,0.85,0.15,0,0
2026-08-04,수원시권선구,2026-08-05T02:00,ncep_gefs_seamless,31,0.516,0.355,0.129,0
2026-08-04,수원시권선구,2026-08-05T02:00,ecmwf_ifs025_ensemble,51,0.961,0.039,0,0
2026-08-04,수원시권선구,2026-08-05T02:00,gem_global_ensemble,21,0.905,0.095,0,0
2026-08-04,수원시권선구,2026-08-05T03:00,ensemble,143,0.853,0.112,0.035,0
2026-08-04,수원시권선구,2026-08-05T03:00,icon_seamless_eps,40,0.95,0.025,0.025,0
2026-08-04,수원시권선구,2026-08-05T03:00,ncep_gefs_seamless,31,0.516,0.355,0.129,0
2026-08-04,수원시권선구,2026-08-05T03:00,ecmwf_ifs025_ensemble,51,0.961,0.039,0,0
2026-08-04,수원시권선구,2026-08-05T03:00,gem_global_ensemble,21,0.905,0.095,0,0
2026-08-04,수원시권선구,2026-08-05T04:00,ensemble,143,0.916,0.084,0,0
2026-08-04,수원시권선구,2026-08-05T04:00,icon_seamless_eps,40,0.975,0.025,0,0
2026-08-04,수원시권선구,2026-08-05T04:00,ncep_gefs_seamless,31,0.677,0.323,0,0
2026-08-04,수원시권선구,2026-08-05T04:00,ecmwf_ifs025_ensemble,51,0.98,0.02,0,0
2026-08-04,수원시권선구,2026-08-05T04:00,gem_global_ensemble,21,1,0,0,0
2026-08-04,수원시권선구,2026-08-05T05:00,ensemble,143,0.923,0.077,0,0
2026-08-04,수원시권선구,2026-08-05T05:00,icon_seamless_eps,40,1,0,0,0
2026-08-04,수원시권선구,2026-08-05T05:00,ncep_gefs_seamless,31,0.677,0.323,0,0
2026-08-04,수원시권선구,2026-08-05T05:00,ecmwf_ifs025_ensemble,51,0.98,0.02,0,0
2026-08-04,수원시권선구,2026-08-05T05:00,gem_global_ensemble,21,1,0,0,0
2026-08-04,수원시권선구,2026-08-05T06:00,ensemble,143,0.923,0.077,0,0
2026-08-04,수원시권선구,2026-08-05T06:00,icon_seamless_eps,40,1,0,0,0
2026-08-04,수원시권선구,2026-08-05T06:00,ncep_gefs_seamless,31,0.677,0.323,0,0
2026-08-04,수원시권선구,2026-08-05T06:00,ecmwf_ifs025_ensemble,51,0.98,0.02,0,0
2026-08-04,수원시권선구,2026-08-05T06:00,gem_global_ensemble,21,1,0,0,0
2026-08-04,수원시권선구,2026-08-05T07:00,ensemble,143,0.979,0.021,0,0
2026-08-04,수원시권선구,2026-08-05T07:00,icon_seamless_eps,40,1,0,0,0
2026-08-04,수원시권선구,2026-08-05T07:00,ncep_gefs_seamless,31,0.935,0.065,0,0
2026-08-04,수원시권선구,2026-08-05T07:00,ecmwf_ifs025_ensemble,51,0.98,0.02,0,0
2026-08-04,수원시권선구,2026-08-05T07:00,gem_global_ensemble,21,1,0,0,0
2026-08-04,수원시권선구,2026-08-05T08:00,ensemble,143,0.979,0.021,0,0
2026-08-04,수원시권선구,2026-08-05T08:00,icon_seamless_eps,40,1,0,0,0
2026-08-04,수원시권선구,2026-08-05T08:00,ncep_gefs_seamless,31,0.935,0.065,0,0
2026-08-04,수원시권선구,2026-08-05T08:00,ecmwf_ifs025_ensemble,51,0.98,0.02,0,0
2026-08-04,수원시권선구,2026-08-05T08:00,gem_global_ensemble,21,1,0,0,0
2026-08-04,수원시권선구,2026-08-05T09:00,ensemble,143,0.979,0.021,0,0
2026-08-04,수원시권선구,2026-08-05T09:00,icon_seamless_eps,40,1,0,0,0
2026-08-04,수원시권선구,2026-08-05T09:00,ncep_gefs_seamless,31,0.935,0.065,0,0
2026-08-04,수원시권선구,2026-08-05T09:00,ecmwf_ifs025_ensemble,51,0.98,0.02,0,0
2026-08-04,수원시권선구,2026-08-05T09:00,gem_global_ensemble,21,1,0,0,0
2026-08-04,수원시권선구,2026-08-05T10:00,ensemble,143,0.797,0.203,0,0
2026-08-04,수원시권선구,2026-08-05T10:00,icon_seamless_eps,40,0.975,0.025,0,0
2026-08-04,수원시권선구,2026-08-05T10:00,ncep_gefs_seamless,31,0.871,0.129,0,0
2026-08-04,수원시권선구,2026-08-05T10:00,ecmwf_ifs025_ensemble,51,0.529,0.471,0,0
2026-08-04,수원시권선구,2026-08-05T10:00,gem_global_ensemble,21,1,0,0,0
2026-08-04,수원시권선구,2026-08-05T11:00,ensemble,143,0.79,0.21,0,0
2026-08-04,수원시권선구,2026-08-05T11:00,icon_seamless_eps,40,0.95,0.05,0,0
2026-08-04,수원시권선구,2026-08-05T11:00,ncep_gefs_seamless,31,0.871,0.129,0,0
2026-08-04,수원시권선구,2026-08-05T11:00,ecmwf_ifs025_ensemble,51,0.529,0.471,0,0
2026-08-04,수원시권선구,2026-08-05T11:00,gem_global_ensemble,21,1,0,0,0
2026-08-04,수원시권선구,2026-08-05T12:00,ensemble,143,0.804,0.196,0,0
2026-08-04,수원시권선구,2026-08-05T12:00,icon_seamless_eps,40,1,0,0,0
2026-08-04,수원시권선구,2026-08-05T12:00,ncep_gefs_seamless,31,0.871,0.129,0,0
2026-08-04,수원시권선구,2026-08-05T12:00,ecmwf_ifs025_ensemble,51,0.529,0.471,0,0
2026-08-04,수원시권선구,2026-08-05T12:00,gem_global_ensemble,21,1,0,0,0
2026-08-04,수원시권선구,2026-08-05T13:00,ensemble,143,0.692,0.308,0,0
2026-08-04,수원시권선구,2026-08-05T13:00,icon_seamless_eps,40,0.975,0.025,0,0
2026-08-04,수원시권선구,2026-08-05T13:00,ncep_gefs_seamless,31,0.645,0.355,0,0
2026-08-04,수원시권선구,2026-08-05T13:00,ecmwf_ifs025_ensemble,51,0.412,0.588,0,0
2026-08-04,수원시권선구,2026-08-05T13:00,gem_global_ensemble,21,0.905,0.095,0,0
2026-08-04,수원시권선구,2026-08-05T14:00,ensemble,143,0.699,0.301,0,0
2026-08-04,수원시권선구,2026-08-05T14:00,icon_seamless_eps,40,1,0,0,0
2026-08-04,수원시권선구,2026-08-05T14:00,ncep_gefs_seamless,31,0.645,0.355,0,0
2026-08-04,수원시권선구,2026-08-05T14:00,ecmwf_ifs025_ensemble,51,0.412,0.588,0,0
2026-08-04,수원시권선구,2026-08-05T14:00,gem_global_ensemble,21,0.905,0.095,0,0
2026-08-04,수원시권선구,2026-08-05T15:00,ensemble,143,0.692,0.308,0,0
2026-08-04,수원시권선구,2026-08-05T15:00,icon_seamless_eps,40,0.975,0.025,0,0
2026-08-04,수원시권선구,2026-08-05T15:00,ncep_gefs_seamless,31,0.645,0.355,0,0
2026-08-04,수원시권선구,2026-08-05T15:00,ecmwf_ifs025_ensemble,51,0.412,0.588,0,0
2026-08-04,수원시권선구,2026-08-05T15:00,gem_global_ensemble,21,0.905,0.095,0,0
2026-08-04,수원시권선구,2026-08-05T16:00,ensemble,143,0.79,0.196,0.014,0
2026-08-04,수원시권선구,2026-08-05T16:00,icon_seamless_eps,40,0.975,0.025,0,0
2026-08-04,수원시권선구,2026-08-05T16:00,ncep_gefs_seamless,31,0.806,0.194,0,0
2026-08-04,수원시권선구,2026-08-05T16:00,ecmwf_ifs025_ensemble,51,0.608,0.392,0,0
2026-08-04,수원시권선구,2026-08-05T16:00,gem_global_ensemble,21,0.857,0.048,0.095,0
2026-08-04,수원시권선구,2026-08-05T17:00,ensemble,143,0.797,0.189,0.014,0
2026-08-04,수원시권선구,2026-08-05T17:00,icon_seamless_eps,40,1,0,0,0
2026-08-04,수원시권선구,2026-08-05T17:00,ncep_gefs_seamless,31,0.806,0.194,0,0
2026-08-04,수원시권선구,2026-08-05T17:00,ecmwf_ifs025_ensemble,51,0.608,0.392,0,0
2026-08-04,수원시권선구,2026-08-05T17:00,gem_global_ensemble,21,0.857,0.048,0.095,0
2026-08-04,수원시권선구,2026-08-05T18:00,ensemble,143,0.797,0.189,0.014,0
2026-08-04,수원시권선구,2026-08-05T18:00,icon_seamless_eps,40,1,0,0,0
2026-08-04,수원시권선구,2026-08-05T18:00,ncep_gefs_seamless,31,0.806,0.194,0,0
2026-08-04,수원시권선구,2026-08-05T18:00,ecmwf_ifs025_ensemble,51,0.608,0.392,0,0
2026-08-04,수원시권선구,2026-08-05T18:00,gem_global_ensemble,21,0.857,0.048,0.095,0
2026-08-04,수원시권선구,2026-08-05T19:00,ensemble,143,0.979,0.014,0.007,0
2026-08-04,수원시권선구,2026-08-05T19:00,icon_seamless_eps,40,1,0,0,0
2026-08-04,수원시권선구,2026-08-05T19:00,ncep_gefs_seamless,31,1,0,0,0
2026-08-04,수원시권선구,2026-08-05T19:00,ecmwf_ifs025_ensemble,51,0.961,0.039,0,0
2026-08-04,수원시권선구,2026-08-05T19:00,gem_global_ensemble,21,0.952,0,0.048,0
2026-08-04,수원시권선구,2026-08-05T20:00,ensemble,143,0.979,0.014,0.007,0
2026-08-04,수원시권선구,2026-08-05T20:00,icon_seamless_eps,40,1,0,0,0
2026-08-04,수원시권선구,2026-08-05T20:00,ncep_gefs_seamless,31,1,0,0,0
2026-08-04,수원시권선구,2026-08-05T20:00,ecmwf_ifs025_ensemble,51,0.961,0.039,0,0
2026-08-04,수원시권선구,2026-08-05T20:00,gem_global_ensemble,21,0.952,0,0.048,0
2026-08-04,수원시권선구,2026-08-05T21:00,ensemble,143,0.979,0.014,0.007,0
2026-08-04,수원시권선구,2026-08-05T21:00,icon_seamless_eps,40,1,0,0,0
2026-08-04,수원시권선구,2026-08-05T21:00,ncep_gefs_seamless,31,1,0,0,0
2026-08-04,수원시권선구,2026-08-05T21:00,ecmwf_ifs025_ensemble,51,0.961,0.039,0,0
2026-08-04,수원시권선구,2026-08-05T21:00,gem_global_ensemble,21,0.952,0,0.048,0
2026-08-04,수원시권선구,2026-08-05T22:00,ensemble,143,0.979,0.021,0,0
2026-08-04,수원시권선구,2026-08-05T22:00,icon_seamless_eps,40,1,0,0,0
2026-08-04,수원시권선구,2026-08-05T22:00,ncep_gefs_seamless,31,0.968,0.032,0,0
2026-08-04,수원시권선구,2026-08-05T22:00,ecmwf_ifs025_ensemble,51,0.98,0.02,0,0
2026-08-04,수원시권선구,2026-08-05T22:00,gem_global_ensemble,21,0.952,0.048,0,0
2026-08-04,수원시권선구,2026-08-05T23:00,ensemble,143,0.979,0.021,0,0
2026-08-04,수원시권선구,2026-08-05T23:00,icon_seamless_eps,40,1,0,0,0
2026-08-04,수원시권선구,2026-08-05T23:00,ncep_gefs_seamless,31,0.968,0.032,0,0
2026-08-04,수원시권선구,2026-08-05T23:00,ecmwf_ifs025_ensemble,51,0.98,0.02,0,0
2026-08-04,수원시권선구,2026-08-05T23:00,gem_global_ensemble,21,0.952,0.048,0,0
2026-08-04,성남시수정구,2026-08-04T00:00,ensemble,143,0.993,0.007,0,0
2026-08-04,성남시수정구,2026-08-04T00:00,icon_seamless_eps,40,0.975,0.025,0,0
2026-08-04,성남시수정구,2026-08-04T00:00,ncep_gefs_seamless,31,1,0,0,0
2026-08-04,성남시수정구,2026-08-04T00:00,ecmwf_ifs025_ensemble,51,1,0,0,0
2026-08-04,성남시수정구,2026-08-04T00:00,gem_global_ensemble,21,1,0,0,0
2026-08-04,성남시수정구,2026-08-04T01:00,ensemble,143,0.937,0.063,0,0
2026-08-04,성남시수정구,2026-08-04T01:00,icon_seamless_eps,40,0.825,0.175,0,0
2026-08-04,성남시수정구,2026-08-04T01:00,ncep_gefs_seamless,31,1,0,0,0
2026-08-04,성남시수정구,2026-08-04T01:00,ecmwf_ifs025_ensemble,51,0.961,0.039,0,0
2026-08-04,성남시수정구,2026-08-04T01:00,gem_global_ensemble,21,1,0,0,0
2026-08-04,성남시수정구,2026-08-04T02:00,ensemble,143,0.895,0.077,0.028,0
2026-08-04,성남시수정구,2026-08-04T02:00,icon_seamless_eps,40,0.675,0.225,0.1,0
2026-08-04,성남시수정구,2026-08-04T02:00,ncep_gefs_seamless,31,1,0,0,0
2026-08-04,성남시수정구,2026-08-04T02:00,ecmwf_ifs025_ensemble,51,0.961,0.039,0,0
2026-08-04,성남시수정구,2026-08-04T02:00,gem_global_ensemble,21,1,0,0,0
2026-08-04,성남시수정구,2026-08-04T03:00,ensemble,143,0.86,0.119,0.021,0
2026-08-04,성남시수정구,2026-08-04T03:00,icon_seamless_eps,40,0.55,0.375,0.075,0
2026-08-04,성남시수정구,2026-08-04T03:00,ncep_gefs_seamless,31,1,0,0,0
2026-08-04,성남시수정구,2026-08-04T03:00,ecmwf_ifs025_ensemble,51,0.961,0.039,0,0
2026-08-04,성남시수정구,2026-08-04T03:00,gem_global_ensemble,21,1,0,0,0
2026-08-04,성남시수정구,2026-08-04T04:00,ensemble,143,0.895,0.07,0.028,0.007
2026-08-04,성남시수정구,2026-08-04T04:00,icon_seamless_eps,40,0.625,0.25,0.1,0.025
2026-08-04,성남시수정구,2026-08-04T04:00,ncep_gefs_seamless,31,1,0,0,0
2026-08-04,성남시수정구,2026-08-04T04:00,ecmwf_ifs025_ensemble,51,1,0,0,0
2026-08-04,성남시수정구,2026-08-04T04:00,gem_global_ensemble,21,1,0,0,0
2026-08-04,성남시수정구,2026-08-04T05:00,ensemble,143,0.916,0.028,0.056,0
2026-08-04,성남시수정구,2026-08-04T05:00,icon_seamless_eps,40,0.7,0.1,0.2,0
2026-08-04,성남시수정구,2026-08-04T05:00,ncep_gefs_seamless,31,1,0,0,0
2026-08-04,성남시수정구,2026-08-04T05:00,ecmwf_ifs025_ensemble,51,1,0,0,0
2026-08-04,성남시수정구,2026-08-04T05:00,gem_global_ensemble,21,1,0,0,0
2026-08-04,성남시수정구,2026-08-04T06:00,ensemble,143,0.909,0.063,0.021,0.007
2026-08-04,성남시수정구,2026-08-04T06:00,icon_seamless_eps,40,0.675,0.225,0.075,0.025
2026-08-04,성남시수정구,2026-08-04T06:00,ncep_gefs_seamless,31,1,0,0,0
2026-08-04,성남시수정구,2026-08-04T06:00,ecmwf_ifs025_ensemble,51,1,0,0,0
2026-08-04,성남시수정구,2026-08-04T06:00,gem_global_ensemble,21,1,0,0,0
2026-08-04,성남시수정구,2026-08-04T07:00,ensemble,143,0.951,0.028,0.021,0
2026-08-04,성남시수정구,2026-08-04T07:00,icon_seamless_eps,40,0.825,0.1,0.075,0
2026-08-04,성남시수정구,2026-08-04T07:00,ncep_gefs_seamless,31,1,0,0,0
2026-08-04,성남시수정구,2026-08-04T07:00,ecmwf_ifs025_ensemble,51,1,0,0,0
2026-08-04,성남시수정구,2026-08-04T07:00,gem_global_ensemble,21,1,0,0,0
2026-08-04,성남시수정구,2026-08-04T08:00,ensemble,143,0.986,0.014,0,0
2026-08-04,성남시수정구,2026-08-04T08:00,icon_seamless_eps,40,0.95,0.05,0,0
2026-08-04,성남시수정구,2026-08-04T08:00,ncep_gefs_seamless,31,1,0,0,0
2026-08-04,성남시수정구,2026-08-04T08:00,ecmwf_ifs025_ensemble,51,1,0,0,0
2026-08-04,성남시수정구,2026-08-04T08:00,gem_global_ensemble,21,1,0,0,0
2026-08-04,성남시수정구,2026-08-04T09:00,ensemble,143,1,0,0,0
2026-08-04,성남시수정구,2026-08-04T09:00,icon_seamless_eps,40,1,0,0,0
2026-08-04,성남시수정구,2026-08-04T09:00,ncep_gefs_seamless,31,1,0,0,0
2026-08-04,성남시수정구,2026-08-04T09:00,ecmwf_ifs025_ensemble,51,1,0,0,0
2026-08-04,성남시수정구,2026-08-04T09:00,gem_global_ensemble,21,1,0,0,0
2026-08-04,성남시수정구,2026-08-04T10:00,ensemble,143,0.867,0.133,0,0
2026-08-04,성남시수정구,2026-08-04T10:00,icon_seamless_eps,40,1,0,0,0
2026-08-04,성남시수정구,2026-08-04T10:00,ncep_gefs_seamless,31,1,0,0,0
2026-08-04,성남시수정구,2026-08-04T10:00,ecmwf_ifs025_ensemble,51,0.725,0.275,0,0
2026-08-04,성남시수정구,2026-08-04T10:00,gem_global_ensemble,21,0.762,0.238,0,0
2026-08-04,성남시수정구,2026-08-04T11:00,ensemble,143,0.86,0.14,0,0
2026-08-04,성남시수정구,2026-08-04T11:00,icon_seamless_eps,40,0.975,0.025,0,0
2026-08-04,성남시수정구,2026-08-04T11:00,ncep_gefs_seamless,31,1,0,0,0
2026-08-04,성남시수정구,2026-08-04T11:00,ecmwf_ifs025_ensemble,51,0.725,0.275,0,0
2026-08-04,성남시수정구,2026-08-04T11:00,gem_global_ensemble,21,0.762,0.238,0,0
2026-08-04,성남시수정구,2026-08-04T12:00,ensemble,143,0.853,0.147,0,0
2026-08-04,성남시수정구,2026-08-04T12:00,icon_seamless_eps,40,0.95,0.05,0,0
2026-08-04,성남시수정구,2026-08-04T12:00,ncep_gefs_seamless,31,1,0,0,0
2026-08-04,성남시수정구,2026-08-04T12:00,ecmwf_ifs025_ensemble,51,0.725,0.275,0,0
2026-08-04,성남시수정구,2026-08-04T12:00,gem_global_ensemble,21,0.762,0.238,0,0
2026-08-04,성남시수정구,2026-08-04T13:00,ensemble,143,0.783,0.168,0.035,0.014
2026-08-04,성남시수정구,2026-08-04T13:00,icon_seamless_eps,40,0.975,0.025,0,0
2026-08-04,성남시수정구,2026-08-04T13:00,ncep_gefs_seamless,31,1,0,0,0
2026-08-04,성남시수정구,2026-08-04T13:00,ecmwf_ifs025_ensemble,51,0.667,0.333,0,0
2026-08-04,성남시수정구,2026-08-04T13:00,gem_global_ensemble,21,0.381,0.286,0.238,0.095
2026-08-04,성남시수정구,2026-08-04T14:00,ensemble,143,0.776,0.175,0.035,0.014
2026-08-04,성남시수정구,2026-08-04T14:00,icon_seamless_eps,40,0.95,0.05,0,0
2026-08-04,성남시수정구,2026-08-04T14:00,ncep_gefs_seamless,31,1,0,0,0
2026-08-04,성남시수정구,2026-08-04T14:00,ecmwf_ifs025_ensemble,51,0.667,0.333,0,0
2026-08-04,성남시수정구,2026-08-04T14:00,gem_global_ensemble,21,0.381,0.286,0.238,0.095
2026-08-04,성남시수정구,2026-08-04T15:00,ensemble,143,0.769,0.182,0.035,0.014
2026-08-04,성남시수정구,2026-08-04T15:00,icon_seamless_eps,40,0.925,0.075,0,0
2026-08-04,성남시수정구,2026-08-04T15:00,ncep_gefs_seamless,31,1,0,0,0
2026-08-04,성남시수정구,2026-08-04T15:00,ecmwf_ifs025_ensemble,51,0.667,0.333,0,0
2026-08-04,성남시수정구,2026-08-04T15:00,gem_global_ensemble,21,0.381,0.286,0.238,0.095
2026-08-04,성남시수정구,2026-08-04T16:00,ensemble,143,0.657,0.266,0.049,0.028
2026-08-04,성남시수정구,2026-08-04T16:00,icon_seamless_eps,40,0.925,0.05,0.025,0
2026-08-04,성남시수정구,2026-08-04T16:00,ncep_gefs_seamless,31,0.871,0.129,0,0
2026-08-04,성남시수정구,2026-08-04T16:00,ecmwf_ifs025_ensemble,51,0.471,0.529,0,0
2026-08-04,성남시수정구,2026-08-04T16:00,gem_global_ensemble,21,0.286,0.238,0.286,0.19
2026-08-04,성남시수정구,2026-08-04T17:00,ensemble,143,0.643,0.287,0.042,0.028
2026-08-04,성남시수정구,2026-08-04T17:00,icon_seamless_eps,40,0.875,0.125,0,0
2026-08-04,성남시수정구,2026-08-04T17:00,ncep_gefs_seamless,31,0.871,0.129,0,0
2026-08-04,성남시수정구,2026-08-04T17:00,ecmwf_ifs025_ensemble,51,0.471,0.529,0,0
2026-08-04,성남시수정구,2026-08-04T17:00,gem_global_ensemble,21,0.286,0.238,0.286,0.19
2026-08-04,성남시수정구,2026-08-04T18:00,ensemble,143,0.657,0.273,0.042,0.028
2026-08-04,성남시수정구,2026-08-04T18:00,icon_seamless_eps,40,0.925,0.075,0,0
2026-08-04,성남시수정구,2026-08-04T18:00,ncep_gefs_seamless,31,0.871,0.129,0,0
2026-08-04,성남시수정구,2026-08-04T18:00,ecmwf_ifs025_ensemble,51,0.471,0.529,0,0
2026-08-04,성남시수정구,2026-08-04T18:00,gem_global_ensemble,21,0.286,0.238,0.286,0.19
2026-08-04,성남시수정구,2026-08-04T19:00,ensemble,143,0.755,0.189,0.049,0.007
2026-08-04,성남시수정구,2026-08-04T19:00,icon_seamless_eps,40,0.95,0.05,0,0
2026-08-04,성남시수정구,2026-08-04T19:00,ncep_gefs_seamless,31,0.419,0.581,0,0
2026-08-04,성남시수정구,2026-08-04T19:00,ecmwf_ifs025_ensemble,51,0.961,0.039,0,0
2026-08-04,성남시수정구,2026-08-04T19:00,gem_global_ensemble,21,0.381,0.238,0.333,0.048
2026-08-04,성남시수정구,2026-08-04T20:00,ensemble,143,0.762,0.182,0.049,0.007
2026-08-04,성남시수정구,2026-08-04T20:00,icon_seamless_eps,40,0.975,0.025,0,0
2026-08-04,성남시수정구,2026-08-04T20:00,ncep_gefs_seamless,31,0.419,0.581,0,0
2026-08-04,성남시수정구,2026-08-04T20:00,ecmwf_ifs025_ensemble,51,0.961,0.039,0,0
2026-08-04,성남시수정구,2026-08-04T20:00,gem_global_ensemble,21,0.381,0.238,0.333,0.048
2026-08-04,성남시수정구,2026-08-04T21:00,ensemble,143,0.755,0.189,0.049,0.007
2026-08-04,성남시수정구,2026-08-04T21:00,icon_seamless_eps,40,0.95,0.05,0,0
2026-08-04,성남시수정구,2026-08-04T21:00,ncep_gefs_seamless,31,0.419,0.581,0,0
2026-08-04,성남시수정구,2026-08-04T21:00,ecmwf_ifs025_ensemble,51,0.961,0.039,0,0
2026-08-04,성남시수정구,2026-08-04T21:00,gem_global_ensemble,21,0.381,0.238,0.333,0.048
2026-08-04,성남시수정구,2026-08-04T22:00,ensemble,143,0.867,0.112,0.021,0
2026-08-04,성남시수정구,2026-08-04T22:00,icon_seamless_eps,40,0.925,0.075,0,0
2026-08-04,성남시수정구,2026-08-04T22:00,ncep_gefs_seamless,31,0.806,0.194,0,0
2026-08-04,성남시수정구,2026-08-04T22:00,ecmwf_ifs025_ensemble,51,0.922,0.078,0,0
2026-08-04,성남시수정구,2026-08-04T22:00,gem_global_ensemble,21,0.714,0.143,0.143,0
2026-08-04,성남시수정구,2026-08-04T23:00,ensemble,143,0.86,0.119,0.021,0
2026-08-04,성남시수정구,2026-08-04T23:00,icon_seamless_eps,40,0.9,0.1,0,0
2026-08-04,성남시수정구,2026-08-04T23:00,ncep_gefs_seamless,31,0.806,0.194,0,0
2026-08-04,성남시수정구,2026-08-04T23:00,ecmwf_ifs025_ensemble,51,0.922,0.078,0,0
2026-08-04,성남시수정구,2026-08-04T23:00,gem_global_ensemble,21,0.714,0.143,0.143,0
2026-08-04,성남시수정구,2026-08-05T00:00,ensemble,143,0.867,0.112,0.021,0
2026-08-04,성남시수정구,2026-08-05T00:00,icon_seamless_eps,40,0.925,0.075,0,0
2026-08-04,성남시수정구,2026-08-05T00:00,ncep_gefs_seamless,31,0.806,0.194,0,0
2026-08-04,성남시수정구,2026-08-05T00:00,ecmwf_ifs025_ensemble,51,0.922,0.078,0,0
2026-08-04,성남시수정구,2026-08-05T00:00,gem_global_ensemble,21,0.714,0.143,0.143,0
2026-08-04,성남시수정구,2026-08-05T01:00,ensemble,143,0.846,0.14,0.014,0
2026-08-04,성남시수정구,2026-08-05T01:00,icon_seamless_eps,40,0.925,0.05,0.025,0
2026-08-04,성남시수정구,2026-08-05T01:00,ncep_gefs_seamless,31,0.742,0.226,0.032,0
2026-08-04,성남시수정구,2026-08-05T01:00,ecmwf_ifs025_ensemble,51,0.824,0.176,0,0
2026-08-04,성남시수정구,2026-08-05T01:00,gem_global_ensemble,21,0.905,0.095,0,0
2026-08-04,성남시수정구,2026-08-05T02:00,ensemble,143,0.832,0.154,0.014,0
2026-08-04,성남시수정구,2026-08-05T02:00,icon_seamless_eps,40,0.875,0.1,0.025,0
2026-08-04,성남시수정구,2026-08-05T02:00,ncep_gefs_seamless,31,0.742,0.226,0.032,0
2026-08-04,성남시수정구,2026-08-05T02:00,ecmwf_ifs025_ensemble,51,0.824,0.176,0,0
2026-08-04,성남시수정구,2026-08-05T02:00,gem_global_ensemble,21,0.905,0.095,0,0
2026-08-04,성남시수정구,2026-08-05T03:00,ensemble,143,0.86,0.133,0.007,0
2026-08-04,성남시수정구,2026-08-05T03:00,icon_seamless_eps,40,0.975,0.025,0,0
2026-08-04,성남시수정구,2026-08-05T03:00,ncep_gefs_seamless,31,0.742,0.226,0.032,0
2026-08-04,성남시수정구,2026-08-05T03:00,ecmwf_ifs025_ensemble,51,0.824,0.176,0,0
2026-08-04,성남시수정구,2026-08-05T03:00,gem_global_ensemble,21,0.905,0.095,0,0
2026-08-04,성남시수정구,2026-08-05T04:00,ensemble,143,0.944,0.056,0,0
2026-08-04,성남시수정구,2026-08-05T04:00,icon_seamless_eps,40,0.975,0.025,0,0
2026-08-04,성남시수정구,2026-08-05T04:00,ncep_gefs_seamless,31,0.935,0.065,0,0
2026-08-04,성남시수정구,2026-08-05T04:00,ecmwf_ifs025_ensemble,51,0.902,0.098,0,0
2026-08-04,성남시수정구,2026-08-05T04:00,gem_global_ensemble,21,1,0,0,0
2026-08-04,성남시수정구,2026-08-05T05:00,ensemble,143,0.951,0.049,0,0
2026-08-04,성남시수정구,2026-08-05T05:00,icon_seamless_eps,40,1,0,0,0
2026-08-04,성남시수정구,2026-08-05T05:00,ncep_gefs_seamless,31,0.935,0.065,0,0
2026-08-04,성남시수정구,2026-08-05T05:00,ecmwf_ifs025_ensemble,51,0.902,0.098,0,0
2026-08-04,성남시수정구,2026-08-05T05:00,gem_global_ensemble,21,1,0,0,0
2026-08-04,성남시수정구,2026-08-05T06:00,ensemble,143,0.951,0.049,0,0
2026-08-04,성남시수정구,2026-08-05T06:00,icon_seamless_eps,40,1,0,0,0
2026-08-04,성남시수정구,2026-08-05T06:00,ncep_gefs_seamless,31,0.935,0.065,0,0
2026-08-04,성남시수정구,2026-08-05T06:00,ecmwf_ifs025_ensemble,51,0.902,0.098,0,0
2026-08-04,성남시수정구,2026-08-05T06:00,gem_global_ensemble,21,1,0,0,0
2026-08-04,성남시수정구,2026-08-05T07:00,ensemble,143,0.979,0.021,0,0
2026-08-04,성남시수정구,2026-08-05T07:00,icon_seamless_eps,40,0.975,0.025,0,0
2026-08-04,성남시수정구,2026-08-05T07:00,ncep_gefs_seamless,31,1,0,0,0
2026-08-04,성남시수정구,2026-08-05T07:00,ecmwf_ifs025_ensemble,51,0.961,0.039,0,0
2026-08-04,성남시수정구,2026-08-05T07:00,gem_global_ensemble,21,1,0,0,0
2026-08-04,성남시수정구,2026-08-05T08:00,ensemble,143,0.986,0.014,0,0
2026-08-04,성남시수정구,2026-08-05T08:00,icon_seamless_eps,40,1,0,0,0
2026-08-04,성남시수정구,2026-08-05T08:00,ncep_gefs_seamless,31,1,0,0,0
2026-08-04,성남시수정구,2026-08-05T08:00,ecmwf_ifs025_ensemble,51,0.961,0.039,0,0
2026-08-04,성남시수정구,2026-08-05T08:00,gem_global_ensemble,21,1,0,0,0
2026-08-04,성남시수정구,2026-08-05T09:00,ensemble,143,0.972,0.028,0,0
2026-08-04,성남시수정구,2026-08-05T09:00,icon_seamless_eps,40,0.95,0.05,0,0
2026-08-04,성남시수정구,2026-08-05T09:00,ncep_gefs_seamless,31,1,0,0,0
2026-08-04,성남시수정구,2026-08-05T09:00,ecmwf_ifs025_ensemble,51,0.961,0.039,0,0
2026-08-04,성남시수정구,2026-08-05T09:00,gem_global_ensemble,21,1,0,0,0
2026-08-04,성남시수정구,2026-08-05T10:00,ensemble,143,0.867,0.133,0,0
2026-08-04,성남시수정구,2026-08-05T10:00,icon_seamless_eps,40,0.95,0.05,0,0
2026-08-04,성남시수정구,2026-08-05T10:00,ncep_gefs_seamless,31,1,0,0,0
2026-08-04,성남시수정구,2026-08-05T10:00,ecmwf_ifs025_ensemble,51,0.667,0.333,0,0
2026-08-04,성남시수정구,2026-08-05T10:00,gem_global_ensemble,21,1,0,0,0
2026-08-04,성남시수정구,2026-08-05T11:00,ensemble,143,0.867,0.133,0,0
2026-08-04,성남시수정구,2026-08-05T11:00,icon_seamless_eps,40,0.95,0.05,0,0
2026-08-04,성남시수정구,2026-08-05T11:00,ncep_gefs_seamless,31,1,0,0,0
2026-08-04,성남시수정구,2026-08-05T11:00,ecmwf_ifs025_ensemble,51,0.667,0.333,0,0
2026-08-04,성남시수정구,2026-08-05T11:00,gem_global_ensemble,21,1,0,0,0
2026-08-04,성남시수정구,2026-08-05T12:00,ensemble,143,0.867,0.133,0,0
2026-08-04,성남시수정구,2026-08-05T12:00,icon_seamless_eps,40,0.95,0.05,0,0
2026-08-04,성남시수정구,2026-08-05T12:00,ncep_gefs_seamless,31,1,0,0,0
2026-08-04,성남시수정구,2026-08-05T12:00,ecmwf_ifs025_ensemble,51,0.667,0.333,0,0
2026-08-04,성남시수정구,2026-08-05T12:00,gem_global_ensemble,21,1,0,0,0
2026-08-04,성남시수정구,2026-08-05T13:00,ensemble,143,0.846,0.154,0,0
2026-08-04,성남시수정구,2026-08-05T13:00,icon_seamless_eps,40,1,0,0,0
2026-08-04,성남시수정구,2026-08-05T13:00,ncep_gefs_seamless,31,1,0,0,0
2026-08-04,성남시수정구,2026-08-05T13:00,ecmwf_ifs025_ensemble,51,0.608,0.392,0,0
2026-08-04,성남시수정구,2026-08-05T13:00,gem_global_ensemble,21,0.905,0.095,0,0
2026-08-04,성남시수정구,2026-08-05T14:00,ensemble,143,0.846,0.154,0,0
2026-08-04,성남시수정구,2026-08-05T14:00,icon_seamless_eps,40,1,0,0,0
2026-08-04,성남시수정구,2026-08-05T14:00,ncep_gefs_seamless,31,1,0,0,0
2026-08-04,성남시수정구,2026-08-05T14:00,ecmwf_ifs025_ensemble,51,0.608,0.392,0,0
2026-08-04,성남시수정구,2026-08-05T14:00,gem_global_ensemble,21,0.905,0.095,0,0
2026-08-04,성남시수정구,2026-08-05T15:00,ensemble,143,0.846,0.154,0,0
2026-08-04,성남시수정구,2026-08-05T15:00,icon_seamless_eps,40,1,0,0,0
2026-08-04,성남시수정구,2026-08-05T15:00,ncep_gefs_seamless,31,1,0,0,0
2026-08-04,성남시수정구,2026-08-05T15:00,ecmwf_ifs025_ensemble,51,0.608,0.392,0,0
2026-08-04,성남시수정구,2026-08-05T15:00,gem_global_ensemble,21,0.905,0.095,0,0
2026-08-04,성남시수정구,2026-08-05T16:00,ensemble,143,0.902,0.084,0.014,0
2026-08-04,성남시수정구,2026-08-05T16:00,icon_seamless_eps,40,1,0,0,0
2026-08-04,성남시수정구,2026-08-05T16:00,ncep_gefs_seamless,31,0.968,0.032,0,0
2026-08-04,성남시수정구,2026-08-05T16:00,ecmwf_ifs025_ensemble,51,0.804,0.196,0,0
2026-08-04,성남시수정구,2026-08-05T16:00,gem_global_ensemble,21,0.857,0.048,0.095,0
2026-08-04,성남시수정구,2026-08-05T17:00,ensemble,143,0.902,0.084,0.014,0
2026-08-04,성남시수정구,2026-08-05T17:00,icon_seamless_eps,40,1,0,0,0
2026-08-04,성남시수정구,2026-08-05T17:00,ncep_gefs_seamless,31,0.968,0.032,0,0
2026-08-04,성남시수정구,2026-08-05T17:00,ecmwf_ifs025_ensemble,51,0.804,0.196,0,0
2026-08-04,성남시수정구,2026-08-05T17:00,gem_global_ensemble,21,0.857,0.048,0.095,0
2026-08-04,성남시수정구,2026-08-05T18:00,ensemble,143,0.902,0.084,0.014,0
2026-08-04,성남시수정구,2026-08-05T18:00,icon_seamless_eps,40,1,0,0,0
2026-08-04,성남시수정구,2026-08-05T18:00,ncep_gefs_seamless,31,0.968,0.032,0,0
2026-08-04,성남시수정구,2026-08-05T18:00,ecmwf_ifs025_ensemble,51,0.804,0.196,0,0
2026-08-04,성남시수정구,2026-08-05T18:00,gem_global_ensemble,21,0.857,0.048,0.095,0
2026-08-04,성남시수정구,2026-08-05T19:00,ensemble,143,0.993,0,0.007,0
2026-08-04,성남시수정구,2026-08-05T19:00,icon_seamless_eps,40,1,0,0,0
2026-08-04,성남시수정구,2026-08-05T19:00,ncep_gefs_seamless,31,1,0,0,0
2026-08-04,성남시수정구,2026-08-05T19:00,ecmwf_ifs025_ensemble,51,1,0,0,0
2026-08-04,성남시수정구,2026-08-05T19:00,gem_global_ensemble,21,0.952,0,0.048,0
2026-08-04,성남시수정구,2026-08-05T20:00,ensemble,143,0.993,0,0.007,0
2026-08-04,성남시수정구,2026-08-05T20:00,icon_seamless_eps,40,1,0,0,0
2026-08-04,성남시수정구,2026-08-05T20:00,ncep_gefs_seamless,31,1,0,0,0
2026-08-04,성남시수정구,2026-08-05T20:00,ecmwf_ifs025_ensemble,51,1,0,0,0
2026-08-04,성남시수정구,2026-08-05T20:00,gem_global_ensemble,21,0.952,0,0.048,0
2026-08-04,성남시수정구,2026-08-05T21:00,ensemble,143,0.993,0,0.007,0
2026-08-04,성남시수정구,2026-08-05T21:00,icon_seamless_eps,40,1,0,0,0
2026-08-04,성남시수정구,2026-08-05T21:00,ncep_gefs_seamless,31,1,0,0,0
2026-08-04,성남시수정구,2026-08-05T21:00,ecmwf_ifs025_ensemble,51,1,0,0,0
2026-08-04,성남시수정구,2026-08-05T21:00,gem_global_ensemble,21,0.952,0,0.048,0
2026-08-04,성남시수정구,2026-08-05T22:00,ensemble,143,0.972,0.028,0,0
2026-08-04,성남시수정구,2026-08-05T22:00,icon_seamless_eps,40,1,0,0,0
2026-08-04,성남시수정구,2026-08-05T22:00,ncep_gefs_seamless,31,0.935,0.065,0,0
2026-08-04,성남시수정구,2026-08-05T22:00,ecmwf_ifs025_ensemble,51,0.98,0.02,0,0
2026-08-04,성남시수정구,2026-08-05T22:00,gem_global_ensemble,21,0.952,0.048,0,0
2026-08-04,성남시수정구,2026-08-05T23:00,ensemble,143,0.972,0.028,0,0
2026-08-04,성남시수정구,2026-08-05T23:00,icon_seamless_eps,40,1,0,0,0
2026-08-04,성남시수정구,2026-08-05T23:00,ncep_gefs_seamless,31,0.935,0.065,0,0
2026-08-04,성남시수정구,2026-08-05T23:00,ecmwf_ifs025_ensemble,51,0.98,0.02,0,0
2026-08-04,성남시수정구,2026-08-05T23:00,gem_global_ensemble,21,0.952,0.048,0,0
2026-08-05,수원시권선구,2026-08-05T00:00,ensemble,143,0.566,0.371,0.063,0
2026-08-05,수원시권선구,2026-08-05T00:00,icon_seamless_eps,40,0.8,0.2,0,0
2026-08-05,수원시권선구,2026-08-05T00:00,ncep_gefs_seamless,31,0.032,0.806,0.161,0
2026-08-05,수원시권선구,2026-08-05T00:00,ecmwf_ifs025_ensemble,51,0.686,0.294,0.02,0
2026-08-05,수원시권선구,2026-08-05T00:00,gem_global_ensemble,21,0.619,0.238,0.143,0
2026-08-05,수원시권선구,2026-08-05T01:00,ensemble,143,0.783,0.203,0.014,0
2026-08-05,수원시권선구,2026-08-05T01:00,icon_seamless_eps,40,0.825,0.175,0,0
2026-08-05,수원시권선구,2026-08-05T01:00,ncep_gefs_seamless,31,0.452,0.484,0.065,0
2026-08-05,수원시권선구,2026-08-05T01:00,ecmwf_ifs025_ensemble,51,0.882,0.118,0,0
2026-08-05,수원시권선구,2026-08-05T01:00,gem_global_ensemble,21,0.952,0.048,0,0
2026-08-05,수원시권선구,2026-08-05T02:00,ensemble,143,0.769,0.217,0.014,0
2026-08-05,수원시권선구,2026-08-05T02:00,icon_seamless_eps,40,0.775,0.225,0,0
2026-08-05,수원시권선구,2026-08-05T02:00,ncep_gefs_seamless,31,0.452,0.484,0.065,0
2026-08-05,수원시권선구,2026-08-05T02:00,ecmwf_ifs025_ensemble,51,0.882,0.118,0,0
2026-08-05,수원시권선구,2026-08-05T02:00,gem_global_ensemble,21,0.952,0.048,0,0
2026-08-05,수원시권선구,2026-08-05T03:00,ensemble,143,0.811,0.175,0.014,0
2026-08-05,수원시권선구,2026-08-05T03:00,icon_seamless_eps,40,0.925,0.075,0,0
2026-08-05,수원시권선구,2026-08-05T03:00,ncep_gefs_seamless,31,0.452,0.484,0.065,0
2026-08-05,수원시권선구,2026-08-05T03:00,ecmwf_ifs025_ensemble,51,0.882,0.118,0,0
2026-08-05,수원시권선구,2026-08-05T03:00,gem_global_ensemble,21,0.952,0.048,0,0
2026-08-05,수원시권선구,2026-08-05T04:00,ensemble,143,0.944,0.056,0,0
2026-08-05,수원시권선구,2026-08-05T04:00,icon_seamless_eps,40,0.95,0.05,0,0
2026-08-05,수원시권선구,2026-08-05T04:00,ncep_gefs_seamless,31,0.839,0.161,0,0
2026-08-05,수원시권선구,2026-08-05T04:00,ecmwf_ifs025_ensemble,51,0.98,0.02,0,0
2026-08-05,수원시권선구,2026-08-05T04:00,gem_global_ensemble,21,1,0,0,0
2026-08-05,수원시권선구,2026-08-05T05:00,ensemble,143,0.958,0.042,0,0
2026-08-05,수원시권선구,2026-08-05T05:00,icon_seamless_eps,40,1,0,0,0
2026-08-05,수원시권선구,2026-08-05T05:00,ncep_gefs_seamless,31,0.839,0.161,0,0
2026-08-05,수원시권선구,2026-08-05T05:00,ecmwf_ifs025_ensemble,51,0.98,0.02,0,0
2026-08-05,수원시권선구,2026-08-05T05:00,gem_global_ensemble,21,1,0,0,0
2026-08-05,수원시권선구,2026-08-05T06:00,ensemble,143,0.958,0.042,0,0
2026-08-05,수원시권선구,2026-08-05T06:00,icon_seamless_eps,40,1,0,0,0
2026-08-05,수원시권선구,2026-08-05T06:00,ncep_gefs_seamless,31,0.839,0.161,0,0
2026-08-05,수원시권선구,2026-08-05T06:00,ecmwf_ifs025_ensemble,51,0.98,0.02,0,0
2026-08-05,수원시권선구,2026-08-05T06:00,gem_global_ensemble,21,1,0,0,0
2026-08-05,수원시권선구,2026-08-05T07:00,ensemble,143,1,0,0,0
2026-08-05,수원시권선구,2026-08-05T07:00,icon_seamless_eps,40,1,0,0,0
2026-08-05,수원시권선구,2026-08-05T07:00,ncep_gefs_seamless,31,1,0,0,0
2026-08-05,수원시권선구,2026-08-05T07:00,ecmwf_ifs025_ensemble,51,1,0,0,0
2026-08-05,수원시권선구,2026-08-05T07:00,gem_global_ensemble,21,1,0,0,0
2026-08-05,수원시권선구,2026-08-05T08:00,ensemble,143,1,0,0,0
2026-08-05,수원시권선구,2026-08-05T08:00,icon_seamless_eps,40,1,0,0,0
2026-08-05,수원시권선구,2026-08-05T08:00,ncep_gefs_seamless,31,1,0,0,0
2026-08-05,수원시권선구,2026-08-05T08:00,ecmwf_ifs025_ensemble,51,1,0,0,0
2026-08-05,수원시권선구,2026-08-05T08:00,gem_global_ensemble,21,1,0,0,0
2026-08-05,수원시권선구,2026-08-05T09:00,ensemble,143,1,0,0,0
2026-08-05,수원시권선구,2026-08-05T09:00,icon_seamless_eps,40,1,0,0,0
2026-08-05,수원시권선구,2026-08-05T09:00,ncep_gefs_seamless,31,1,0,0,0
2026-08-05,수원시권선구,2026-08-05T09:00,ecmwf_ifs025_ensemble,51,1,0,0,0
2026-08-05,수원시권선구,2026-08-05T09:00,gem_global_ensemble,21,1,0,0,0
2026-08-05,수원시권선구,2026-08-05T10:00,ensemble,143,0.832,0.168,0,0
2026-08-05,수원시권선구,2026-08-05T10:00,icon_seamless_eps,40,1,0,0,0
2026-08-05,수원시권선구,2026-08-05T10:00,ncep_gefs_seamless,31,0.935,0.065,0,0
2026-08-05,수원시권선구,2026-08-05T10:00,ecmwf_ifs025_ensemble,51,0.569,0.431,0,0
2026-08-05,수원시권선구,2026-08-05T10:00,gem_global_ensemble,21,1,0,0,0
2026-08-05,수원시권선구,2026-08-05T11:00,ensemble,143,0.832,0.168,0,0
2026-08-05,수원시권선구,2026-08-05T11:00,icon_seamless_eps,40,1,0,0,0
2026-08-05,수원시권선구,2026-08-05T11:00,ncep_gefs_seamless,31,0.935,0.065,0,0
2026-08-05,수원시권선구,2026-08-05T11:00,ecmwf_ifs025_ensemble,51,0.569,0.431,0,0
2026-08-05,수원시권선구,2026-08-05T11:00,gem_global_ensemble,21,1,0,0,0
2026-08-05,수원시권선구,2026-08-05T12:00,ensemble,143,0.832,0.168,0,0
2026-08-05,수원시권선구,2026-08-05T12:00,icon_seamless_eps,40,1,0,0,0
2026-08-05,수원시권선구,2026-08-05T12:00,ncep_gefs_seamless,31,0.935,0.065,0,0
2026-08-05,수원시권선구,2026-08-05T12:00,ecmwf_ifs025_ensemble,51,0.569,0.431,0,0
2026-08-05,수원시권선구,2026-08-05T12:00,gem_global_ensemble,21,1,0,0,0
2026-08-05,수원시권선구,2026-08-05T13:00,ensemble,143,0.573,0.42,0.007,0
2026-08-05,수원시권선구,2026-08-05T13:00,icon_seamless_eps,40,1,0,0,0
2026-08-05,수원시권선구,2026-08-05T13:00,ncep_gefs_seamless,31,0.516,0.484,0,0
2026-08-05,수원시권선구,2026-08-05T13:00,ecmwf_ifs025_ensemble,51,0.176,0.804,0.02,0
2026-08-05,수원시권선구,2026-08-05T13:00,gem_global_ensemble,21,0.81,0.19,0,0
2026-08-05,수원시권선구,2026-08-05T14:00,ensemble,143,0.573,0.42,0.007,0
2026-08-05,수원시권선구,2026-08-05T14:00,icon_seamless_eps,40,1,0,0,0
2026-08-05,수원시권선구,2026-08-05T14:00,ncep_gefs_seamless,31,0.516,0.484,0,0
2026-08-05,수원시권선구,2026-08-05T14:00,ecmwf_ifs025_ensemble,51,0.176,0.804,0.02,0
2026-08-05,수원시권선구,2026-08-05T14:00,gem_global_ensemble,21,0.81,0.19,0,0
2026-08-05,수원시권선구,2026-08-05T15:00,ensemble,143,0.573,0.42,0.007,0
2026-08-05,수원시권선구,2026-08-05T15:00,icon_seamless_eps,40,1,0,0,0
2026-08-05,수원시권선구,2026-08-05T15:00,ncep_gefs_seamless,31,0.516,0.484,0,0
2026-08-05,수원시권선구,2026-08-05T15:00,ecmwf_ifs025_ensemble,51,0.176,0.804,0.02,0
2026-08-05,수원시권선구,2026-08-05T15:00,gem_global_ensemble,21,0.81,0.19,0,0
2026-08-05,수원시권선구,2026-08-05T16:00,ensemble,143,0.552,0.434,0.014,0
2026-08-05,수원시권선구,2026-08-05T16:00,icon_seamless_eps,40,1,0,0,0
2026-08-05,수원시권선구,2026-08-05T16:00,ncep_gefs_seamless,31,0.484,0.516,0,0
2026-08-05,수원시권선구,2026-08-05T16:00,ecmwf_ifs025_ensemble,51,0.216,0.784,0,0
2026-08-05,수원시권선구,2026-08-05T16:00,gem_global_ensemble,21,0.619,0.286,0.095,0
2026-08-05,수원시권선구,2026-08-05T17:00,ensemble,143,0.552,0.434,0.014,0
2026-08-05,수원시권선구,2026-08-05T17:00,icon_seamless_eps,40,1,0,0,0
2026-08-05,수원시권선구,2026-08-05T17:00,ncep_gefs_seamless,31,0.484,0.516,0,0
2026-08-05,수원시권선구,2026-08-05T17:00,ecmwf_ifs025_ensemble,51,0.216,0.784,0,0
2026-08-05,수원시권선구,2026-08-05T17:00,gem_global_ensemble,21,0.619,0.286,0.095,0
2026-08-05,수원시권선구,2026-08-05T18:00,ensemble,143,0.552,0.434,0.014,0
2026-08-05,수원시권선구,2026-08-05T18:00,icon_seamless_eps,40,1,0,0,0
2026-08-05,수원시권선구,2026-08-05T18:00,ncep_gefs_seamless,31,0.484,0.516,0,0
2026-08-05,수원시권선구,2026-08-05T18:00,ecmwf_ifs025_ensemble,51,0.216,0.784,0,0
2026-08-05,수원시권선구,2026-08-05T18:00,gem_global_ensemble,21,0.619,0.286,0.095,0
2026-08-05,수원시권선구,2026-08-05T19:00,ensemble,143,0.937,0.056,0.007,0
2026-08-05,수원시권선구,2026-08-05T19:00,icon_seamless_eps,40,1,0,0,0
2026-08-05,수원시권선구,2026-08-05T19:00,ncep_gefs_seamless,31,1,0,0,0
2026-08-05,수원시권선구,2026-08-05T19:00,ecmwf_ifs025_ensemble,51,0.902,0.098,0,0
2026-08-05,수원시권선구,2026-08-05T19:00,gem_global_ensemble,21,0.81,0.143,0.048,0
2026-08-05,수원시권선구,2026-08-05T20:00,ensemble,143,0.937,0.056,0.007,0
2026-08-05,수원시권선구,2026-08-05T20:00,icon_seamless_eps,40,1,0,0,0
2026-08-05,수원시권선구,2026-08-05T20:00,ncep_gefs_seamless,31,1,0,0,0
2026-08-05,수원시권선구,2026-08-05T20:00,ecmwf_ifs025_ensemble,51,0.902,0.098,0,0
2026-08-05,수원시권선구,2026-08-05T20:00,gem_global_ensemble,21,0.81,0.143,0.048,0
2026-08-05,수원시권선구,2026-08-05T21:00,ensemble,143,0.93,0.063,0.007,0
2026-08-05,수원시권선구,2026-08-05T21:00,icon_seamless_eps,40,0.975,0.025,0,0
2026-08-05,수원시권선구,2026-08-05T21:00,ncep_gefs_seamless,31,1,0,0,0
2026-08-05,수원시권선구,2026-08-05T21:00,ecmwf_ifs025_ensemble,51,0.902,0.098,0,0
2026-08-05,수원시권선구,2026-08-05T21:00,gem_global_ensemble,21,0.81,0.143,0.048,0
2026-08-05,수원시권선구,2026-08-05T22:00,ensemble,143,0.986,0.014,0,0
2026-08-05,수원시권선구,2026-08-05T22:00,icon_seamless_eps,40,0.975,0.025,0,0
2026-08-05,수원시권선구,2026-08-05T22:00,ncep_gefs_seamless,31,0.968,0.032,0,0
2026-08-05,수원시권선구,2026-08-05T22:00,ecmwf_ifs025_ensemble,51,1,0,0,0
2026-08-05,수원시권선구,2026-08-05T22:00,gem_global_ensemble,21,1,0,0,0
2026-08-05,수원시권선구,2026-08-05T23:00,ensemble,143,0.993,0.007,0,0
2026-08-05,수원시권선구,2026-08-05T23:00,icon_seamless_eps,40,1,0,0,0
2026-08-05,수원시권선구,2026-08-05T23:00,ncep_gefs_seamless,31,0.968,0.032,0,0
2026-08-05,수원시권선구,2026-08-05T23:00,ecmwf_ifs025_ensemble,51,1,0,0,0
2026-08-05,수원시권선구,2026-08-05T23:00,gem_global_ensemble,21,1,0,0,0
2026-08-05,수원시권선구,2026-08-06T00:00,ensemble,143,0.993,0.007,0,0
2026-08-05,수원시권선구,2026-08-06T00:00,icon_seamless_eps,40,1,0,0,0
2026-08-05,수원시권선구,2026-08-06T00:00,ncep_gefs_seamless,31,0.968,0.032,0,0
2026-08-05,수원시권선구,2026-08-06T00:00,ecmwf_ifs025_ensemble,51,1,0,0,0
2026-08-05,수원시권선구,2026-08-06T00:00,gem_global_ensemble,21,1,0,0,0
2026-08-05,수원시권선구,2026-08-06T01:00,ensemble,143,1,0,0,0
2026-08-05,수원시권선구,2026-08-06T01:00,icon_seamless_eps,40,1,0,0,0
2026-08-05,수원시권선구,2026-08-06T01:00,ncep_gefs_seamless,31,1,0,0,0
2026-08-05,수원시권선구,2026-08-06T01:00,ecmwf_ifs025_ensemble,51,1,0,0,0
2026-08-05,수원시권선구,2026-08-06T01:00,gem_global_ensemble,21,1,0,0,0
2026-08-05,수원시권선구,2026-08-06T02:00,ensemble,143,1,0,0,0
2026-08-05,수원시권선구,2026-08-06T02:00,icon_seamless_eps,40,1,0,0,0
2026-08-05,수원시권선구,2026-08-06T02:00,ncep_gefs_seamless,31,1,0,0,0
2026-08-05,수원시권선구,2026-08-06T02:00,ecmwf_ifs025_ensemble,51,1,0,0,0
2026-08-05,수원시권선구,2026-08-06T02:00,gem_global_ensemble,21,1,0,0,0
2026-08-05,수원시권선구,2026-08-06T03:00,ensemble,143,1,0,0,0
2026-08-05,수원시권선구,2026-08-06T03:00,icon_seamless_eps,40,1,0,0,0
2026-08-05,수원시권선구,2026-08-06T03:00,ncep_gefs_seamless,31,1,0,0,0
2026-08-05,수원시권선구,2026-08-06T03:00,ecmwf_ifs025_ensemble,51,1,0,0,0
2026-08-05,수원시권선구,2026-08-06T03:00,gem_global_ensemble,21,1,0,0,0
2026-08-05,수원시권선구,2026-08-06T04:00,ensemble,143,1,0,0,0
2026-08-05,수원시권선구,2026-08-06T04:00,icon_seamless_eps,40,1,0,0,0
2026-08-05,수원시권선구,2026-08-06T04:00,ncep_gefs_seamless,31,1,0,0,0
2026-08-05,수원시권선구,2026-08-06T04:00,ecmwf_ifs025_ensemble,51,1,0,0,0
2026-08-05,수원시권선구,2026-08-06T04:00,gem_global_ensemble,21,1,0,0,0
2026-08-05,수원시권선구,2026-08-06T05:00,ensemble,143,1,0,0,0
2026-08-05,수원시권선구,2026-08-06T05:00,icon_seamless_eps,40,1,0,0,0
2026-08-05,수원시권선구,2026-08-06T05:00,ncep_gefs_seamless,31,1,0,0,0
2026-08-05,수원시권선구,2026-08-06T05:00,ecmwf_ifs025_ensemble,51,1,0,0,0
2026-08-05,수원시권선구,2026-08-06T05:00,gem_global_ensemble,21,1,0,0,0
2026-08-05,수원시권선구,2026-08-06T06:00,ensemble,143,1,0,0,0
2026-08-05,수원시권선구,2026-08-06T06:00,icon_seamless_eps,40,1,0,0,0
2026-08-05,수원시권선구,2026-08-06T06:00,ncep_gefs_seamless,31,1,0,0,0
2026-08-05,수원시권선구,2026-08-06T06:00,ecmwf_ifs025_ensemble,51,1,0,0,0
2026-08-05,수원시권선구,2026-08-06T06:00,gem_global_ensemble,21,1,0,0,0
2026-08-05,수원시권선구,2026-08-06T07:00,ensemble,143,1,0,0,0
2026-08-05,수원시권선구,2026-08-06T07:00,icon_seamless_eps,40,1,0,0,0
2026-08-05,수원시권선구,2026-08-06T07:00,ncep_gefs_seamless,31,1,0,0,0
2026-08-05,수원시권선구,2026-08-06T07:00,ecmwf_ifs025_ensemble,51,1,0,0,0
2026-08-05,수원시권선구,2026-08-06T07:00,gem_global_ensemble,21,1,0,0,0
2026-08-05,수원시권선구,2026-08-06T08:00,ensemble,143,1,0,0,0
2026-08-05,수원시권선구,2026-08-06T08:00,icon_seamless_eps,40,1,0,0,0
2026-08-05,수원시권선구,2026-08-06T08:00,ncep_gefs_seamless,31,1,0,0,0
2026-08-05,수원시권선구,2026-08-06T08:00,ecmwf_ifs025_ensemble,51,1,0,0,0
2026-08-05,수원시권선구,2026-08-06T08:00,gem_global_ensemble,21,1,0,0,0
2026-08-05,수원시권선구,2026-08-06T09:00,ensemble,143,1,0,0,0
2026-08-05,수원시권선구,2026-08-06T09:00,icon_seamless_eps,40,1,0,0,0
2026-08-05,수원시권선구,2026-08-06T09:00,ncep_gefs_seamless,31,1,0,0,0
2026-08-05,수원시권선구,2026-08-06T09:00,ecmwf_ifs025_ensemble,51,1,0,0,0
2026-08-05,수원시권선구,2026-08-06T09:00,gem_global_ensemble,21,1,0,0,0
2026-08-05,수원시권선구,2026-08-06T10:00,ensemble,143,0.993,0.007,0,0
2026-08-05,수원시권선구,2026-08-06T10:00,icon_seamless_eps,40,1,0,0,0
2026-08-05,수원시권선구,2026-08-06T10:00,ncep_gefs_seamless,31,1,0,0,0
2026-08-05,수원시권선구,2026-08-06T10:00,ecmwf_ifs025_ensemble,51,0.98,0.02,0,0
2026-08-05,수원시권선구,2026-08-06T10:00,gem_global_ensemble,21,1,0,0,0
2026-08-05,수원시권선구,2026-08-06T11:00,ensemble,143,0.993,0.007,0,0
2026-08-05,수원시권선구,2026-08-06T11:00,icon_seamless_eps,40,1,0,0,0
2026-08-05,수원시권선구,2026-08-06T11:00,ncep_gefs_seamless,31,1,0,0,0
2026-08-05,수원시권선구,2026-08-06T11:00,ecmwf_ifs025_ensemble,51,0.98,0.02,0,0
2026-08-05,수원시권선구,2026-08-06T11:00,gem_global_ensemble,21,1,0,0,0
2026-08-05,수원시권선구,2026-08-06T12:00,ensemble,143,0.993,0.007,0,0
2026-08-05,수원시권선구,2026-08-06T12:00,icon_seamless_eps,40,1,0,0,0
2026-08-05,수원시권선구,2026-08-06T12:00,ncep_gefs_seamless,31,1,0,0,0
2026-08-05,수원시권선구,2026-08-06T12:00,ecmwf_ifs025_ensemble,51,0.98,0.02,0,0
2026-08-05,수원시권선구,2026-08-06T12:00,gem_global_ensemble,21,1,0,0,0
2026-08-05,수원시권선구,2026-08-06T13:00,ensemble,143,0.979,0.021,0,0
2026-08-05,수원시권선구,2026-08-06T13:00,icon_seamless_eps,40,1,0,0,0
2026-08-05,수원시권선구,2026-08-06T13:00,ncep_gefs_seamless,31,1,0,0,0
2026-08-05,수원시권선구,2026-08-06T13:00,ecmwf_ifs025_ensemble,51,0.98,0.02,0,0
2026-08-05,수원시권선구,2026-08-06T13:00,gem_global_ensemble,21,0.905,0.095,0,0
2026-08-05,수원시권선구,2026-08-06T14:00,ensemble,143,0.979,0.021,0,0
2026-08-05,수원시권선구,2026-08-06T14:00,icon_seamless_eps,40,1,0,0,0
2026-08-05,수원시권선구,2026-08-06T14:00,ncep_gefs_seamless,31,1,0,0,0
2026-08-05,수원시권선구,2026-08-06T14:00,ecmwf_ifs025_ensemble,51,0.98,0.02,0,0
2026-08-05,수원시권선구,2026-08-06T14:00,gem_global_ensemble,21,0.905,0.095,0,0
2026-08-05,수원시권선구,2026-08-06T15:00,ensemble,143,0.979,0.021,0,0
2026-08-05,수원시권선구,2026-08-06T15:00,icon_seamless_eps,40,1,0,0,0
2026-08-05,수원시권선구,2026-08-06T15:00,ncep_gefs_seamless,31,1,0,0,0
2026-08-05,수원시권선구,2026-08-06T15:00,ecmwf_ifs025_ensemble,51,0.98,0.02,0,0
2026-08-05,수원시권선구,2026-08-06T15:00,gem_global_ensemble,21,0.905,0.095,0,0
2026-08-05,수원시권선구,2026-08-06T16:00,ensemble,143,0.958,0.028,0.014,0
2026-08-05,수원시권선구,2026-08-06T16:00,icon_seamless_eps,40,1,0,0,0
2026-08-05,수원시권선구,2026-08-06T16:00,ncep_gefs_seamless,31,1,0,0,0
2026-08-05,수원시권선구,2026-08-06T16:00,ecmwf_ifs025_ensemble,51,0.941,0.059,0,0
2026-08-05,수원시권선구,2026-08-06T16:00,gem_global_ensemble,21,0.857,0.048,0.095,0
2026-08-05,수원시권선구,2026-08-06T17:00,ensemble,143,0.958,0.028,0.014,0
2026-08-05,수원시권선구,2026-08-06T17:00,icon_seamless_eps,40,1,0,0,0
2026-08-05,수원시권선구,2026-08-06T17:00,ncep_gefs_seamless,31,1,0,0,0
2026-08-05,수원시권선구,2026-08-06T17:00,ecmwf_ifs025_ensemble,51,0.941,0.059,0,0
2026-08-05,수원시권선구,2026-08-06T17:00,gem_global_ensemble,21,0.857,0.048,0.095,0
2026-08-05,수원시권선구,2026-08-06T18:00,ensemble,143,0.958,0.028,0.014,0
2026-08-05,수원시권선구,2026-08-06T18:00,icon_seamless_eps,40,1,0,0,0
2026-08-05,수원시권선구,2026-08-06T18:00,ncep_gefs_seamless,31,1,0,0,0
2026-08-05,수원시권선구,2026-08-06T18:00,ecmwf_ifs025_ensemble,51,0.941,0.059,0,0
2026-08-05,수원시권선구,2026-08-06T18:00,gem_global_ensemble,21,0.857,0.048,0.095,0
2026-08-05,수원시권선구,2026-08-06T19:00,ensemble,143,0.986,0.014,0,0
2026-08-05,수원시권선구,2026-08-06T19:00,icon_seamless_eps,40,1,0,0,0
2026-08-05,수원시권선구,2026-08-06T19:00,ncep_gefs_seamless,31,1,0,0,0
2026-08-05,수원시권선구,2026-08-06T19:00,ecmwf_ifs025_ensemble,51,1,0,0,0
2026-08-05,수원시권선구,2026-08-06T19:00,gem_global_ensemble,21,0.905,0.095,0,0
2026-08-05,수원시권선구,2026-08-06T20:00,ensemble,143,0.986,0.014,0,0
2026-08-05,수원시권선구,2026-08-06T20:00,icon_seamless_eps,40,1,0,0,0
2026-08-05,수원시권선구,2026-08-06T20:00,ncep_gefs_seamless,31,1,0,0,0
2026-08-05,수원시권선구,2026-08-06T20:00,ecmwf_ifs025_ensemble,51,1,0,0,0
2026-08-05,수원시권선구,2026-08-06T20:00,gem_global_ensemble,21,0.905,0.095,0,0
2026-08-05,수원시권선구,2026-08-06T21:00,ensemble,143,0.986,0.014,0,0
2026-08-05,수원시권선구,2026-08-06T21:00,icon_seamless_eps,40,1,0,0,0
2026-08-05,수원시권선구,2026-08-06T21:00,ncep_gefs_seamless,31,1,0,0,0
2026-08-05,수원시권선구,2026-08-06T21:00,ecmwf_ifs025_ensemble,51,1,0,0,0
2026-08-05,수원시권선구,2026-08-06T21:00,gem_global_ensemble,21,0.905,0.095,0,0
2026-08-05,수원시권선구,2026-08-06T22:00,ensemble,143,1,0,0,0
2026-08-05,수원시권선구,2026-08-06T22:00,icon_seamless_eps,40,1,0,0,0
2026-08-05,수원시권선구,2026-08-06T22:00,ncep_gefs_seamless,31,1,0,0,0
2026-08-05,수원시권선구,2026-08-06T22:00,ecmwf_ifs025_ensemble,51,1,0,0,0
2026-08-05,수원시권선구,2026-08-06T22:00,gem_global_ensemble,21,1,0,0,0
2026-08-05,수원시권선구,2026-08-06T23:00,ensemble,143,1,0,0,0
2026-08-05,수원시권선구,2026-08-06T23:00,icon_seamless_eps,40,1,0,0,0
2026-08-05,수원시권선구,2026-08-06T23:00,ncep_gefs_seamless,31,1,0,0,0
2026-08-05,수원시권선구,2026-08-06T23:00,ecmwf_ifs025_ensemble,51,1,0,0,0
2026-08-05,수원시권선구,2026-08-06T23:00,gem_global_ensemble,21,1,0,0,0
2026-08-05,성남시수정구,2026-08-05T00:00,ensemble,143,0.755,0.217,0.028,0
2026-08-05,성남시수정구,2026-08-05T00:00,icon_seamless_eps,40,0.925,0.075,0,0
2026-08-05,성남시수정구,2026-08-05T00:00,ncep_gefs_seamless,31,0.452,0.548,0,0
2026-08-05,성남시수정구,2026-08-05T00:00,ecmwf_ifs025_ensemble,51,0.863,0.118,0.02,0
2026-08-05,성남시수정구,2026-08-05T00:00,gem_global_ensemble,21,0.619,0.238,0.143,0
2026-08-05,성남시수정구,2026-08-05T01:00,ensemble,143,0.818,0.182,0,0
2026-08-05,성남시수정구,2026-08-05T01:00,icon_seamless_eps,40,0.95,0.05,0,0
2026-08-05,성남시수정구,2026-08-05T01:00,ncep_gefs_seamless,31,0.806,0.194,0,0
2026-08-05,성남시수정구,2026-08-05T01:00,ecmwf_ifs025_ensemble,51,0.667,0.333,0,0
2026-08-05,성남시수정구,2026-08-05T01:00,gem_global_ensemble,21,0.952,0.048,0,0
2026-08-05,성남시수정구,2026-08-05T02:00,ensemble,143,0.804,0.196,0,0
2026-08-05,성남시수정구,2026-08-05T02:00,icon_seamless_eps,40,0.9,0.1,0,0
2026-08-05,성남시수정구,2026-08-05T02:00,ncep_gefs_seamless,31,0.806,0.194,0,0
2026-08-05,성남시수정구,2026-08-05T02:00,ecmwf_ifs025_ensemble,51,0.667,0.333,0,0
2026-08-05,성남시수정구,2026-08-05T02:00,gem_global_ensemble,21,0.952,0.048,0,0
2026-08-05,성남시수정구,2026-08-05T03:00,ensemble,143,0.832,0.168,0,0
2026-08-05,성남시수정구,2026-08-05T03:00,icon_seamless_eps,40,1,0,0,0
2026-08-05,성남시수정구,2026-08-05T03:00,ncep_gefs_seamless,31,0.806,0.194,0,0
2026-08-05,성남시수정구,2026-08-05T03:00,ecmwf_ifs025_ensemble,51,0.667,0.333,0,0
2026-08-05,성남시수정구,2026-08-05T03:00,gem_global_ensemble,21,0.952,0.048,0,0
2026-08-05,성남시수정구,2026-08-05T04:00,ensemble,143,0.979,0.021,0,0
2026-08-05,성남시수정구,2026-08-05T04:00,icon_seamless_eps,40,1,0,0,0
2026-08-05,성남시수정구,2026-08-05T04:00,ncep_gefs_seamless,31,0.968,0.032,0,0
2026-08-05,성남시수정구,2026-08-05T04:00,ecmwf_ifs025_ensemble,51,0.961,0.039,0,0
2026-08-05,성남시수정구,2026-08-05T04:00,gem_global_ensemble,21,1,0,0,0
2026-08-05,성남시수정구,2026-08-05T05:00,ensemble,143,0.979,0.021,0,0
2026-08-05,성남시수정구,2026-08-05T05:00,icon_seamless_eps,40,1,0,0,0
2026-08-05,성남시수정구,2026-08-05T05:00,ncep_gefs_seamless,31,0.968,0.032,0,0
2026-08-05,성남시수정구,2026-08-05T05:00,ecmwf_ifs025_ensemble,51,0.961,0.039,0,0
2026-08-05,성남시수정구,2026-08-05T05:00,gem_global_ensemble,21,1,0,0,0
2026-08-05,성남시수정구,2026-08-05T06:00,ensemble,143,0.979,0.021,0,0
2026-08-05,성남시수정구,2026-08-05T06:00,icon_seamless_eps,40,1,0,0,0
2026-08-05,성남시수정구,2026-08-05T06:00,ncep_gefs_seamless,31,0.968,0.032,0,0
2026-08-05,성남시수정구,2026-08-05T06:00,ecmwf_ifs025_ensemble,51,0.961,0.039,0,0
2026-08-05,성남시수정구,2026-08-05T06:00,gem_global_ensemble,21,1,0,0,0
2026-08-05,성남시수정구,2026-08-05T07:00,ensemble,143,0.958,0.042,0,0
2026-08-05,성남시수정구,2026-08-05T07:00,icon_seamless_eps,40,1,0,0,0
2026-08-05,성남시수정구,2026-08-05T07:00,ncep_gefs_seamless,31,1,0,0,0
2026-08-05,성남시수정구,2026-08-05T07:00,ecmwf_ifs025_ensemble,51,0.882,0.118,0,0
2026-08-05,성남시수정구,2026-08-05T07:00,gem_global_ensemble,21,1,0,0,0
2026-08-05,성남시수정구,2026-08-05T08:00,ensemble,143,0.958,0.042,0,0
2026-08-05,성남시수정구,2026-08-05T08:00,icon_seamless_eps,40,1,0,0,0
2026-08-05,성남시수정구,2026-08-05T08:00,ncep_gefs_seamless,31,1,0,0,0
2026-08-05,성남시수정구,2026-08-05T08:00,ecmwf_ifs025_ensemble,51,0.882,0.118,0,0
2026-08-05,성남시수정구,2026-08-05T08:00,gem_global_ensemble,21,1,0,0,0
2026-08-05,성남시수정구,2026-08-05T09:00,ensemble,143,0.958,0.042,0,0
2026-08-05,성남시수정구,2026-08-05T09:00,icon_seamless_eps,40,1,0,0,0
2026-08-05,성남시수정구,2026-08-05T09:00,ncep_gefs_seamless,31,1,0,0,0
2026-08-05,성남시수정구,2026-08-05T09:00,ecmwf_ifs025_ensemble,51,0.882,0.118,0,0
2026-08-05,성남시수정구,2026-08-05T09:00,gem_global_ensemble,21,1,0,0,0
2026-08-05,성남시수정구,2026-08-05T10:00,ensemble,143,0.832,0.168,0,0
2026-08-05,성남시수정구,2026-08-05T10:00,icon_seamless_eps,40,1,0,0,0
2026-08-05,성남시수정구,2026-08-05T10:00,ncep_gefs_seamless,31,1,0,0,0
2026-08-05,성남시수정구,2026-08-05T10:00,ecmwf_ifs025_ensemble,51,0.529,0.471,0,0
2026-08-05,성남시수정구,2026-08-05T10:00,gem_global_ensemble,21,1,0,0,0
2026-08-05,성남시수정구,2026-08-05T11:00,ensemble,143,0.832,0.168,0,0
2026-08-05,성남시수정구,2026-08-05T11:00,icon_seamless_eps,40,1,0,0,0
2026-08-05,성남시수정구,2026-08-05T11:00,ncep_gefs_seamless,31,1,0,0,0
2026-08-05,성남시수정구,2026-08-05T11:00,ecmwf_ifs025_ensemble,51,0.529,0.471,0,0
2026-08-05,성남시수정구,2026-08-05T11:00,gem_global_ensemble,21,1,0,0,0
2026-08-05,성남시수정구,2026-08-05T12:00,ensemble,143,0.825,0.175,0,0
2026-08-05,성남시수정구,2026-08-05T12:00,icon_seamless_eps,40,0.975,0.025,0,0
2026-08-05,성남시수정구,2026-08-05T12:00,ncep_gefs_seamless,31,1,0,0,0
2026-08-05,성남시수정구,2026-08-05T12:00,ecmwf_ifs025_ensemble,51,0.529,0.471,0,0
2026-08-05,성남시수정구,2026-08-05T12:00,gem_global_ensemble,21,1,0,0,0
2026-08-05,성남시수정구,2026-08-05T13:00,ensemble,143,0.769,0.231,0,0
2026-08-05,성남시수정구,2026-08-05T13:00,icon_seamless_eps,40,1,0,0,0
2026-08-05,성남시수정구,2026-08-05T13:00,ncep_gefs_seamless,31,0.968,0.032,0,0
2026-08-05,성남시수정구,2026-08-05T13:00,ecmwf_ifs025_ensemble,51,0.451,0.549,0,0
2026-08-05,성남시수정구,2026-08-05T13:00,gem_global_ensemble,21,0.81,0.19,0,0
2026-08-05,성남시수정구,2026-08-05T14:00,ensemble,143,0.769,0.231,0,0
2026-08-05,성남시수정구,2026-08-05T14:00,icon_seamless_eps,40,1,0,0,0
2026-08-05,성남시수정구,2026-08-05T14:00,ncep_gefs_seamless,31,0.968,0.032,0,0
2026-08-05,성남시수정구,2026-08-05T14:00,ecmwf_ifs025_ensemble,51,0.451,0.549,0,0
2026-08-05,성남시수정구,2026-08-05T14:00,gem_global_ensemble,21,0.81,0.19,0,0
2026-08-05,성남시수정구,2026-08-05T15:00,ensemble,143,0.769,0.231,0,0
2026-08-05,성남시수정구,2026-08-05T15:00,icon_seamless_eps,40,1,0,0,0
2026-08-05,성남시수정구,2026-08-05T15:00,ncep_gefs_seamless,31,0.968,0.032,0,0
2026-08-05,성남시수정구,2026-08-05T15:00,ecmwf_ifs025_ensemble,51,0.451,0.549,0,0
2026-08-05,성남시수정구,2026-08-05T15:00,gem_global_ensemble,21,0.81,0.19,0,0
2026-08-05,성남시수정구,2026-08-05T16:00,ensemble,143,0.811,0.175,0.014,0
2026-08-05,성남시수정구,2026-08-05T16:00,icon_seamless_eps,40,1,0,0,0
2026-08-05,성남시수정구,2026-08-05T16:00,ncep_gefs_seamless,31,1,0,0,0
2026-08-05,성남시수정구,2026-08-05T16:00,ecmwf_ifs025_ensemble,51,0.627,0.373,0,0
2026-08-05,성남시수정구,2026-08-05T16:00,gem_global_ensemble,21,0.619,0.286,0.095,0
2026-08-05,성남시수정구,2026-08-05T17:00,ensemble,143,0.811,0.175,0.014,0
2026-08-05,성남시수정구,2026-08-05T17:00,icon_seamless_eps,40,1,0,0,0
2026-08-05,성남시수정구,2026-08-05T17:00,ncep_gefs_seamless,31,1,0,0,0
2026-08-05,성남시수정구,2026-08-05T17:00,ecmwf_ifs025_ensemble,51,0.627,0.373,0,0
2026-08-05,성남시수정구,2026-08-05T17:00,gem_global_ensemble,21,0.619,0.286,0.095,0
2026-08-05,성남시수정구,2026-08-05T18:00,ensemble,143,0.811,0.175,0.014,0
2026-08-05,성남시수정구,2026-08-05T18:00,icon_seamless_eps,40,1,0,0,0
2026-08-05,성남시수정구,2026-08-05T18:00,ncep_gefs_seamless,31,1,0,0,0
2026-08-05,성남시수정구,2026-08-05T18:00,ecmwf_ifs025_ensemble,51,0.627,0.373,0,0
2026-08-05,성남시수정구,2026-08-05T18:00,gem_global_ensemble,21,0.619,0.286,0.095,0
2026-08-05,성남시수정구,2026-08-05T19:00,ensemble,143,0.972,0.021,0.007,0
2026-08-05,성남시수정구,2026-08-05T19:00,icon_seamless_eps,40,1,0,0,0
2026-08-05,성남시수정구,2026-08-05T19:00,ncep_gefs_seamless,31,1,0,0,0
2026-08-05,성남시수정구,2026-08-05T19:00,ecmwf_ifs025_ensemble,51,1,0,0,0
2026-08-05,성남시수정구,2026-08-05T19:00,gem_global_ensemble,21,0.81,0.143,0.048,0
2026-08-05,성남시수정구,2026-08-05T20:00,ensemble,143,0.965,0.028,0.007,0
2026-08-05,성남시수정구,2026-08-05T20:00,icon_seamless_eps,40,0.975,0.025,0,0
2026-08-05,성남시수정구,2026-08-05T20:00,ncep_gefs_seamless,31,1,0,0,0
2026-08-05,성남시수정구,2026-08-05T20:00,ecmwf_ifs025_ensemble,51,1,0,0,0
2026-08-05,성남시수정구,2026-08-05T20:00,gem_global_ensemble,21,0.81,0.143,0.048,0
2026-08-05,성남시수정구,2026-08-05T21:00,ensemble,143,0.965,0.028,0.007,0
2026-08-05,성남시수정구,2026-08-05T21:00,icon_seamless_eps,40,0.975,0.025,0,0
2026-08-05,성남시수정구,2026-08-05T21:00,ncep_gefs_seamless,31,1,0,0,0
2026-08-05,성남시수정구,2026-08-05T21:00,ecmwf_ifs025_ensemble,51,1,0,0,0
2026-08-05,성남시수정구,2026-08-05T21:00,gem_global_ensemble,21,0.81,0.143,0.048,0
2026-08-05,성남시수정구,2026-08-05T22:00,ensemble,143,0.993,0.007,0,0
2026-08-05,성남시수정구,2026-08-05T22:00,icon_seamless_eps,40,1,0,0,0
2026-08-05,성남시수정구,2026-08-05T22:00,ncep_gefs_seamless,31,0.968,0.032,0,0
2026-08-05,성남시수정구,2026-08-05T22:00,ecmwf_ifs025_ensemble,51,1,0,0,0
2026-08-05,성남시수정구,2026-08-05T22:00,gem_global_ensemble,21,1,0,0,0
2026-08-05,성남시수정구,2026-08-05T23:00,ensemble,143,0.993,0.007,0,0
2026-08-05,성남시수정구,2026-08-05T23:00,icon_seamless_eps,40,1,0,0,0
2026-08-05,성남시수정구,2026-08-05T23:00,ncep_gefs_seamless,31,0.968,0.032,0,0
2026-08-05,성남시수정구,2026-08-05T23:00,ecmwf_ifs025_ensemble,51,1,0,0,0
2026-08-05,성남시수정구,2026-08-05T23:00,gem_global_ensemble,21,1,0,0,0
2026-08-05,성남시수정구,2026-08-06T00:00,ensemble,143,0.993,0.007,0,0
2026-08-05,성남시수정구,2026-08-06T00:00,icon_seamless_eps,40,1,0,0,0
2026-08-05,성남시수정구,2026-08-06T00:00,ncep_gefs_seamless,31,0.968,0.032,0,0
2026-08-05,성남시수정구,2026-08-06T00:00,ecmwf_ifs025_ensemble,51,1,0,0,0
2026-08-05,성남시수정구,2026-08-06T00:00,gem_global_ensemble,21,1,0,0,0
2026-08-05,성남시수정구,2026-08-06T01:00,ensemble,143,0.993,0.007,0,0
2026-08-05,성남시수정구,2026-08-06T01:00,icon_seamless_eps,40,1,0,0,0
2026-08-05,성남시수정구,2026-08-06T01:00,ncep_gefs_seamless,31,1,0,0,0
2026-08-05,성남시수정구,2026-08-06T01:00,ecmwf_ifs025_ensemble,51,0.98,0.02,0,0
2026-08-05,성남시수정구,2026-08-06T01:00,gem_global_ensemble,21,1,0,0,0
2026-08-05,성남시수정구,2026-08-06T02:00,ensemble,143,0.993,0.007,0,0
2026-08-05,성남시수정구,2026-08-06T02:00,icon_seamless_eps,40,1,0,0,0
2026-08-05,성남시수정구,2026-08-06T02:00,ncep_gefs_seamless,31,1,0,0,0
2026-08-05,성남시수정구,2026-08-06T02:00,ecmwf_ifs025_ensemble,51,0.98,0.02,0,0
2026-08-05,성남시수정구,2026-08-06T02:00,gem_global_ensemble,21,1,0,0,0
2026-08-05,성남시수정구,2026-08-06T03:00,ensemble,143,0.993,0.007,0,0
2026-08-05,성남시수정구,2026-08-06T03:00,icon_seamless_eps,40,1,0,0,0
2026-08-05,성남시수정구,2026-08-06T03:00,ncep_gefs_seamless,31,1,0,0,0
2026-08-05,성남시수정구,2026-08-06T03:00,ecmwf_ifs025_ensemble,51,0.98,0.02,0,0
2026-08-05,성남시수정구,2026-08-06T03:00,gem_global_ensemble,21,1,0,0,0
2026-08-05,성남시수정구,2026-08-06T04:00,ensemble,143,1,0,0,0
2026-08-05,성남시수정구,2026-08-06T04:00,icon_seamless_eps,40,1,0,0,0
2026-08-05,성남시수정구,2026-08-06T04:00,ncep_gefs_seamless,31,1,0,0,0
2026-08-05,성남시수정구,2026-08-06T04:00,ecmwf_ifs025_ensemble,51,1,0,0,0
2026-08-05,성남시수정구,2026-08-06T04:00,gem_global_ensemble,21,1,0,0,0
2026-08-05,성남시수정구,2026-08-06T05:00,ensemble,143,1,0,0,0
2026-08-05,성남시수정구,2026-08-06T05:00,icon_seamless_eps,40,1,0,0,0
2026-08-05,성남시수정구,2026-08-06T05:00,ncep_gefs_seamless,31,1,0,0,0
2026-08-05,성남시수정구,2026-08-06T05:00,ecmwf_ifs025_ensemble,51,1,0,0,0
2026-08-05,성남시수정구,2026-08-06T05:00,gem_global_ensemble,21,1,0,0,0
2026-08-05,성남시수정구,2026-08-06T06:00,ensemble,143,1,0,0,0
2026-08-05,성남시수정구,2026-08-06T06:00,icon_seamless_eps,40,1,0,0,0
2026-08-05,성남시수정구,2026-08-06T06:00,ncep_gefs_seamless,31,1,0,0,0
2026-08-05,성남시수정구,2026-08-06T06:00,ecmwf_ifs025_ensemble,51,1,0,0,0
2026-08-05,성남시수정구,2026-08-06T06:00,gem_global_ensemble,21,1,0,0,0
2026-08-05,성남시수정구,2026-08-06T07:00,ensemble,143,1,0,0,0
2026-08-05,성남시수정구,2026-08-06T07:00,icon_seamless_eps,40,1,0,0,0
2026-08-05,성남시수정구,2026-08-06T07:00,ncep_gefs_seamless,31,1,0,0,0
2026-08-05,성남시수정구,2026-08-06T07:00,ecmwf_ifs025_ensemble,51,1,0,0,0
2026-08-05,성남시수정구,2026-08-06T07:00,gem_global_ensemble,21,1,0,0,0
2026-08-05,성남시수정구,2026-08-06T08:00,ensemble,143,1,0,0,0
2026-08-05,성남시수정구,2026-08-06T08:00,icon_seamless_eps,40,1,0,0,0
2026-08-05,성남시수정구,2026-08-06T08:00,ncep_gefs_seamless,31,1,0,0,0
2026-08-05,성남시수정구,2026-08-06T08:00,ecmwf_ifs025_ensemble,51,1,0,0,0
2026-08-05,성남시수정구,2026-08-06T08:00,gem_global_ensemble,21,1,0,0,0
2026-08-05,성남시수정구,2026-08-06T09:00,ensemble,143,1,0,0,0
2026-08-05,성남시수정구,2026-08-06T09:00,icon_seamless_eps,40,1,0,0,0
2026-08-05,성남시수정구,2026-08-06T09:00,ncep_gefs_seamless,31,1,0,0,0
2026-08-05,성남시수정구,2026-08-06T09:00,ecmwf_ifs025_ensemble,51,1,0,0,0
2026-08-05,성남시수정구,2026-08-06T09:00,gem_global_ensemble,21,1,0,0,0
2026-08-05,성남시수정구,2026-08-06T10:00,ensemble,143,0.986,0.014,0,0
2026-08-05,성남시수정구,2026-08-06T10:00,icon_seamless_eps,40,1,0,0,0
2026-08-05,성남시수정구,2026-08-06T10:00,ncep_gefs_seamless,31,1,0,0,0
2026-08-05,성남시수정구,2026-08-06T10:00,ecmwf_ifs025_ensemble,51,0.961,0.039,0,0
2026-08-05,성남시수정구,2026-08-06T10:00,gem_global_ensemble,21,1,0,0,0
2026-08-05,성남시수정구,2026-08-06T11:00,ensemble,143,0.986,0.014,0,0
2026-08-05,성남시수정구,2026-08-06T11:00,icon_seamless_eps,40,1,0,0,0
2026-08-05,성남시수정구,2026-08-06T11:00,ncep_gefs_seamless,31,1,0,0,0
2026-08-05,성남시수정구,2026-08-06T11:00,ecmwf_ifs025_ensemble,51,0.961,0.039,0,0
2026-08-05,성남시수정구,2026-08-06T11:00,gem_global_ensemble,21,1,0,0,0
2026-08-05,성남시수정구,2026-08-06T12:00,ensemble,143,0.986,0.014,0,0
2026-08-05,성남시수정구,2026-08-06T12:00,icon_seamless_eps,40,1,0,0,0
2026-08-05,성남시수정구,2026-08-06T12:00,ncep_gefs_seamless,31,1,0,0,0
2026-08-05,성남시수정구,2026-08-06T12:00,ecmwf_ifs025_ensemble,51,0.961,0.039,0,0
2026-08-05,성남시수정구,2026-08-06T12:00,gem_global_ensemble,21,1,0,0,0
2026-08-05,성남시수정구,2026-08-06T13:00,ensemble,143,0.979,0.021,0,0
2026-08-05,성남시수정구,2026-08-06T13:00,icon_seamless_eps,40,1,0,0,0
2026-08-05,성남시수정구,2026-08-06T13:00,ncep_gefs_seamless,31,1,0,0,0
2026-08-05,성남시수정구,2026-08-06T13:00,ecmwf_ifs025_ensemble,51,0.98,0.02,0,0
2026-08-05,성남시수정구,2026-08-06T13:00,gem_global_ensemble,21,0.905,0.095,0,0
2026-08-05,성남시수정구,2026-08-06T14:00,ensemble,143,0.979,0.021,0,0
2026-08-05,성남시수정구,2026-08-06T14:00,icon_seamless_eps,40,1,0,0,0
2026-08-05,성남시수정구,2026-08-06T14:00,ncep_gefs_seamless,31,1,0,0,0
2026-08-05,성남시수정구,2026-08-06T14:00,ecmwf_ifs025_ensemble,51,0.98,0.02,0,0
2026-08-05,성남시수정구,2026-08-06T14:00,gem_global_ensemble,21,0.905,0.095,0,0
2026-08-05,성남시수정구,2026-08-06T15:00,ensemble,143,0.979,0.021,0,0
2026-08-05,성남시수정구,2026-08-06T15:00,icon_seamless_eps,40,1,0,0,0
2026-08-05,성남시수정구,2026-08-06T15:00,ncep_gefs_seamless,31,1,0,0,0
2026-08-05,성남시수정구,2026-08-06T15:00,ecmwf_ifs025_ensemble,51,0.98,0.02,0,0
2026-08-05,성남시수정구,2026-08-06T15:00,gem_global_ensemble,21,0.905,0.095,0,0
2026-08-05,성남시수정구,2026-08-06T16:00,ensemble,143,0.972,0.014,0.014,0
2026-08-05,성남시수정구,2026-08-06T16:00,icon_seamless_eps,40,1,0,0,0
2026-08-05,성남시수정구,2026-08-06T16:00,ncep_gefs_seamless,31,1,0,0,0
2026-08-05,성남시수정구,2026-08-06T16:00,ecmwf_ifs025_ensemble,51,0.98,0.02,0,0
2026-08-05,성남시수정구,2026-08-06T16:00,gem_global_ensemble,21,0.857,0.048,0.095,0
2026-08-05,성남시수정구,2026-08-06T17:00,ensemble,143,0.972,0.014,0.014,0
2026-08-05,성남시수정구,2026-08-06T17:00,icon_seamless_eps,40,1,0,0,0
2026-08-05,성남시수정구,2026-08-06T17:00,ncep_gefs_seamless,31,1,0,0,0
2026-08-05,성남시수정구,2026-08-06T17:00,ecmwf_ifs025_ensemble,51,0.98,0.02,0,0
2026-08-05,성남시수정구,2026-08-06T17:00,gem_global_ensemble,21,0.857,0.048,0.095,0
2026-08-05,성남시수정구,2026-08-06T18:00,ensemble,143,0.972,0.014,0.014,0
2026-08-05,성남시수정구,2026-08-06T18:00,icon_seamless_eps,40,1,0,0,0
2026-08-05,성남시수정구,2026-08-06T18:00,ncep_gefs_seamless,31,1,0,0,0
2026-08-05,성남시수정구,2026-08-06T18:00,ecmwf_ifs025_ensemble,51,0.98,0.02,0,0
2026-08-05,성남시수정구,2026-08-06T18:00,gem_global_ensemble,21,0.857,0.048,0.095,0
2026-08-05,성남시수정구,2026-08-06T19:00,ensemble,143,0.986,0.014,0,0
2026-08-05,성남시수정구,2026-08-06T19:00,icon_seamless_eps,40,1,0,0,0
2026-08-05,성남시수정구,2026-08-06T19:00,ncep_gefs_seamless,31,1,0,0,0
2026-08-05,성남시수정구,2026-08-06T19:00,ecmwf_ifs025_ensemble,51,1,0,0,0
2026-08-05,성남시수정구,2026-08-06T19:00,gem_global_ensemble,21,0.905,0.095,0,0
2026-08-05,성남시수정구,2026-08-06T20:00,ensemble,143,0.986,0.014,0,0
2026-08-05,성남시수정구,2026-08-06T20:00,icon_seamless_eps,40,1,0,0,0
2026-08-05,성남시수정구,2026-08-06T20:00,ncep_gefs_seamless,31,1,0,0,0
2026-08-05,성남시수정구,2026-08-06T20:00,ecmwf_ifs025_ensemble,51,1,0,0,0
2026-08-05,성남시수정구,2026-08-06T20:00,gem_global_ensemble,21,0.905,0.095,0,0
2026-08-05,성남시수정구,2026-08-06T21:00,ensemble,143,0.986,0.014,0,0
2026-08-05,성남시수정구,2026-08-06T21:00,icon_seamless_eps,40,1,0,0,0
2026-08-05,성남시수정구,2026-08-06T21:00,ncep_gefs_seamless,31,1,0,0,0
2026-08-05,성남시수정구,2026-08-06T21:00,ecmwf_ifs025_ensemble,51,1,0,0,0
2026-08-05,성남시수정구,2026-08-06T21:00,gem_global_ensemble,21,0.905,0.095,0,0
2026-08-05,성남시수정구,2026-08-06T22:00,ensemble,143,1,0,0,0
2026-08-05,성남시수정구,2026-08-06T22:00,icon_seamless_eps,40,1,0,0,0
2026-08-05,성남시수정구,2026-08-06T22:00,ncep_gefs_seamless,31,1,0,0,0
2026-08-05,성남시수정구,2026-08-06T22:00,ecmwf_ifs025_ensemble,51,1,0,0,0
2026-08-05,성남시수정구,2026-08-06T22:00,gem_global_ensemble,21,1,0,0,0
2026-08-05,성남시수정구,2026-08-06T23:00,ensemble,143,1,0,0,0
2026-08-05,성남시수정구,2026-08-06T23:00,icon_seamless_eps,40,1,0,0,0
2026-08-05,성남시수정구,2026-08-06T23:00,ncep_gefs_seamless,31,1,0,0,0
2026-08-05,성남시수정구,2026-08-06T23:00,ecmwf_ifs025_ensemble,51,1,0,0,0
2026-08-05,성남시수정구,2026-08-06T23:00,gem_global_ensemble,21,1,0,0,0
2026-08-06,수원시권선구,2026-08-06T00:00,ensemble,143,0.958,0.042,0,0
2026-08-06,수원시권선구,2026-08-06T00:00,icon_seamless_eps,40,1,0,0,0
2026-08-06,수원시권선구,2026-08-06T00:00,ncep_gefs_seamless,31,0.871,0.129,0,0
2026-08-06,수원시권선구,2026-08-06T00:00,ecmwf_ifs025_ensemble,51,1,0,0,0
2026-08-06,수원시권선구,2026-08-06T00:00,gem_global_ensemble,21,0.905,0.095,0,0
2026-08-06,수원시권선구,2026-08-06T01:00,ensemble,143,0.993,0.007,0,0
2026-08-06,수원시권선구,2026-08-06T01:00,icon_seamless_eps,40,1,0,0,0
2026-08-06,수원시권선구,2026-08-06T01:00,ncep_gefs_seamless,31,0.968,0.032,0,0
2026-08-06,수원시권선구,2026-08-06T01:00,ecmwf_ifs025_ensemble,51,1,0,0,0
2026-08-06,수원시권선구,2026-08-06T01:00,gem_global_ensemble,21,1,0,0,0
2026-08-06,수원시권선구,2026-08-06T02:00,ensemble,143,0.979,0.021,0,0
2026-08-06,수원시권선구,2026-08-06T02:00,icon_seamless_eps,40,0.95,0.05,0,0
2026-08-06,수원시권선구,2026-08-06T02:00,ncep_gefs_seamless,31,0.968,0.032,0,0
2026-08-06,수원시권선구,2026-08-06T02:00,ecmwf_ifs025_ensemble,51,1,0,0,0
2026-08-06,수원시권선구,2026-08-06T02:00,gem_global_ensemble,21,1,0,0,0
2026-08-06,수원시권선구,2026-08-06T03:00,ensemble,143,0.979,0.021,0,0
2026-08-06,수원시권선구,2026-08-06T03:00,icon_seamless_eps,40,0.95,0.05,0,0
2026-08-06,수원시권선구,2026-08-06T03:00,ncep_gefs_seamless,31,0.968,0.032,0,0
2026-08-06,수원시권선구,2026-08-06T03:00,ecmwf_ifs025_ensemble,51,1,0,0,0
2026-08-06,수원시권선구,2026-08-06T03:00,gem_global_ensemble,21,1,0,0,0
2026-08-06,수원시권선구,2026-08-06T04:00,ensemble,143,0.986,0.014,0,0
2026-08-06,수원시권선구,2026-08-06T04:00,icon_seamless_eps,40,0.95,0.05,0,0
2026-08-06,수원시권선구,2026-08-06T04:00,ncep_gefs_seamless,31,1,0,0,0
2026-08-06,수원시권선구,2026-08-06T04:00,ecmwf_ifs025_ensemble,51,1,0,0,0
2026-08-06,수원시권선구,2026-08-06T04:00,gem_global_ensemble,21,1,0,0,0
2026-08-06,수원시권선구,2026-08-06T05:00,ensemble,143,0.993,0.007,0,0
2026-08-06,수원시권선구,2026-08-06T05:00,icon_seamless_eps,40,0.975,0.025,0,0
2026-08-06,수원시권선구,2026-08-06T05:00,ncep_gefs_seamless,31,1,0,0,0
2026-08-06,수원시권선구,2026-08-06T05:00,ecmwf_ifs025_ensemble,51,1,0,0,0
2026-08-06,수원시권선구,2026-08-06T05:00,gem_global_ensemble,21,1,0,0,0
2026-08-06,수원시권선구,2026-08-06T06:00,ensemble,143,1,0,0,0
2026-08-06,수원시권선구,2026-08-06T06:00,icon_seamless_eps,40,1,0,0,0
2026-08-06,수원시권선구,2026-08-06T06:00,ncep_gefs_seamless,31,1,0,0,0
2026-08-06,수원시권선구,2026-08-06T06:00,ecmwf_ifs025_ensemble,51,1,0,0,0
2026-08-06,수원시권선구,2026-08-06T06:00,gem_global_ensemble,21,1,0,0,0
2026-08-06,수원시권선구,2026-08-06T07:00,ensemble,143,1,0,0,0
2026-08-06,수원시권선구,2026-08-06T07:00,icon_seamless_eps,40,1,0,0,0
2026-08-06,수원시권선구,2026-08-06T07:00,ncep_gefs_seamless,31,1,0,0,0
2026-08-06,수원시권선구,2026-08-06T07:00,ecmwf_ifs025_ensemble,51,1,0,0,0
2026-08-06,수원시권선구,2026-08-06T07:00,gem_global_ensemble,21,1,0,0,0
2026-08-06,수원시권선구,2026-08-06T08:00,ensemble,143,1,0,0,0
2026-08-06,수원시권선구,2026-08-06T08:00,icon_seamless_eps,40,1,0,0,0
2026-08-06,수원시권선구,2026-08-06T08:00,ncep_gefs_seamless,31,1,0,0,0
2026-08-06,수원시권선구,2026-08-06T08:00,ecmwf_ifs025_ensemble,51,1,0,0,0
2026-08-06,수원시권선구,2026-08-06T08:00,gem_global_ensemble,21,1,0,0,0
2026-08-06,수원시권선구,2026-08-06T09:00,ensemble,143,1,0,0,0
2026-08-06,수원시권선구,2026-08-06T09:00,icon_seamless_eps,40,1,0,0,0
2026-08-06,수원시권선구,2026-08-06T09:00,ncep_gefs_seamless,31,1,0,0,0
2026-08-06,수원시권선구,2026-08-06T09:00,ecmwf_ifs025_ensemble,51,1,0,0,0
2026-08-06,수원시권선구,2026-08-06T09:00,gem_global_ensemble,21,1,0,0,0
2026-08-06,수원시권선구,2026-08-06T10:00,ensemble,143,0.993,0.007,0,0
2026-08-06,수원시권선구,2026-08-06T10:00,icon_seamless_eps,40,1,0,0,0
2026-08-06,수원시권선구,2026-08-06T10:00,ncep_gefs_seamless,31,1,0,0,0
2026-08-06,수원시권선구,2026-08-06T10:00,ecmwf_ifs025_ensemble,51,1,0,0,0
2026-08-06,수원시권선구,2026-08-06T10:00,gem_global_ensemble,21,0.952,0.048,0,0
2026-08-06,수원시권선구,2026-08-06T11:00,ensemble,143,0.993,0.007,0,0
2026-08-06,수원시권선구,2026-08-06T11:00,icon_seamless_eps,40,1,0,0,0
2026-08-06,수원시권선구,2026-08-06T11:00,ncep_gefs_seamless,31,1,0,0,0
2026-08-06,수원시권선구,2026-08-06T11:00,ecmwf_ifs025_ensemble,51,1,0,0,0
2026-08-06,수원시권선구,2026-08-06T11:00,gem_global_ensemble,21,0.952,0.048,0,0
2026-08-06,수원시권선구,2026-08-06T12:00,ensemble,143,0.993,0.007,0,0
2026-08-06,수원시권선구,2026-08-06T12:00,icon_seamless_eps,40,1,0,0,0
2026-08-06,수원시권선구,2026-08-06T12:00,ncep_gefs_seamless,31,1,0,0,0
2026-08-06,수원시권선구,2026-08-06T12:00,ecmwf_ifs025_ensemble,51,1,0,0,0
2026-08-06,수원시권선구,2026-08-06T12:00,gem_global_ensemble,21,0.952,0.048,0,0
2026-08-06,수원시권선구,2026-08-06T13:00,ensemble,143,0.993,0.007,0,0
2026-08-06,수원시권선구,2026-08-06T13:00,icon_seamless_eps,40,1,0,0,0
2026-08-06,수원시권선구,2026-08-06T13:00,ncep_gefs_seamless,31,1,0,0,0
2026-08-06,수원시권선구,2026-08-06T13:00,ecmwf_ifs025_ensemble,51,0.98,0.02,0,0
2026-08-06,수원시권선구,2026-08-06T13:00,gem_global_ensemble,21,1,0,0,0
2026-08-06,수원시권선구,2026-08-06T14:00,ensemble,143,0.993,0.007,0,0
2026-08-06,수원시권선구,2026-08-06T14:00,icon_seamless_eps,40,1,0,0,0
2026-08-06,수원시권선구,2026-08-06T14:00,ncep_gefs_seamless,31,1,0,0,0
2026-08-06,수원시권선구,2026-08-06T14:00,ecmwf_ifs025_ensemble,51,0.98,0.02,0,0
2026-08-06,수원시권선구,2026-08-06T14:00,gem_global_ensemble,21,1,0,0,0
2026-08-06,수원시권선구,2026-08-06T15:00,ensemble,143,0.993,0.007,0,0
2026-08-06,수원시권선구,2026-08-06T15:00,icon_seamless_eps,40,1,0,0,0
2026-08-06,수원시권선구,2026-08-06T15:00,ncep_gefs_seamless,31,1,0,0,0
2026-08-06,수원시권선구,2026-08-06T15:00,ecmwf_ifs025_ensemble,51,0.98,0.02,0,0
2026-08-06,수원시권선구,2026-08-06T15:00,gem_global_ensemble,21,1,0,0,0
2026-08-06,수원시권선구,2026-08-06T16:00,ensemble,143,0.972,0.021,0.007,0
2026-08-06,수원시권선구,2026-08-06T16:00,icon_seamless_eps,40,1,0,0,0
2026-08-06,수원시권선구,2026-08-06T16:00,ncep_gefs_seamless,31,1,0,0,0
2026-08-06,수원시권선구,2026-08-06T16:00,ecmwf_ifs025_ensemble,51,0.98,0.02,0,0
2026-08-06,수원시권선구,2026-08-06T16:00,gem_global_ensemble,21,0.857,0.095,0.048,0
2026-08-06,수원시권선구,2026-08-06T17:00,ensemble,143,0.972,0.021,0.007,0
2026-08-06,수원시권선구,2026-08-06T17:00,icon_seamless_eps,40,1,0,0,0
2026-08-06,수원시권선구,2026-08-06T17:00,ncep_gefs_seamless,31,1,0,0,0
2026-08-06,수원시권선구,2026-08-06T17:00,ecmwf_ifs025_ensemble,51,0.98,0.02,0,0
2026-08-06,수원시권선구,2026-08-06T17:00,gem_global_ensemble,21,0.857,0.095,0.048,0
2026-08-06,수원시권선구,2026-08-06T18:00,ensemble,143,0.972,0.021,0.007,0
2026-08-06,수원시권선구,2026-08-06T18:00,icon_seamless_eps,40,1,0,0,0
2026-08-06,수원시권선구,2026-08-06T18:00,ncep_gefs_seamless,31,1,0,0,0
2026-08-06,수원시권선구,2026-08-06T18:00,ecmwf_ifs025_ensemble,51,0.98,0.02,0,0
2026-08-06,수원시권선구,2026-08-06T18:00,gem_global_ensemble,21,0.857,0.095,0.048,0
2026-08-06,수원시권선구,2026-08-06T19:00,ensemble,143,1,0,0,0
2026-08-06,수원시권선구,2026-08-06T19:00,icon_seamless_eps,40,1,0,0,0
2026-08-06,수원시권선구,2026-08-06T19:00,ncep_gefs_seamless,31,1,0,0,0
2026-08-06,수원시권선구,2026-08-06T19:00,ecmwf_ifs025_ensemble,51,1,0,0,0
2026-08-06,수원시권선구,2026-08-06T19:00,gem_global_ensemble,21,1,0,0,0
2026-08-06,수원시권선구,2026-08-06T20:00,ensemble,143,1,0,0,0
2026-08-06,수원시권선구,2026-08-06T20:00,icon_seamless_eps,40,1,0,0,0
2026-08-06,수원시권선구,2026-08-06T20:00,ncep_gefs_seamless,31,1,0,0,0
2026-08-06,수원시권선구,2026-08-06T20:00,ecmwf_ifs025_ensemble,51,1,0,0,0
2026-08-06,수원시권선구,2026-08-06T20:00,gem_global_ensemble,21,1,0,0,0
2026-08-06,수원시권선구,2026-08-06T21:00,ensemble,143,1,0,0,0
2026-08-06,수원시권선구,2026-08-06T21:00,icon_seamless_eps,40,1,0,0,0
2026-08-06,수원시권선구,2026-08-06T21:00,ncep_gefs_seamless,31,1,0,0,0
2026-08-06,수원시권선구,2026-08-06T21:00,ecmwf_ifs025_ensemble,51,1,0,0,0
2026-08-06,수원시권선구,2026-08-06T21:00,gem_global_ensemble,21,1,0,0,0
2026-08-06,수원시권선구,2026-08-06T22:00,ensemble,143,1,0,0,0
2026-08-06,수원시권선구,2026-08-06T22:00,icon_seamless_eps,40,1,0,0,0
2026-08-06,수원시권선구,2026-08-06T22:00,ncep_gefs_seamless,31,1,0,0,0
2026-08-06,수원시권선구,2026-08-06T22:00,ecmwf_ifs025_ensemble,51,1,0,0,0
2026-08-06,수원시권선구,2026-08-06T22:00,gem_global_ensemble,21,1,0,0,0
2026-08-06,수원시권선구,2026-08-06T23:00,ensemble,143,1,0,0,0
2026-08-06,수원시권선구,2026-08-06T23:00,icon_seamless_eps,40,1,0,0,0
2026-08-06,수원시권선구,2026-08-06T23:00,ncep_gefs_seamless,31,1,0,0,0
2026-08-06,수원시권선구,2026-08-06T23:00,ecmwf_ifs025_ensemble,51,1,0,0,0
2026-08-06,수원시권선구,2026-08-06T23:00,gem_global_ensemble,21,1,0,0,0
2026-08-06,수원시권선구,2026-08-07T00:00,ensemble,143,1,0,0,0
2026-08-06,수원시권선구,2026-08-07T00:00,icon_seamless_eps,40,1,0,0,0
2026-08-06,수원시권선구,2026-08-07T00:00,ncep_gefs_seamless,31,1,0,0,0
2026-08-06,수원시권선구,2026-08-07T00:00,ecmwf_ifs025_ensemble,51,1,0,0,0
2026-08-06,수원시권선구,2026-08-07T00:00,gem_global_ensemble,21,1,0,0,0
2026-08-06,수원시권선구,2026-08-07T01:00,ensemble,143,1,0,0,0
2026-08-06,수원시권선구,2026-08-07T01:00,icon_seamless_eps,40,1,0,0,0
2026-08-06,수원시권선구,2026-08-07T01:00,ncep_gefs_seamless,31,1,0,0,0
2026-08-06,수원시권선구,2026-08-07T01:00,ecmwf_ifs025_ensemble,51,1,0,0,0
2026-08-06,수원시권선구,2026-08-07T01:00,gem_global_ensemble,21,1,0,0,0
2026-08-06,수원시권선구,2026-08-07T02:00,ensemble,143,1,0,0,0
2026-08-06,수원시권선구,2026-08-07T02:00,icon_seamless_eps,40,1,0,0,0
2026-08-06,수원시권선구,2026-08-07T02:00,ncep_gefs_seamless,31,1,0,0,0
2026-08-06,수원시권선구,2026-08-07T02:00,ecmwf_ifs025_ensemble,51,1,0,0,0
2026-08-06,수원시권선구,2026-08-07T02:00,gem_global_ensemble,21,1,0,0,0
2026-08-06,수원시권선구,2026-08-07T03:00,ensemble,143,1,0,0,0
2026-08-06,수원시권선구,2026-08-07T03:00,icon_seamless_eps,40,1,0,0,0
2026-08-06,수원시권선구,2026-08-07T03:00,ncep_gefs_seamless,31,1,0,0,0
2026-08-06,수원시권선구,2026-08-07T03:00,ecmwf_ifs025_ensemble,51,1,0,0,0
2026-08-06,수원시권선구,2026-08-07T03:00,gem_global_ensemble,21,1,0,0,0
2026-08-06,수원시권선구,2026-08-07T04:00,ensemble,143,1,0,0,0
2026-08-06,수원시권선구,2026-08-07T04:00,icon_seamless_eps,40,1,0,0,0
2026-08-06,수원시권선구,2026-08-07T04:00,ncep_gefs_seamless,31,1,0,0,0
2026-08-06,수원시권선구,2026-08-07T04:00,ecmwf_ifs025_ensemble,51,1,0,0,0
2026-08-06,수원시권선구,2026-08-07T04:00,gem_global_ensemble,21,1,0,0,0
2026-08-06,수원시권선구,2026-08-07T05:00,ensemble,143,1,0,0,0
2026-08-06,수원시권선구,2026-08-07T05:00,icon_seamless_eps,40,1,0,0,0
2026-08-06,수원시권선구,2026-08-07T05:00,ncep_gefs_seamless,31,1,0,0,0
2026-08-06,수원시권선구,2026-08-07T05:00,ecmwf_ifs025_ensemble,51,1,0,0,0
2026-08-06,수원시권선구,2026-08-07T05:00,gem_global_ensemble,21,1,0,0,0
2026-08-06,수원시권선구,2026-08-07T06:00,ensemble,143,1,0,0,0
2026-08-06,수원시권선구,2026-08-07T06:00,icon_seamless_eps,40,1,0,0,0
2026-08-06,수원시권선구,2026-08-07T06:00,ncep_gefs_seamless,31,1,0,0,0
2026-08-06,수원시권선구,2026-08-07T06:00,ecmwf_ifs025_ensemble,51,1,0,0,0
2026-08-06,수원시권선구,2026-08-07T06:00,gem_global_ensemble,21,1,0,0,0
2026-08-06,수원시권선구,2026-08-07T07:00,ensemble,143,1,0,0,0
2026-08-06,수원시권선구,2026-08-07T07:00,icon_seamless_eps,40,1,0,0,0
2026-08-06,수원시권선구,2026-08-07T07:00,ncep_gefs_seamless,31,1,0,0,0
2026-08-06,수원시권선구,2026-08-07T07:00,ecmwf_ifs025_ensemble,51,1,0,0,0
2026-08-06,수원시권선구,2026-08-07T07:00,gem_global_ensemble,21,1,0,0,0
2026-08-06,수원시권선구,2026-08-07T08:00,ensemble,143,1,0,0,0
2026-08-06,수원시권선구,2026-08-07T08:00,icon_seamless_eps,40,1,0,0,0
2026-08-06,수원시권선구,2026-08-07T08:00,ncep_gefs_seamless,31,1,0,0,0
2026-08-06,수원시권선구,2026-08-07T08:00,ecmwf_ifs025_ensemble,51,1,0,0,0
2026-08-06,수원시권선구,2026-08-07T08:00,gem_global_ensemble,21,1,0,0,0
2026-08-06,수원시권선구,2026-08-07T09:00,ensemble,143,1,0,0,0
2026-08-06,수원시권선구,2026-08-07T09:00,icon_seamless_eps,40,1,0,0,0
2026-08-06,수원시권선구,2026-08-07T09:00,ncep_gefs_seamless,31,1,0,0,0
2026-08-06,수원시권선구,2026-08-07T09:00,ecmwf_ifs025_ensemble,51,1,0,0,0
2026-08-06,수원시권선구,2026-08-07T09:00,gem_global_ensemble,21,1,0,0,0
2026-08-06,수원시권선구,2026-08-07T10:00,ensemble,143,1,0,0,0
2026-08-06,수원시권선구,2026-08-07T10:00,icon_seamless_eps,40,1,0,0,0
2026-08-06,수원시권선구,2026-08-07T10:00,ncep_gefs_seamless,31,1,0,0,0
2026-08-06,수원시권선구,2026-08-07T10:00,ecmwf_ifs025_ensemble,51,1,0,0,0
2026-08-06,수원시권선구,2026-08-07T10:00,gem_global_ensemble,21,1,0,0,0
2026-08-06,수원시권선구,2026-08-07T11:00,ensemble,143,1,0,0,0
2026-08-06,수원시권선구,2026-08-07T11:00,icon_seamless_eps,40,1,0,0,0
2026-08-06,수원시권선구,2026-08-07T11:00,ncep_gefs_seamless,31,1,0,0,0
2026-08-06,수원시권선구,2026-08-07T11:00,ecmwf_ifs025_ensemble,51,1,0,0,0
2026-08-06,수원시권선구,2026-08-07T11:00,gem_global_ensemble,21,1,0,0,0
2026-08-06,수원시권선구,2026-08-07T12:00,ensemble,143,1,0,0,0
2026-08-06,수원시권선구,2026-08-07T12:00,icon_seamless_eps,40,1,0,0,0
2026-08-06,수원시권선구,2026-08-07T12:00,ncep_gefs_seamless,31,1,0,0,0
2026-08-06,수원시권선구,2026-08-07T12:00,ecmwf_ifs025_ensemble,51,1,0,0,0
2026-08-06,수원시권선구,2026-08-07T12:00,gem_global_ensemble,21,1,0,0,0
2026-08-06,수원시권선구,2026-08-07T13:00,ensemble,143,0.979,0.021,0,0
2026-08-06,수원시권선구,2026-08-07T13:00,icon_seamless_eps,40,1,0,0,0
2026-08-06,수원시권선구,2026-08-07T13:00,ncep_gefs_seamless,31,1,0,0,0
2026-08-06,수원시권선구,2026-08-07T13:00,ecmwf_ifs025_ensemble,51,0.961,0.039,0,0
2026-08-06,수원시권선구,2026-08-07T13:00,gem_global_ensemble,21,0.952,0.048,0,0
2026-08-06,수원시권선구,2026-08-07T14:00,ensemble,143,0.979,0.021,0,0
2026-08-06,수원시권선구,2026-08-07T14:00,icon_seamless_eps,40,1,0,0,0
2026-08-06,수원시권선구,2026-08-07T14:00,ncep_gefs_seamless,31,1,0,0,0
2026-08-06,수원시권선구,2026-08-07T14:00,ecmwf_ifs025_ensemble,51,0.961,0.039,0,0
2026-08-06,수원시권선구,2026-08-07T14:00,gem_global_ensemble,21,0.952,0.048,0,0
2026-08-06,수원시권선구,2026-08-07T15:00,ensemble,143,0.979,0.021,0,0
2026-08-06,수원시권선구,2026-08-07T15:00,icon_seamless_eps,40,1,0,0,0
2026-08-06,수원시권선구,2026-08-07T15:00,ncep_gefs_seamless,31,1,0,0,0
2026-08-06,수원시권선구,2026-08-07T15:00,ecmwf_ifs025_ensemble,51,0.961,0.039,0,0
2026-08-06,수원시권선구,2026-08-07T15:00,gem_global_ensemble,21,0.952,0.048,0,0
2026-08-06,수원시권선구,2026-08-07T16:00,ensemble,143,0.951,0.035,0.014,0
2026-08-06,수원시권선구,2026-08-07T16:00,icon_seamless_eps,40,1,0,0,0
2026-08-06,수원시권선구,2026-08-07T16:00,ncep_gefs_seamless,31,1,0,0,0
2026-08-06,수원시권선구,2026-08-07T16:00,ecmwf_ifs025_ensemble,51,0.941,0.059,0,0
2026-08-06,수원시권선구,2026-08-07T16:00,gem_global_ensemble,21,0.81,0.095,0.095,0
2026-08-06,수원시권선구,2026-08-07T17:00,ensemble,143,0.951,0.035,0.014,0
2026-08-06,수원시권선구,2026-08-07T17:00,icon_seamless_eps,40,1,0,0,0
2026-08-06,수원시권선구,2026-08-07T17:00,ncep_gefs_seamless,31,1,0,0,0
2026-08-06,수원시권선구,2026-08-07T17:00,ecmwf_ifs025_ensemble,51,0.941,0.059,0,0
2026-08-06,수원시권선구,2026-08-07T17:00,gem_global_ensemble,21,0.81,0.095,0.095,0
2026-08-06,수원시권선구,2026-08-07T18:00,ensemble,143,0.951,0.035,0.014,0
2026-08-06,수원시권선구,2026-08-07T18:00,icon_seamless_eps,40,1,0,0,0
2026-08-06,수원시권선구,2026-08-07T18:00,ncep_gefs_seamless,31,1,0,0,0
2026-08-06,수원시권선구,2026-08-07T18:00,ecmwf_ifs025_ensemble,51,0.941,0.059,0,0
2026-08-06,수원시권선구,2026-08-07T18:00,gem_global_ensemble,21,0.81,0.095,0.095,0
2026-08-06,수원시권선구,2026-08-07T19:00,ensemble,143,0.972,0.028,0,0
2026-08-06,수원시권선구,2026-08-07T19:00,icon_seamless_eps,40,1,0,0,0
2026-08-06,수원시권선구,2026-08-07T19:00,ncep_gefs_seamless,31,1,0,0,0
2026-08-06,수원시권선구,2026-08-07T19:00,ecmwf_ifs025_ensemble,51,1,0,0,0
2026-08-06,수원시권선구,2026-08-07T19:00,gem_global_ensemble,21,0.81,0.19,0,0
2026-08-06,수원시권선구,2026-08-07T20:00,ensemble,143,0.972,0.028,0,0
2026-08-06,수원시권선구,2026-08-07T20:00,icon_seamless_eps,40,1,0,0,0
2026-08-06,수원시권선구,2026-08-07T20:00,ncep_gefs_seamless,31,1,0,0,0
2026-08-06,수원시권선구,2026-08-07T20:00,ecmwf_ifs025_ensemble,51,1,0,0,0
2026-08-06,수원시권선구,2026-08-07T20:00,gem_global_ensemble,21,0.81,0.19,0,0
2026-08-06,수원시권선구,2026-08-07T21:00,ensemble,143,0.972,0.028,0,0
2026-08-06,수원시권선구,2026-08-07T21:00,icon_seamless_eps,40,1,0,0,0
2026-08-06,수원시권선구,2026-08-07T21:00,ncep_gefs_seamless,31,1,0,0,0
2026-08-06,수원시권선구,2026-08-07T21:00,ecmwf_ifs025_ensemble,51,1,0,0,0
2026-08-06,수원시권선구,2026-08-07T21:00,gem_global_ensemble,21,0.81,0.19,0,0
2026-08-06,수원시권선구,2026-08-07T22:00,ensemble,143,1,0,0,0
2026-08-06,수원시권선구,2026-08-07T22:00,icon_seamless_eps,40,1,0,0,0
2026-08-06,수원시권선구,2026-08-07T22:00,ncep_gefs_seamless,31,1,0,0,0
2026-08-06,수원시권선구,2026-08-07T22:00,ecmwf_ifs025_ensemble,51,1,0,0,0
2026-08-06,수원시권선구,2026-08-07T22:00,gem_global_ensemble,21,1,0,0,0
2026-08-06,수원시권선구,2026-08-07T23:00,ensemble,143,1,0,0,0
2026-08-06,수원시권선구,2026-08-07T23:00,icon_seamless_eps,40,1,0,0,0
2026-08-06,수원시권선구,2026-08-07T23:00,ncep_gefs_seamless,31,1,0,0,0
2026-08-06,수원시권선구,2026-08-07T23:00,ecmwf_ifs025_ensemble,51,1,0,0,0
2026-08-06,수원시권선구,2026-08-07T23:00,gem_global_ensemble,21,1,0,0,0
2026-08-06,성남시수정구,2026-08-06T00:00,ensemble,143,0.923,0.077,0,0
2026-08-06,성남시수정구,2026-08-06T00:00,icon_seamless_eps,40,1,0,0,0
2026-08-06,성남시수정구,2026-08-06T00:00,ncep_gefs_seamless,31,1,0,0,0
2026-08-06,성남시수정구,2026-08-06T00:00,ecmwf_ifs025_ensemble,51,0.824,0.176,0,0
2026-08-06,성남시수정구,2026-08-06T00:00,gem_global_ensemble,21,0.905,0.095,0,0
2026-08-06,성남시수정구,2026-08-06T01:00,ensemble,143,0.979,0.021,0,0
2026-08-06,성남시수정구,2026-08-06T01:00,icon_seamless_eps,40,1,0,0,0
2026-08-06,성남시수정구,2026-08-06T01:00,ncep_gefs_seamless,31,1,0,0,0
2026-08-06,성남시수정구,2026-08-06T01:00,ecmwf_ifs025_ensemble,51,0.941,0.059,0,0
2026-08-06,성남시수정구,2026-08-06T01:00,gem_global_ensemble,21,1,0,0,0
2026-08-06,성남시수정구,2026-08-06T02:00,ensemble,143,0.979,0.021,0,0
2026-08-06,성남시수정구,2026-08-06T02:00,icon_seamless_eps,40,1,0,0,0
2026-08-06,성남시수정구,2026-08-06T02:00,ncep_gefs_seamless,31,1,0,0,0
2026-08-06,성남시수정구,2026-08-06T02:00,ecmwf_ifs025_ensemble,51,0.941,0.059,0,0
2026-08-06,성남시수정구,2026-08-06T02:00,gem_global_ensemble,21,1,0,0,0
2026-08-06,성남시수정구,2026-08-06T03:00,ensemble,143,0.979,0.021,0,0
2026-08-06,성남시수정구,2026-08-06T03:00,icon_seamless_eps,40,1,0,0,0
2026-08-06,성남시수정구,2026-08-06T03:00,ncep_gefs_seamless,31,1,0,0,0
2026-08-06,성남시수정구,2026-08-06T03:00,ecmwf_ifs025_ensemble,51,0.941,0.059,0,0
2026-08-06,성남시수정구,2026-08-06T03:00,gem_global_ensemble,21,1,0,0,0
2026-08-06,성남시수정구,2026-08-06T04:00,ensemble,143,0.993,0.007,0,0
2026-08-06,성남시수정구,2026-08-06T04:00,icon_seamless_eps,40,1,0,0,0
2026-08-06,성남시수정구,2026-08-06T04:00,ncep_gefs_seamless,31,1,0,0,0
2026-08-06,성남시수정구,2026-08-06T04:00,ecmwf_ifs025_ensemble,51,0.98,0.02,0,0
2026-08-06,성남시수정구,2026-08-06T04:00,gem_global_ensemble,21,1,0,0,0
2026-08-06,성남시수정구,2026-08-06T05:00,ensemble,143,0.993,0.007,0,0
2026-08-06,성남시수정구,2026-08-06T05:00,icon_seamless_eps,40,1,0,0,0
2026-08-06,성남시수정구,2026-08-06T05:00,ncep_gefs_seamless,31,1,0,0,0
2026-08-06,성남시수정구,2026-08-06T05:00,ecmwf_ifs025_ensemble,51,0.98,0.02,0,0
2026-08-06,성남시수정구,2026-08-06T05:00,gem_global_ensemble,21,1,0,0,0
2026-08-06,성남시수정구,2026-08-06T06:00,ensemble,143,0.993,0.007,0,0
2026-08-06,성남시수정구,2026-08-06T06:00,icon_seamless_eps,40,1,0,0,0
2026-08-06,성남시수정구,2026-08-06T06:00,ncep_gefs_seamless,31,1,0,0,0
2026-08-06,성남시수정구,2026-08-06T06:00,ecmwf_ifs025_ensemble,51,0.98,0.02,0,0
2026-08-06,성남시수정구,2026-08-06T06:00,gem_global_ensemble,21,1,0,0,0
2026-08-06,성남시수정구,2026-08-06T07:00,ensemble,143,1,0,0,0
2026-08-06,성남시수정구,2026-08-06T07:00,icon_seamless_eps,40,1,0,0,0
2026-08-06,성남시수정구,2026-08-06T07:00,ncep_gefs_seamless,31,1,0,0,0
2026-08-06,성남시수정구,2026-08-06T07:00,ecmwf_ifs025_ensemble,51,1,0,0,0
2026-08-06,성남시수정구,2026-08-06T07:00,gem_global_ensemble,21,1,0,0,0
2026-08-06,성남시수정구,2026-08-06T08:00,ensemble,143,1,0,0,0
2026-08-06,성남시수정구,2026-08-06T08:00,icon_seamless_eps,40,1,0,0,0
2026-08-06,성남시수정구,2026-08-06T08:00,ncep_gefs_seamless,31,1,0,0,0
2026-08-06,성남시수정구,2026-08-06T08:00,ecmwf_ifs025_ensemble,51,1,0,0,0
2026-08-06,성남시수정구,2026-08-06T08:00,gem_global_ensemble,21,1,0,0,0
2026-08-06,성남시수정구,2026-08-06T09:00,ensemble,143,1,0,0,0
2026-08-06,성남시수정구,2026-08-06T09:00,icon_seamless_eps,40,1,0,0,0
2026-08-06,성남시수정구,2026-08-06T09:00,ncep_gefs_seamless,31,1,0,0,0
2026-08-06,성남시수정구,2026-08-06T09:00,ecmwf_ifs025_ensemble,51,1,0,0,0
2026-08-06,성남시수정구,2026-08-06T09:00,gem_global_ensemble,21,1,0,0,0
2026-08-06,성남시수정구,2026-08-06T10:00,ensemble,143,0.986,0.014,0,0
2026-08-06,성남시수정구,2026-08-06T10:00,icon_seamless_eps,40,1,0,0,0
2026-08-06,성남시수정구,2026-08-06T10:00,ncep_gefs_seamless,31,1,0,0,0
2026-08-06,성남시수정구,2026-08-06T10:00,ecmwf_ifs025_ensemble,51,0.98,0.02,0,0
2026-08-06,성남시수정구,2026-08-06T10:00,gem_global_ensemble,21,0.952,0.048,0,0
2026-08-06,성남시수정구,2026-08-06T11:00,ensemble,143,0.986,0.014,0,0
2026-08-06,성남시수정구,2026-08-06T11:00,icon_seamless_eps,40,1,0,0,0
2026-08-06,성남시수정구,2026-08-06T11:00,ncep_gefs_seamless,31,1,0,0,0
2026-08-06,성남시수정구,2026-08-06T11:00,ecmwf_ifs025_ensemble,51,0.98,0.02,0,0
2026-08-06,성남시수정구,2026-08-06T11:00,gem_global_ensemble,21,0.952,0.048,0,0
2026-08-06,성남시수정구,2026-08-06T12:00,ensemble,143,0.986,0.014,0,0
2026-08-06,성남시수정구,2026-08-06T12:00,icon_seamless_eps,40,1,0,0,0
2026-08-06,성남시수정구,2026-08-06T12:00,ncep_gefs_seamless,31,1,0,0,0
2026-08-06,성남시수정구,2026-08-06T12:00,ecmwf_ifs025_ensemble,51,0.98,0.02,0,0
2026-08-06,성남시수정구,2026-08-06T12:00,gem_global_ensemble,21,0.952,0.048,0,0
2026-08-06,성남시수정구,2026-08-06T13:00,ensemble,143,1,0,0,0
2026-08-06,성남시수정구,2026-08-06T13:00,icon_seamless_eps,40,1,0,0,0
2026-08-06,성남시수정구,2026-08-06T13:00,ncep_gefs_seamless,31,1,0,0,0
2026-08-06,성남시수정구,2026-08-06T13:00,ecmwf_ifs025_ensemble,51,1,0,0,0
2026-08-06,성남시수정구,2026-08-06T13:00,gem_global_ensemble,21,1,0,0,0
2026-08-06,성남시수정구,2026-08-06T14:00,ensemble,143,1,0,0,0
2026-08-06,성남시수정구,2026-08-06T14:00,icon_seamless_eps,40,1,0,0,0
2026-08-06,성남시수정구,2026-08-06T14:00,ncep_gefs_seamless,31,1,0,0,0
2026-08-06,성남시수정구,2026-08-06T14:00,ecmwf_ifs025_ensemble,51,1,0,0,0
2026-08-06,성남시수정구,2026-08-06T14:00,gem_global_ensemble,21,1,0,0,0
2026-08-06,성남시수정구,2026-08-06T15:00,ensemble,143,1,0,0,0
2026-08-06,성남시수정구,2026-08-06T15:00,icon_seamless_eps,40,1,0,0,0
2026-08-06,성남시수정구,2026-08-06T15:00,ncep_gefs_seamless,31,1,0,0,0
2026-08-06,성남시수정구,2026-08-06T15:00,ecmwf_ifs025_ensemble,51,1,0,0,0
2026-08-06,성남시수정구,2026-08-06T15:00,gem_global_ensemble,21,1,0,0,0
2026-08-06,성남시수정구,2026-08-06T16:00,ensemble,143,0.965,0.028,0.007,0
2026-08-06,성남시수정구,2026-08-06T16:00,icon_seamless_eps,40,1,0,0,0
2026-08-06,성남시수정구,2026-08-06T16:00,ncep_gefs_seamless,31,1,0,0,0
2026-08-06,성남시수정구,2026-08-06T16:00,ecmwf_ifs025_ensemble,51,0.961,0.039,0,0
2026-08-06,성남시수정구,2026-08-06T16:00,gem_global_ensemble,21,0.857,0.095,0.048,0
2026-08-06,성남시수정구,2026-08-06T17:00,ensemble,143,0.965,0.028,0.007,0
2026-08-06,성남시수정구,2026-08-06T17:00,icon_seamless_eps,40,1,0,0,0
2026-08-06,성남시수정구,2026-08-06T17:00,ncep_gefs_seamless,31,1,0,0,0
2026-08-06,성남시수정구,2026-08-06T17:00,ecmwf_ifs025_ensemble,51,0.961,0.039,0,0
2026-08-06,성남시수정구,2026-08-06T17:00,gem_global_ensemble,21,0.857,0.095,0.048,0
2026-08-06,성남시수정구,2026-08-06T18:00,ensemble,143,0.965,0.028,0.007,0
2026-08-06,성남시수정구,2026-08-06T18:00,icon_seamless_eps,40,1,0,0,0
2026-08-06,성남시수정구,2026-08-06T18:00,ncep_gefs_seamless,31,1,0,0,0
2026-08-06,성남시수정구,2026-08-06T18:00,ecmwf_ifs025_ensemble,51,0.961,0.039,0,0
2026-08-06,성남시수정구,2026-08-06T18:00,gem_global_ensemble,21,0.857,0.095,0.048,0
2026-08-06,성남시수정구,2026-08-06T19:00,ensemble,143,1,0,0,0
2026-08-06,성남시수정구,2026-08-06T19:00,icon_seamless_eps,40,1,0,0,0
2026-08-06,성남시수정구,2026-08-06T19:00,ncep_gefs_seamless,31,1,0,0,0
2026-08-06,성남시수정구,2026-08-06T19:00,ecmwf_ifs025_ensemble,51,1,0,0,0
2026-08-06,성남시수정구,2026-08-06T19:00,gem_global_ensemble,21,1,0,0,0
2026-08-06,성남시수정구,2026-08-06T20:00,ensemble,143,1,0,0,0
2026-08-06,성남시수정구,2026-08-06T20:00,icon_seamless_eps,40,1,0,0,0
2026-08-06,성남시수정구,2026-08-06T20:00,ncep_gefs_seamless,31,1,0,0,0
2026-08-06,성남시수정구,2026-08-06T20:00,ecmwf_ifs025_ensemble,51,1,0,0,0
2026-08-06,성남시수정구,2026-08-06T20:00,gem_global_ensemble,21,1,0,0,0
2026-08-06,성남시수정구,2026-08-06T21:00,ensemble,143,1,0,0,0
2026-08-06,성남시수정구,2026-08-06T21:00,icon_seamless_eps,40,1,0,0,0
2026-08-06,성남시수정구,2026-08-06T21:00,ncep_gefs_seamless,31,1,0,0,0
2026-08-06,성남시수정구,2026-08-06T21:00,ecmwf_ifs025_ensemble,51,1,0,0,0
2026-08-06,성남시수정구,2026-08-06T21:00,gem_global_ensemble,21,1,0,0,0
2026-08-06,성남시수정구,2026-08-06T22:00,ensemble,143,1,0,0,0
2026-08-06,성남시수정구,2026-08-06T22:00,icon_seamless_eps,40,1,0,0,0
2026-08-06,성남시수정구,2026-08-06T22:00,ncep_gefs_seamless,31,1,0,0,0
2026-08-06,성남시수정구,2026-08-06T22:00,ecmwf_ifs025_ensemble,51,1,0,0,0
2026-08-06,성남시수정구,2026-08-06T22:00,gem_global_ensemble,21,1,0,0,0
2026-08-06,성남시수정구,2026-08-06T23:00,ensemble,143,1,0,0,0
2026-08-06,성남시수정구,2026-08-06T23:00,icon_seamless_eps,40,1,0,0,0
2026-08-06,성남시수정구,2026-08-06T23:00,ncep_gefs_seamless,31,1,0,0,0
2026-08-06,성남시수정구,2026-08-06T23:00,ecmwf_ifs025_ensemble,51,1,0,0,0
2026-08-06,성남시수정구,2026-08-06T23:00,gem_global_ensemble,21,1,0,0,0
2026-08-06,성남시수정구,2026-08-07T00:00,ensemble,143,1,0,0,0
2026-08-06,성남시수정구,2026-08-07T00:00,icon_seamless_eps,40,1,0,0,0
2026-08-06,성남시수정구,2026-08-07T00:00,ncep_gefs_seamless,31,1,0,0,0
2026-08-06,성남시수정구,2026-08-07T00:00,ecmwf_ifs025_ensemble,51,1,0,0,0
2026-08-06,성남시수정구,2026-08-07T00:00,gem_global_ensemble,21,1,0,0,0
2026-08-06,성남시수정구,2026-08-07T01:00,ensemble,143,1,0,0,0
2026-08-06,성남시수정구,2026-08-07T01:00,icon_seamless_eps,40,1,0,0,0
2026-08-06,성남시수정구,2026-08-07T01:00,ncep_gefs_seamless,31,1,0,0,0
2026-08-06,성남시수정구,2026-08-07T01:00,ecmwf_ifs025_ensemble,51,1,0,0,0
2026-08-06,성남시수정구,2026-08-07T01:00,gem_global_ensemble,21,1,0,0,0
2026-08-06,성남시수정구,2026-08-07T02:00,ensemble,143,1,0,0,0
2026-08-06,성남시수정구,2026-08-07T02:00,icon_seamless_eps,40,1,0,0,0
2026-08-06,성남시수정구,2026-08-07T02:00,ncep_gefs_seamless,31,1,0,0,0
2026-08-06,성남시수정구,2026-08-07T02:00,ecmwf_ifs025_ensemble,51,1,0,0,0
2026-08-06,성남시수정구,2026-08-07T02:00,gem_global_ensemble,21,1,0,0,0
2026-08-06,성남시수정구,2026-08-07T03:00,ensemble,143,1,0,0,0
2026-08-06,성남시수정구,2026-08-07T03:00,icon_seamless_eps,40,1,0,0,0
2026-08-06,성남시수정구,2026-08-07T03:00,ncep_gefs_seamless,31,1,0,0,0
2026-08-06,성남시수정구,2026-08-07T03:00,ecmwf_ifs025_ensemble,51,1,0,0,0
2026-08-06,성남시수정구,2026-08-07T03:00,gem_global_ensemble,21,1,0,0,0
2026-08-06,성남시수정구,2026-08-07T04:00,ensemble,143,1,0,0,0
2026-08-06,성남시수정구,2026-08-07T04:00,icon_seamless_eps,40,1,0,0,0
2026-08-06,성남시수정구,2026-08-07T04:00,ncep_gefs_seamless,31,1,0,0,0
2026-08-06,성남시수정구,2026-08-07T04:00,ecmwf_ifs025_ensemble,51,1,0,0,0
2026-08-06,성남시수정구,2026-08-07T04:00,gem_global_ensemble,21,1,0,0,0
2026-08-06,성남시수정구,2026-08-07T05:00,ensemble,143,1,0,0,0
2026-08-06,성남시수정구,2026-08-07T05:00,icon_seamless_eps,40,1,0,0,0
2026-08-06,성남시수정구,2026-08-07T05:00,ncep_gefs_seamless,31,1,0,0,0
2026-08-06,성남시수정구,2026-08-07T05:00,ecmwf_ifs025_ensemble,51,1,0,0,0
2026-08-06,성남시수정구,2026-08-07T05:00,gem_global_ensemble,21,1,0,0,0
2026-08-06,성남시수정구,2026-08-07T06:00,ensemble,143,1,0,0,0
2026-08-06,성남시수정구,2026-08-07T06:00,icon_seamless_eps,40,1,0,0,0
2026-08-06,성남시수정구,2026-08-07T06:00,ncep_gefs_seamless,31,1,0,0,0
2026-08-06,성남시수정구,2026-08-07T06:00,ecmwf_ifs025_ensemble,51,1,0,0,0
2026-08-06,성남시수정구,2026-08-07T06:00,gem_global_ensemble,21,1,0,0,0
2026-08-06,성남시수정구,2026-08-07T07:00,ensemble,143,1,0,0,0
2026-08-06,성남시수정구,2026-08-07T07:00,icon_seamless_eps,40,1,0,0,0
2026-08-06,성남시수정구,2026-08-07T07:00,ncep_gefs_seamless,31,1,0,0,0
2026-08-06,성남시수정구,2026-08-07T07:00,ecmwf_ifs025_ensemble,51,1,0,0,0
2026-08-06,성남시수정구,2026-08-07T07:00,gem_global_ensemble,21,1,0,0,0
2026-08-06,성남시수정구,2026-08-07T08:00,ensemble,143,1,0,0,0
2026-08-06,성남시수정구,2026-08-07T08:00,icon_seamless_eps,40,1,0,0,0
2026-08-06,성남시수정구,2026-08-07T08:00,ncep_gefs_seamless,31,1,0,0,0
2026-08-06,성남시수정구,2026-08-07T08:00,ecmwf_ifs025_ensemble,51,1,0,0,0
2026-08-06,성남시수정구,2026-08-07T08:00,gem_global_ensemble,21,1,0,0,0
2026-08-06,성남시수정구,2026-08-07T09:00,ensemble,143,1,0,0,0
2026-08-06,성남시수정구,2026-08-07T09:00,icon_seamless_eps,40,1,0,0,0
2026-08-06,성남시수정구,2026-08-07T09:00,ncep_gefs_seamless,31,1,0,0,0
2026-08-06,성남시수정구,2026-08-07T09:00,ecmwf_ifs025_ensemble,51,1,0,0,0
2026-08-06,성남시수정구,2026-08-07T09:00,gem_global_ensemble,21,1,0,0,0
2026-08-06,성남시수정구,2026-08-07T10:00,ensemble,143,1,0,0,0
2026-08-06,성남시수정구,2026-08-07T10:00,icon_seamless_eps,40,1,0,0,0
2026-08-06,성남시수정구,2026-08-07T10:00,ncep_gefs_seamless,31,1,0,0,0
2026-08-06,성남시수정구,2026-08-07T10:00,ecmwf_ifs025_ensemble,51,1,0,0,0
2026-08-06,성남시수정구,2026-08-07T10:00,gem_global_ensemble,21,1,0,0,0
2026-08-06,성남시수정구,2026-08-07T11:00,ensemble,143,1,0,0,0
2026-08-06,성남시수정구,2026-08-07T11:00,icon_seamless_eps,40,1,0,0,0
2026-08-06,성남시수정구,2026-08-07T11:00,ncep_gefs_seamless,31,1,0,0,0
2026-08-06,성남시수정구,2026-08-07T11:00,ecmwf_ifs025_ensemble,51,1,0,0,0
2026-08-06,성남시수정구,2026-08-07T11:00,gem_global_ensemble,21,1,0,0,0
2026-08-06,성남시수정구,2026-08-07T12:00,ensemble,143,1,0,0,0
2026-08-06,성남시수정구,2026-08-07T12:00,icon_seamless_eps,40,1,0,0,0
2026-08-06,성남시수정구,2026-08-07T12:00,ncep_gefs_seamless,31,1,0,0,0
2026-08-06,성남시수정구,2026-08-07T12:00,ecmwf_ifs025_ensemble,51,1,0,0,0
2026-08-06,성남시수정구,2026-08-07T12:00,gem_global_ensemble,21,1,0,0,0
2026-08-06,성남시수정구,2026-08-07T13:00,ensemble,143,0.986,0.014,0,0
2026-08-06,성남시수정구,2026-08-07T13:00,icon_seamless_eps,40,1,0,0,0
2026-08-06,성남시수정구,2026-08-07T13:00,ncep_gefs_seamless,31,1,0,0,0
2026-08-06,성남시수정구,2026-08-07T13:00,ecmwf_ifs025_ensemble,51,0.98,0.02,0,0
2026-08-06,성남시수정구,2026-08-07T13:00,gem_global_ensemble,21,0.952,0.048,0,0
2026-08-06,성남시수정구,2026-08-07T14:00,ensemble,143,0.986,0.014,0,0
2026-08-06,성남시수정구,2026-08-07T14:00,icon_seamless_eps,40,1,0,0,0
2026-08-06,성남시수정구,2026-08-07T14:00,ncep_gefs_seamless,31,1,0,0,0
2026-08-06,성남시수정구,2026-08-07T14:00,ecmwf_ifs025_ensemble,51,0.98,0.02,0,0
2026-08-06,성남시수정구,2026-08-07T14:00,gem_global_ensemble,21,0.952,0.048,0,0
2026-08-06,성남시수정구,2026-08-07T15:00,ensemble,143,0.986,0.014,0,0
2026-08-06,성남시수정구,2026-08-07T15:00,icon_seamless_eps,40,1,0,0,0
2026-08-06,성남시수정구,2026-08-07T15:00,ncep_gefs_seamless,31,1,0,0,0
2026-08-06,성남시수정구,2026-08-07T15:00,ecmwf_ifs025_ensemble,51,0.98,0.02,0,0
2026-08-06,성남시수정구,2026-08-07T15:00,gem_global_ensemble,21,0.952,0.048,0,0
2026-08-06,성남시수정구,2026-08-07T16:00,ensemble,143,0.972,0.014,0.014,0
2026-08-06,성남시수정구,2026-08-07T16:00,icon_seamless_eps,40,1,0,0,0
2026-08-06,성남시수정구,2026-08-07T16:00,ncep_gefs_seamless,31,1,0,0,0
2026-08-06,성남시수정구,2026-08-07T16:00,ecmwf_ifs025_ensemble,51,1,0,0,0
2026-08-06,성남시수정구,2026-08-07T16:00,gem_global_ensemble,21,0.81,0.095,0.095,0
2026-08-06,성남시수정구,2026-08-07T17:00,ensemble,143,0.972,0.014,0.014,0
2026-08-06,성남시수정구,2026-08-07T17:00,icon_seamless_eps,40,1,0,0,0
2026-08-06,성남시수정구,2026-08-07T17:00,ncep_gefs_seamless,31,1,0,0,0
2026-08-06,성남시수정구,2026-08-07T17:00,ecmwf_ifs025_ensemble,51,1,0,0,0
2026-08-06,성남시수정구,2026-08-07T17:00,gem_global_ensemble,21,0.81,0.095,0.095,0
2026-08-06,성남시수정구,2026-08-07T18:00,ensemble,143,0.972,0.014,0.014,0
2026-08-06,성남시수정구,2026-08-07T18:00,icon_seamless_eps,40,1,0,0,0
2026-08-06,성남시수정구,2026-08-07T18:00,ncep_gefs_seamless,31,1,0,0,0
2026-08-06,성남시수정구,2026-08-07T18:00,ecmwf_ifs025_ensemble,51,1,0,0,0
2026-08-06,성남시수정구,2026-08-07T18:00,gem_global_ensemble,21,0.81,0.095,0.095,0
2026-08-06,성남시수정구,2026-08-07T19:00,ensemble,143,0.972,0.028,0,0
2026-08-06,성남시수정구,2026-08-07T19:00,icon_seamless_eps,40,1,0,0,0
2026-08-06,성남시수정구,2026-08-07T19:00,ncep_gefs_seamless,31,1,0,0,0
2026-08-06,성남시수정구,2026-08-07T19:00,ecmwf_ifs025_ensemble,51,1,0,0,0
2026-08-06,성남시수정구,2026-08-07T19:00,gem_global_ensemble,21,0.81,0.19,0,0
2026-08-06,성남시수정구,2026-08-07T20:00,ensemble,143,0.972,0.028,0,0
2026-08-06,성남시수정구,2026-08-07T20:00,icon_seamless_eps,40,1,0,0,0
2026-08-06,성남시수정구,2026-08-07T20:00,ncep_gefs_seamless,31,1,0,0,0
2026-08-06,성남시수정구,2026-08-07T20:00,ecmwf_ifs025_ensemble,51,1,0,0,0
2026-08-06,성남시수정구,2026-08-07T20:00,gem_global_ensemble,21,0.81,0.19,0,0
2026-08-06,성남시수정구,2026-08-07T21:00,ensemble,143,0.972,0.028,0,0
2026-08-06,성남시수정구,2026-08-07T21:00,icon_seamless_eps,40,1,0,0,0
2026-08-06,성남시수정구,2026-08-07T21:00,ncep_gefs_seamless,31,1,0,0,0
2026-08-06,성남시수정구,2026-08-07T21:00,ecmwf_ifs025_ensemble,51,1,0,0,0
2026-08-06,성남시수정구,2026-08-07T21:00,gem_global_ensemble,21,0.81,0.19,0,0
2026-08-06,성남시수정구,2026-08-07T22:00,ensemble,143,0.993,0.007,0,0
2026-08-06,성남시수정구,2026-08-07T22:00,icon_seamless_eps,40,1,0,0,0
2026-08-06,성남시수정구,2026-08-07T22:00,ncep_gefs_seamless,31,0.968,0.032,0,0
2026-08-06,성남시수정구,2026-08-07T22:00,ecmwf_ifs025_ensemble,51,1,0,0,0
2026-08-06,성남시수정구,2026-08-07T22:00,gem_global_ensemble,21,1,0,0,0
2026-08-06,성남시수정구,2026-08-07T23:00,ensemble,143,0.993,0.007,0,0
2026-08-06,성남시수정구,2026-08-07T23:00,icon_seamless_eps,40,1,0,0,0
2026-08-06,성남시수정구,2026-08-07T23:00,ncep_gefs_seamless,31,0.968,0.032,0,0
2026-08-06,성남시수정구,2026-08-07T23:00,ecmwf_ifs025_ensemble,51,1,0,0,0
2026-08-06,성남시수정구,2026-08-07T23:00,gem_global_ensemble,21,1,0,0,0
2026-08-08,수원시권선구,2026-08-08T00:00,ensemble,143,1,0,0,0
2026-08-08,수원시권선구,2026-08-08T00:00,icon_seamless_eps,40,1,0,0,0
2026-08-08,수원시권선구,2026-08-08T00:00,ncep_gefs_seamless,31,1,0,0,0
2026-08-08,수원시권선구,2026-08-08T00:00,ecmwf_ifs025_ensemble,51,1,0,0,0
2026-08-08,수원시권선구,2026-08-08T00:00,gem_global_ensemble,21,1,0,0,0
2026-08-08,수원시권선구,2026-08-08T01:00,ensemble,143,0.993,0.007,0,0
2026-08-08,수원시권선구,2026-08-08T01:00,icon_seamless_eps,40,1,0,0,0
2026-08-08,수원시권선구,2026-08-08T01:00,ncep_gefs_seamless,31,1,0,0,0
2026-08-08,수원시권선구,2026-08-08T01:00,ecmwf_ifs025_ensemble,51,1,0,0,0
2026-08-08,수원시권선구,2026-08-08T01:00,gem_global_ensemble,21,0.952,0.048,0,0
2026-08-08,수원시권선구,2026-08-08T02:00,ensemble,143,0.993,0.007,0,0
2026-08-08,수원시권선구,2026-08-08T02:00,icon_seamless_eps,40,1,0,0,0
2026-08-08,수원시권선구,2026-08-08T02:00,ncep_gefs_seamless,31,1,0,0,0
2026-08-08,수원시권선구,2026-08-08T02:00,ecmwf_ifs025_ensemble,51,1,0,0,0
2026-08-08,수원시권선구,2026-08-08T02:00,gem_global_ensemble,21,0.952,0.048,0,0
2026-08-08,수원시권선구,2026-08-08T03:00,ensemble,143,0.993,0.007,0,0
2026-08-08,수원시권선구,2026-08-08T03:00,icon_seamless_eps,40,1,0,0,0
2026-08-08,수원시권선구,2026-08-08T03:00,ncep_gefs_seamless,31,1,0,0,0
2026-08-08,수원시권선구,2026-08-08T03:00,ecmwf_ifs025_ensemble,51,1,0,0,0
2026-08-08,수원시권선구,2026-08-08T03:00,gem_global_ensemble,21,0.952,0.048,0,0
2026-08-08,수원시권선구,2026-08-08T04:00,ensemble,143,0.93,0.07,0,0
2026-08-08,수원시권선구,2026-08-08T04:00,icon_seamless_eps,40,1,0,0,0
2026-08-08,수원시권선구,2026-08-08T04:00,ncep_gefs_seamless,31,0.742,0.258,0,0
2026-08-08,수원시권선구,2026-08-08T04:00,ecmwf_ifs025_ensemble,51,0.98,0.02,0,0
2026-08-08,수원시권선구,2026-08-08T04:00,gem_global_ensemble,21,0.952,0.048,0,0
2026-08-08,수원시권선구,2026-08-08T05:00,ensemble,143,0.93,0.07,0,0
2026-08-08,수원시권선구,2026-08-08T05:00,icon_seamless_eps,40,1,0,0,0
2026-08-08,수원시권선구,2026-08-08T05:00,ncep_gefs_seamless,31,0.742,0.258,0,0
2026-08-08,수원시권선구,2026-08-08T05:00,ecmwf_ifs025_ensemble,51,0.98,0.02,0,0
2026-08-08,수원시권선구,2026-08-08T05:00,gem_global_ensemble,21,0.952,0.048,0,0
2026-08-08,수원시권선구,2026-08-08T06:00,ensemble,143,0.923,0.077,0,0
2026-08-08,수원시권선구,2026-08-08T06:00,icon_seamless_eps,40,0.975,0.025,0,0
2026-08-08,수원시권선구,2026-08-08T06:00,ncep_gefs_seamless,31,0.742,0.258,0,0
2026-08-08,수원시권선구,2026-08-08T06:00,ecmwf_ifs025_ensemble,51,0.98,0.02,0,0
2026-08-08,수원시권선구,2026-08-08T06:00,gem_global_ensemble,21,0.952,0.048,0,0
2026-08-08,수원시권선구,2026-08-08T07:00,ensemble,143,0.965,0.035,0,0
2026-08-08,수원시권선구,2026-08-08T07:00,icon_seamless_eps,40,0.925,0.075,0,0
2026-08-08,수원시권선구,2026-08-08T07:00,ncep_gefs_seamless,31,0.968,0.032,0,0
2026-08-08,수원시권선구,2026-08-08T07:00,ecmwf_ifs025_ensemble,51,0.98,0.02,0,0
2026-08-08,수원시권선구,2026-08-08T07:00,gem_global_ensemble,21,1,0,0,0
2026-08-08,수원시권선구,2026-08-08T08:00,ensemble,143,0.965,0.035,0,0
2026-08-08,수원시권선구,2026-08-08T08:00,icon_seamless_eps,40,0.925,0.075,0,0
2026-08-08,수원시권선구,2026-08-08T08:00,ncep_gefs_seamless,31,0.968,0.032,0,0
2026-08-08,수원시권선구,2026-08-08T08:00,ecmwf_ifs025_ensemble,51,0.98,0.02,0,0
2026-08-08,수원시권선구,2026-08-08T08:00,gem_global_ensemble,21,1,0,0,0
2026-08-08,수원시권선구,2026-08-08T09:00,ensemble,143,0.965,0.035,0,0
2026-08-08,수원시권선구,2026-08-08T09:00,icon_seamless_eps,40,0.925,0.075,0,0
2026-08-08,수원시권선구,2026-08-08T09:00,ncep_gefs_seamless,31,0.968,0.032,0,0
2026-08-08,수원시권선구,2026-08-08T09:00,ecmwf_ifs025_ensemble,51,0.98,0.02,0,0
2026-08-08,수원시권선구,2026-08-08T09:00,gem_global_ensemble,21,1,0,0,0
2026-08-08,수원시권선구,2026-08-08T10:00,ensemble,143,0.839,0.154,0.007,0
2026-08-08,수원시권선구,2026-08-08T10:00,icon_seamless_eps,40,0.95,0.05,0,0
2026-08-08,수원시권선구,2026-08-08T10:00,ncep_gefs_seamless,31,0.968,0.032,0,0
2026-08-08,수원시권선구,2026-08-08T10:00,ecmwf_ifs025_ensemble,51,0.647,0.333,0.02,0
2026-08-08,수원시권선구,2026-08-08T10:00,gem_global_ensemble,21,0.905,0.095,0,0
2026-08-08,수원시권선구,2026-08-08T11:00,ensemble,143,0.825,0.168,0.007,0
2026-08-08,수원시권선구,2026-08-08T11:00,icon_seamless_eps,40,0.9,0.1,0,0
2026-08-08,수원시권선구,2026-08-08T11:00,ncep_gefs_seamless,31,0.968,0.032,0,0
2026-08-08,수원시권선구,2026-08-08T11:00,ecmwf_ifs025_ensemble,51,0.647,0.333,0.02,0
2026-08-08,수원시권선구,2026-08-08T11:00,gem_global_ensemble,21,0.905,0.095,0,0
2026-08-08,수원시권선구,2026-08-08T12:00,ensemble,143,0.797,0.196,0.007,0
2026-08-08,수원시권선구,2026-08-08T12:00,icon_seamless_eps,40,0.8,0.2,0,0
2026-08-08,수원시권선구,2026-08-08T12:00,ncep_gefs_seamless,31,0.968,0.032,0,0
2026-08-08,수원시권선구,2026-08-08T12:00,ecmwf_ifs025_ensemble,51,0.647,0.333,0.02,0
2026-08-08,수원시권선구,2026-08-08T12:00,gem_global_ensemble,21,0.905,0.095,0,0
2026-08-08,수원시권선구,2026-08-08T13:00,ensemble,143,0.378,0.476,0.147,0
2026-08-08,수원시권선구,2026-08-08T13:00,icon_seamless_eps,40,0.75,0.225,0.025,0
2026-08-08,수원시권선구,2026-08-08T13:00,ncep_gefs_seamless,31,0.516,0.484,0,0
2026-08-08,수원시권선구,2026-08-08T13:00,ecmwf_ifs025_ensemble,51,0.059,0.706,0.235,0
2026-08-08,수원시권선구,2026-08-08T13:00,gem_global_ensemble,21,0.238,0.381,0.381,0
2026-08-08,수원시권선구,2026-08-08T14:00,ensemble,143,0.378,0.483,0.14,0
2026-08-08,수원시권선구,2026-08-08T14:00,icon_seamless_eps,40,0.75,0.25,0,0
2026-08-08,수원시권선구,2026-08-08T14:00,ncep_gefs_seamless,31,0.516,0.484,0,0
2026-08-08,수원시권선구,2026-08-08T14:00,ecmwf_ifs025_ensemble,51,0.059,0.706,0.235,0
2026-08-08,수원시권선구,2026-08-08T14:00,gem_global_ensemble,21,0.238,0.381,0.381,0
2026-08-08,수원시권선구,2026-08-08T15:00,ensemble,143,0.371,0.483,0.147,0
2026-08-08,수원시권선구,2026-08-08T15:00,icon_seamless_eps,40,0.725,0.25,0.025,0
2026-08-08,수원시권선구,2026-08-08T15:00,ncep_gefs_seamless,31,0.516,0.484,0,0
2026-08-08,수원시권선구,2026-08-08T15:00,ecmwf_ifs025_ensemble,51,0.059,0.706,0.235,0
2026-08-08,수원시권선구,2026-08-08T15:00,gem_global_ensemble,21,0.238,0.381,0.381,0
2026-08-08,수원시권선구,2026-08-08T16:00,ensemble,143,0.399,0.448,0.126,0.028
2026-08-08,수원시권선구,2026-08-08T16:00,icon_seamless_eps,40,0.725,0.25,0.025,0
2026-08-08,수원시권선구,2026-08-08T16:00,ncep_gefs_seamless,31,0.387,0.613,0,0
2026-08-08,수원시권선구,2026-08-08T16:00,ecmwf_ifs025_ensemble,51,0.059,0.608,0.275,0.059
2026-08-08,수원시권선구,2026-08-08T16:00,gem_global_ensemble,21,0.619,0.19,0.143,0.048
2026-08-08,수원시권선구,2026-08-08T17:00,ensemble,143,0.42,0.434,0.119,0.028
2026-08-08,수원시권선구,2026-08-08T17:00,icon_seamless_eps,40,0.8,0.2,0,0
2026-08-08,수원시권선구,2026-08-08T17:00,ncep_gefs_seamless,31,0.387,0.613,0,0
2026-08-08,수원시권선구,2026-08-08T17:00,ecmwf_ifs025_ensemble,51,0.059,0.608,0.275,0.059
2026-08-08,수원시권선구,2026-08-08T17:00,gem_global_ensemble,21,0.619,0.19,0.143,0.048
2026-08-08,수원시권선구,2026-08-08T18:00,ensemble,143,0.462,0.392,0.119,0.028
2026-08-08,수원시권선구,2026-08-08T18:00,icon_seamless_eps,40,0.95,0.05,0,0
2026-08-08,수원시권선구,2026-08-08T18:00,ncep_gefs_seamless,31,0.387,0.613,0,0
2026-08-08,수원시권선구,2026-08-08T18:00,ecmwf_ifs025_ensemble,51,0.059,0.608,0.275,0.059
2026-08-08,수원시권선구,2026-08-08T18:00,gem_global_ensemble,21,0.619,0.19,0.143,0.048
2026-08-08,수원시권선구,2026-08-08T19:00,ensemble,143,0.692,0.294,0.014,0
2026-08-08,수원시권선구,2026-08-08T19:00,icon_seamless_eps,40,1,0,0,0
2026-08-08,수원시권선구,2026-08-08T19:00,ncep_gefs_seamless,31,0.387,0.613,0,0
2026-08-08,수원시권선구,2026-08-08T19:00,ecmwf_ifs025_ensemble,51,0.51,0.451,0.039,0
2026-08-08,수원시권선구,2026-08-08T19:00,gem_global_ensemble,21,1,0,0,0
2026-08-08,수원시권선구,2026-08-08T20:00,ensemble,143,0.692,0.294,0.014,0
2026-08-08,수원시권선구,2026-08-08T20:00,icon_seamless_eps,40,1,0,0,0
2026-08-08,수원시권선구,2026-08-08T20:00,ncep_gefs_seamless,31,0.387,0.613,0,0
2026-08-08,수원시권선구,2026-08-08T20:00,ecmwf_ifs025_ensemble,51,0.51,0.451,0.039,0
2026-08-08,수원시권선구,2026-08-08T20:00,gem_global_ensemble,21,1,0,0,0
2026-08-08,수원시권선구,2026-08-08T21:00,ensemble,143,0.692,0.294,0.014,0
2026-08-08,수원시권선구,2026-08-08T21:00,icon_seamless_eps,40,1,0,0,0
2026-08-08,수원시권선구,2026-08-08T21:00,ncep_gefs_seamless,31,0.387,0.613,0,0
2026-08-08,수원시권선구,2026-08-08T21:00,ecmwf_ifs025_ensemble,51,0.51,0.451,0.039,0
2026-08-08,수원시권선구,2026-08-08T21:00,gem_global_ensemble,21,1,0,0,0
2026-08-08,수원시권선구,2026-08-08T22:00,ensemble,143,0.965,0.028,0.007,0
2026-08-08,수원시권선구,2026-08-08T22:00,icon_seamless_eps,40,1,0,0,0
2026-08-08,수원시권선구,2026-08-08T22:00,ncep_gefs_seamless,31,0.871,0.097,0.032,0
2026-08-08,수원시권선구,2026-08-08T22:00,ecmwf_ifs025_ensemble,51,0.98,0.02,0,0
2026-08-08,수원시권선구,2026-08-08T22:00,gem_global_ensemble,21,1,0,0,0
2026-08-08,수원시권선구,2026-08-08T23:00,ensemble,143,0.965,0.028,0.007,0
2026-08-08,수원시권선구,2026-08-08T23:00,icon_seamless_eps,40,1,0,0,0
2026-08-08,수원시권선구,2026-08-08T23:00,ncep_gefs_seamless,31,0.871,0.097,0.032,0
2026-08-08,수원시권선구,2026-08-08T23:00,ecmwf_ifs025_ensemble,51,0.98,0.02,0,0
2026-08-08,수원시권선구,2026-08-08T23:00,gem_global_ensemble,21,1,0,0,0
2026-08-08,수원시권선구,2026-08-09T00:00,ensemble,143,0.965,0.028,0.007,0
2026-08-08,수원시권선구,2026-08-09T00:00,icon_seamless_eps,40,1,0,0,0
2026-08-08,수원시권선구,2026-08-09T00:00,ncep_gefs_seamless,31,0.871,0.097,0.032,0
2026-08-08,수원시권선구,2026-08-09T00:00,ecmwf_ifs025_ensemble,51,0.98,0.02,0,0
2026-08-08,수원시권선구,2026-08-09T00:00,gem_global_ensemble,21,1,0,0,0
2026-08-08,수원시권선구,2026-08-09T01:00,ensemble,143,0.979,0.021,0,0
2026-08-08,수원시권선구,2026-08-09T01:00,icon_seamless_eps,40,1,0,0,0
2026-08-08,수원시권선구,2026-08-09T01:00,ncep_gefs_seamless,31,0.935,0.065,0,0
2026-08-08,수원시권선구,2026-08-09T01:00,ecmwf_ifs025_ensemble,51,0.98,0.02,0,0
2026-08-08,수원시권선구,2026-08-09T01:00,gem_global_ensemble,21,1,0,0,0
2026-08-08,수원시권선구,2026-08-09T02:00,ensemble,143,0.979,0.021,0,0
2026-08-08,수원시권선구,2026-08-09T02:00,icon_seamless_eps,40,1,0,0,0
2026-08-08,수원시권선구,2026-08-09T02:00,ncep_gefs_seamless,31,0.935,0.065,0,0
2026-08-08,수원시권선구,2026-08-09T02:00,ecmwf_ifs025_ensemble,51,0.98,0.02,0,0
2026-08-08,수원시권선구,2026-08-09T02:00,gem_global_ensemble,21,1,0,0,0
2026-08-08,수원시권선구,2026-08-09T03:00,ensemble,143,0.979,0.021,0,0
2026-08-08,수원시권선구,2026-08-09T03:00,icon_seamless_eps,40,1,0,0,0
2026-08-08,수원시권선구,2026-08-09T03:00,ncep_gefs_seamless,31,0.935,0.065,0,0
2026-08-08,수원시권선구,2026-08-09T03:00,ecmwf_ifs025_ensemble,51,0.98,0.02,0,0
2026-08-08,수원시권선구,2026-08-09T03:00,gem_global_ensemble,21,1,0,0,0
2026-08-08,수원시권선구,2026-08-09T04:00,ensemble,143,0.993,0.007,0,0
2026-08-08,수원시권선구,2026-08-09T04:00,icon_seamless_eps,40,1,0,0,0
2026-08-08,수원시권선구,2026-08-09T04:00,ncep_gefs_seamless,31,1,0,0,0
2026-08-08,수원시권선구,2026-08-09T04:00,ecmwf_ifs025_ensemble,51,0.98,0.02,0,0
2026-08-08,수원시권선구,2026-08-09T04:00,gem_global_ensemble,21,1,0,0,0
2026-08-08,수원시권선구,2026-08-09T05:00,ensemble,143,0.993,0.007,0,0
2026-08-08,수원시권선구,2026-08-09T05:00,icon_seamless_eps,40,1,0,0,0
2026-08-08,수원시권선구,2026-08-09T05:00,ncep_gefs_seamless,31,1,0,0,0
2026-08-08,수원시권선구,2026-08-09T05:00,ecmwf_ifs025_ensemble,51,0.98,0.02,0,0
2026-08-08,수원시권선구,2026-08-09T05:00,gem_global_ensemble,21,1,0,0,0
2026-08-08,수원시권선구,2026-08-09T06:00,ensemble,143,0.993,0.007,0,0
2026-08-08,수원시권선구,2026-08-09T06:00,icon_seamless_eps,40,1,0,0,0
2026-08-08,수원시권선구,2026-08-09T06:00,ncep_gefs_seamless,31,1,0,0,0
2026-08-08,수원시권선구,2026-08-09T06:00,ecmwf_ifs025_ensemble,51,0.98,0.02,0,0
2026-08-08,수원시권선구,2026-08-09T06:00,gem_global_ensemble,21,1,0,0,0
2026-08-08,수원시권선구,2026-08-09T07:00,ensemble,143,0.993,0.007,0,0
2026-08-08,수원시권선구,2026-08-09T07:00,icon_seamless_eps,40,1,0,0,0
2026-08-08,수원시권선구,2026-08-09T07:00,ncep_gefs_seamless,31,0.968,0.032,0,0
2026-08-08,수원시권선구,2026-08-09T07:00,ecmwf_ifs025_ensemble,51,1,0,0,0
2026-08-08,수원시권선구,2026-08-09T07:00,gem_global_ensemble,21,1,0,0,0
2026-08-08,수원시권선구,2026-08-09T08:00,ensemble,143,0.993,0.007,0,0
2026-08-08,수원시권선구,2026-08-09T08:00,icon_seamless_eps,40,1,0,0,0
2026-08-08,수원시권선구,2026-08-09T08:00,ncep_gefs_seamless,31,0.968,0.032,0,0
2026-08-08,수원시권선구,2026-08-09T08:00,ecmwf_ifs025_ensemble,51,1,0,0,0
2026-08-08,수원시권선구,2026-08-09T08:00,gem_global_ensemble,21,1,0,0,0
2026-08-08,수원시권선구,2026-08-09T09:00,ensemble,143,0.993,0.007,0,0
2026-08-08,수원시권선구,2026-08-09T09:00,icon_seamless_eps,40,1,0,0,0
2026-08-08,수원시권선구,2026-08-09T09:00,ncep_gefs_seamless,31,0.968,0.032,0,0
2026-08-08,수원시권선구,2026-08-09T09:00,ecmwf_ifs025_ensemble,51,1,0,0,0
2026-08-08,수원시권선구,2026-08-09T09:00,gem_global_ensemble,21,1,0,0,0
2026-08-08,수원시권선구,2026-08-09T10:00,ensemble,143,0.993,0.007,0,0
2026-08-08,수원시권선구,2026-08-09T10:00,icon_seamless_eps,40,1,0,0,0
2026-08-08,수원시권선구,2026-08-09T10:00,ncep_gefs_seamless,31,0.968,0.032,0,0
2026-08-08,수원시권선구,2026-08-09T10:00,ecmwf_ifs025_ensemble,51,1,0,0,0
2026-08-08,수원시권선구,2026-08-09T10:00,gem_global_ensemble,21,1,0,0,0
2026-08-08,수원시권선구,2026-08-09T11:00,ensemble,143,0.993,0.007,0,0
2026-08-08,수원시권선구,2026-08-09T11:00,icon_seamless_eps,40,1,0,0,0
2026-08-08,수원시권선구,2026-08-09T11:00,ncep_gefs_seamless,31,0.968,0.032,0,0
2026-08-08,수원시권선구,2026-08-09T11:00,ecmwf_ifs025_ensemble,51,1,0,0,0
2026-08-08,수원시권선구,2026-08-09T11:00,gem_global_ensemble,21,1,0,0,0
2026-08-08,수원시권선구,2026-08-09T12:00,ensemble,143,0.993,0.007,0,0
2026-08-08,수원시권선구,2026-08-09T12:00,icon_seamless_eps,40,1,0,0,0
2026-08-08,수원시권선구,2026-08-09T12:00,ncep_gefs_seamless,31,0.968,0.032,0,0
2026-08-08,수원시권선구,2026-08-09T12:00,ecmwf_ifs025_ensemble,51,1,0,0,0
2026-08-08,수원시권선구,2026-08-09T12:00,gem_global_ensemble,21,1,0,0,0
2026-08-08,수원시권선구,2026-08-09T13:00,ensemble,143,0.888,0.112,0,0
2026-08-08,수원시권선구,2026-08-09T13:00,icon_seamless_eps,40,1,0,0,0
2026-08-08,수원시권선구,2026-08-09T13:00,ncep_gefs_seamless,31,0.742,0.258,0,0
2026-08-08,수원시권선구,2026-08-09T13:00,ecmwf_ifs025_ensemble,51,0.863,0.137,0,0
2026-08-08,수원시권선구,2026-08-09T13:00,gem_global_ensemble,21,0.952,0.048,0,0
2026-08-08,수원시권선구,2026-08-09T14:00,ensemble,143,0.881,0.119,0,0
2026-08-08,수원시권선구,2026-08-09T14:00,icon_seamless_eps,40,0.975,0.025,0,0
2026-08-08,수원시권선구,2026-08-09T14:00,ncep_gefs_seamless,31,0.742,0.258,0,0
2026-08-08,수원시권선구,2026-08-09T14:00,ecmwf_ifs025_ensemble,51,0.863,0.137,0,0
2026-08-08,수원시권선구,2026-08-09T14:00,gem_global_ensemble,21,0.952,0.048,0,0
2026-08-08,수원시권선구,2026-08-09T15:00,ensemble,143,0.888,0.112,0,0
2026-08-08,수원시권선구,2026-08-09T15:00,icon_seamless_eps,40,1,0,0,0
2026-08-08,수원시권선구,2026-08-09T15:00,ncep_gefs_seamless,31,0.742,0.258,0,0
2026-08-08,수원시권선구,2026-08-09T15:00,ecmwf_ifs025_ensemble,51,0.863,0.137,0,0
2026-08-08,수원시권선구,2026-08-09T15:00,gem_global_ensemble,21,0.952,0.048,0,0
2026-08-08,수원시권선구,2026-08-09T16:00,ensemble,143,0.79,0.21,0,0
2026-08-08,수원시권선구,2026-08-09T16:00,icon_seamless_eps,40,0.975,0.025,0,0
2026-08-08,수원시권선구,2026-08-09T16:00,ncep_gefs_seamless,31,0.613,0.387,0,0
2026-08-08,수원시권선구,2026-08-09T16:00,ecmwf_ifs025_ensemble,51,0.667,0.333,0,0
2026-08-08,수원시권선구,2026-08-09T16:00,gem_global_ensemble,21,1,0,0,0
2026-08-08,수원시권선구,2026-08-09T17:00,ensemble,143,0.797,0.203,0,0
2026-08-08,수원시권선구,2026-08-09T17:00,icon_seamless_eps,40,1,0,0,0
2026-08-08,수원시권선구,2026-08-09T17:00,ncep_gefs_seamless,31,0.613,0.387,0,0
2026-08-08,수원시권선구,2026-08-09T17:00,ecmwf_ifs025_ensemble,51,0.667,0.333,0,0
2026-08-08,수원시권선구,2026-08-09T17:00,gem_global_ensemble,21,1,0,0,0
2026-08-08,수원시권선구,2026-08-09T18:00,ensemble,143,0.797,0.203,0,0
2026-08-08,수원시권선구,2026-08-09T18:00,icon_seamless_eps,40,1,0,0,0
2026-08-08,수원시권선구,2026-08-09T18:00,ncep_gefs_seamless,31,0.613,0.387,0,0
2026-08-08,수원시권선구,2026-08-09T18:00,ecmwf_ifs025_ensemble,51,0.667,0.333,0,0
2026-08-08,수원시권선구,2026-08-09T18:00,gem_global_ensemble,21,1,0,0,0
2026-08-08,수원시권선구,2026-08-09T19:00,ensemble,143,1,0,0,0
2026-08-08,수원시권선구,2026-08-09T19:00,icon_seamless_eps,40,1,0,0,0
2026-08-08,수원시권선구,2026-08-09T19:00,ncep_gefs_seamless,31,1,0,0,0
2026-08-08,수원시권선구,2026-08-09T19:00,ecmwf_ifs025_ensemble,51,1,0,0,0
2026-08-08,수원시권선구,2026-08-09T19:00,gem_global_ensemble,21,1,0,0,0
2026-08-08,수원시권선구,2026-08-09T20:00,ensemble,143,1,0,0,0
2026-08-08,수원시권선구,2026-08-09T20:00,icon_seamless_eps,40,1,0,0,0
2026-08-08,수원시권선구,2026-08-09T20:00,ncep_gefs_seamless,31,1,0,0,0
2026-08-08,수원시권선구,2026-08-09T20:00,ecmwf_ifs025_ensemble,51,1,0,0,0
2026-08-08,수원시권선구,2026-08-09T20:00,gem_global_ensemble,21,1,0,0,0
2026-08-08,수원시권선구,2026-08-09T21:00,ensemble,143,1,0,0,0
2026-08-08,수원시권선구,2026-08-09T21:00,icon_seamless_eps,40,1,0,0,0
2026-08-08,수원시권선구,2026-08-09T21:00,ncep_gefs_seamless,31,1,0,0,0
2026-08-08,수원시권선구,2026-08-09T21:00,ecmwf_ifs025_ensemble,51,1,0,0,0
2026-08-08,수원시권선구,2026-08-09T21:00,gem_global_ensemble,21,1,0,0,0
2026-08-08,수원시권선구,2026-08-09T22:00,ensemble,143,1,0,0,0
2026-08-08,수원시권선구,2026-08-09T22:00,icon_seamless_eps,40,1,0,0,0
2026-08-08,수원시권선구,2026-08-09T22:00,ncep_gefs_seamless,31,1,0,0,0
2026-08-08,수원시권선구,2026-08-09T22:00,ecmwf_ifs025_ensemble,51,1,0,0,0
2026-08-08,수원시권선구,2026-08-09T22:00,gem_global_ensemble,21,1,0,0,0
2026-08-08,수원시권선구,2026-08-09T23:00,ensemble,143,1,0,0,0
2026-08-08,수원시권선구,2026-08-09T23:00,icon_seamless_eps,40,1,0,0,0
2026-08-08,수원시권선구,2026-08-09T23:00,ncep_gefs_seamless,31,1,0,0,0
2026-08-08,수원시권선구,2026-08-09T23:00,ecmwf_ifs025_ensemble,51,1,0,0,0
2026-08-08,수원시권선구,2026-08-09T23:00,gem_global_ensemble,21,1,0,0,0
2026-08-08,성남시수정구,2026-08-08T00:00,ensemble,143,0.972,0.028,0,0
2026-08-08,성남시수정구,2026-08-08T00:00,icon_seamless_eps,40,0.95,0.05,0,0
2026-08-08,성남시수정구,2026-08-08T00:00,ncep_gefs_seamless,31,0.935,0.065,0,0
2026-08-08,성남시수정구,2026-08-08T00:00,ecmwf_ifs025_ensemble,51,1,0,0,0
2026-08-08,성남시수정구,2026-08-08T00:00,gem_global_ensemble,21,1,0,0,0
2026-08-08,성남시수정구,2026-08-08T01:00,ensemble,143,0.944,0.056,0,0
2026-08-08,성남시수정구,2026-08-08T01:00,icon_seamless_eps,40,1,0,0,0
2026-08-08,성남시수정구,2026-08-08T01:00,ncep_gefs_seamless,31,0.774,0.226,0,0
2026-08-08,성남시수정구,2026-08-08T01:00,ecmwf_ifs025_ensemble,51,1,0,0,0
2026-08-08,성남시수정구,2026-08-08T01:00,gem_global_ensemble,21,0.952,0.048,0,0
2026-08-08,성남시수정구,2026-08-08T02:00,ensemble,143,0.944,0.056,0,0
2026-08-08,성남시수정구,2026-08-08T02:00,icon_seamless_eps,40,1,0,0,0
2026-08-08,성남시수정구,2026-08-08T02:00,ncep_gefs_seamless,31,0.774,0.226,0,0
2026-08-08,성남시수정구,2026-08-08T02:00,ecmwf_ifs025_ensemble,51,1,0,0,0
2026-08-08,성남시수정구,2026-08-08T02:00,gem_global_ensemble,21,0.952,0.048,0,0
2026-08-08,성남시수정구,2026-08-08T03:00,ensemble,143,0.937,0.063,0,0
2026-08-08,성남시수정구,2026-08-08T03:00,icon_seamless_eps,40,0.975,0.025,0,0
2026-08-08,성남시수정구,2026-08-08T03:00,ncep_gefs_seamless,31,0.774,0.226,0,0
2026-08-08,성남시수정구,2026-08-08T03:00,ecmwf_ifs025_ensemble,51,1,0,0,0
2026-08-08,성남시수정구,2026-08-08T03:00,gem_global_ensemble,21,0.952,0.048,0,0
2026-08-08,성남시수정구,2026-08-08T04:00,ensemble,143,0.874,0.126,0,0
2026-08-08,성남시수정구,2026-08-08T04:00,icon_seamless_eps,40,1,0,0,0
2026-08-08,성남시수정구,2026-08-08T04:00,ncep_gefs_seamless,31,0.516,0.484,0,0
2026-08-08,성남시수정구,2026-08-08T04:00,ecmwf_ifs025_ensemble,51,0.961,0.039,0,0
2026-08-08,성남시수정구,2026-08-08T04:00,gem_global_ensemble,21,0.952,0.048,0,0
2026-08-08,성남시수정구,2026-08-08T05:00,ensemble,143,0.867,0.133,0,0
2026-08-08,성남시수정구,2026-08-08T05:00,icon_seamless_eps,40,0.975,0.025,0,0
2026-08-08,성남시수정구,2026-08-08T05:00,ncep_gefs_seamless,31,0.516,0.484,0,0
2026-08-08,성남시수정구,2026-08-08T05:00,ecmwf_ifs025_ensemble,51,0.961,0.039,0,0
2026-08-08,성남시수정구,2026-08-08T05:00,gem_global_ensemble,21,0.952,0.048,0,0
2026-08-08,성남시수정구,2026-08-08T06:00,ensemble,143,0.846,0.154,0,0
2026-08-08,성남시수정구,2026-08-08T06:00,icon_seamless_eps,40,0.9,0.1,0,0
2026-08-08,성남시수정구,2026-08-08T06:00,ncep_gefs_seamless,31,0.516,0.484,0,0
2026-08-08,성남시수정구,2026-08-08T06:00,ecmwf_ifs025_ensemble,51,0.961,0.039,0,0
2026-08-08,성남시수정구,2026-08-08T06:00,gem_global_ensemble,21,0.952,0.048,0,0
2026-08-08,성남시수정구,2026-08-08T07:00,ensemble,143,0.902,0.098,0,0
2026-08-08,성남시수정구,2026-08-08T07:00,icon_seamless_eps,40,0.8,0.2,0,0
2026-08-08,성남시수정구,2026-08-08T07:00,ncep_gefs_seamless,31,0.806,0.194,0,0
2026-08-08,성남시수정구,2026-08-08T07:00,ecmwf_ifs025_ensemble,51,1,0,0,0
2026-08-08,성남시수정구,2026-08-08T07:00,gem_global_ensemble,21,1,0,0,0
2026-08-08,성남시수정구,2026-08-08T08:00,ensemble,143,0.902,0.098,0,0
2026-08-08,성남시수정구,2026-08-08T08:00,icon_seamless_eps,40,0.8,0.2,0,0
2026-08-08,성남시수정구,2026-08-08T08:00,ncep_gefs_seamless,31,0.806,0.194,0,0
2026-08-08,성남시수정구,2026-08-08T08:00,ecmwf_ifs025_ensemble,51,1,0,0,0
2026-08-08,성남시수정구,2026-08-08T08:00,gem_global_ensemble,21,1,0,0,0
2026-08-08,성남시수정구,2026-08-08T09:00,ensemble,143,0.93,0.07,0,0
2026-08-08,성남시수정구,2026-08-08T09:00,icon_seamless_eps,40,0.9,0.1,0,0
2026-08-08,성남시수정구,2026-08-08T09:00,ncep_gefs_seamless,31,0.806,0.194,0,0
2026-08-08,성남시수정구,2026-08-08T09:00,ecmwf_ifs025_ensemble,51,1,0,0,0
2026-08-08,성남시수정구,2026-08-08T09:00,gem_global_ensemble,21,1,0,0,0
2026-08-08,성남시수정구,2026-08-08T10:00,ensemble,143,0.769,0.224,0.007,0
2026-08-08,성남시수정구,2026-08-08T10:00,icon_seamless_eps,40,0.925,0.075,0,0
2026-08-08,성남시수정구,2026-08-08T10:00,ncep_gefs_seamless,31,0.742,0.258,0,0
2026-08-08,성남시수정구,2026-08-08T10:00,ecmwf_ifs025_ensemble,51,0.608,0.373,0.02,0
2026-08-08,성남시수정구,2026-08-08T10:00,gem_global_ensemble,21,0.905,0.095,0,0
2026-08-08,성남시수정구,2026-08-08T11:00,ensemble,143,0.741,0.252,0.007,0
2026-08-08,성남시수정구,2026-08-08T11:00,icon_seamless_eps,40,0.825,0.175,0,0
2026-08-08,성남시수정구,2026-08-08T11:00,ncep_gefs_seamless,31,0.742,0.258,0,0
2026-08-08,성남시수정구,2026-08-08T11:00,ecmwf_ifs025_ensemble,51,0.608,0.373,0.02,0
2026-08-08,성남시수정구,2026-08-08T11:00,gem_global_ensemble,21,0.905,0.095,0,0
2026-08-08,성남시수정구,2026-08-08T12:00,ensemble,143,0.706,0.287,0.007,0
2026-08-08,성남시수정구,2026-08-08T12:00,icon_seamless_eps,40,0.7,0.3,0,0
2026-08-08,성남시수정구,2026-08-08T12:00,ncep_gefs_seamless,31,0.742,0.258,0,0
2026-08-08,성남시수정구,2026-08-08T12:00,ecmwf_ifs025_ensemble,51,0.608,0.373,0.02,0
2026-08-08,성남시수정구,2026-08-08T12:00,gem_global_ensemble,21,0.905,0.095,0,0
2026-08-08,성남시수정구,2026-08-08T13:00,ensemble,143,0.406,0.469,0.126,0
2026-08-08,성남시수정구,2026-08-08T13:00,icon_seamless_eps,40,0.775,0.2,0.025,0
2026-08-08,성남시수정구,2026-08-08T13:00,ncep_gefs_seamless,31,0.581,0.419,0,0
2026-08-08,성남시수정구,2026-08-08T13:00,ecmwf_ifs025_ensemble,51,0.078,0.745,0.176,0
2026-08-08,성남시수정구,2026-08-08T13:00,gem_global_ensemble,21,0.238,0.381,0.381,0
2026-08-08,성남시수정구,2026-08-08T14:00,ensemble,143,0.413,0.469,0.119,0
2026-08-08,성남시수정구,2026-08-08T14:00,icon_seamless_eps,40,0.8,0.2,0,0
2026-08-08,성남시수정구,2026-08-08T14:00,ncep_gefs_seamless,31,0.581,0.419,0,0
2026-08-08,성남시수정구,2026-08-08T14:00,ecmwf_ifs025_ensemble,51,0.078,0.745,0.176,0
2026-08-08,성남시수정구,2026-08-08T14:00,gem_global_ensemble,21,0.238,0.381,0.381,0
2026-08-08,성남시수정구,2026-08-08T15:00,ensemble,143,0.399,0.476,0.126,0
2026-08-08,성남시수정구,2026-08-08T15:00,icon_seamless_eps,40,0.75,0.225,0.025,0
2026-08-08,성남시수정구,2026-08-08T15:00,ncep_gefs_seamless,31,0.581,0.419,0,0
2026-08-08,성남시수정구,2026-08-08T15:00,ecmwf_ifs025_ensemble,51,0.078,0.745,0.176,0
2026-08-08,성남시수정구,2026-08-08T15:00,gem_global_ensemble,21,0.238,0.381,0.381,0
2026-08-08,성남시수정구,2026-08-08T16:00,ensemble,143,0.566,0.378,0.049,0.007
2026-08-08,성남시수정구,2026-08-08T16:00,icon_seamless_eps,40,0.85,0.15,0,0
2026-08-08,성남시수정구,2026-08-08T16:00,ncep_gefs_seamless,31,0.581,0.419,0,0
2026-08-08,성남시수정구,2026-08-08T16:00,ecmwf_ifs025_ensemble,51,0.314,0.608,0.078,0
2026-08-08,성남시수정구,2026-08-08T16:00,gem_global_ensemble,21,0.619,0.19,0.143,0.048
2026-08-08,성남시수정구,2026-08-08T17:00,ensemble,143,0.594,0.35,0.049,0.007
2026-08-08,성남시수정구,2026-08-08T17:00,icon_seamless_eps,40,0.95,0.05,0,0
2026-08-08,성남시수정구,2026-08-08T17:00,ncep_gefs_seamless,31,0.581,0.419,0,0
2026-08-08,성남시수정구,2026-08-08T17:00,ecmwf_ifs025_ensemble,51,0.314,0.608,0.078,0
2026-08-08,성남시수정구,2026-08-08T17:00,gem_global_ensemble,21,0.619,0.19,0.143,0.048
2026-08-08,성남시수정구,2026-08-08T18:00,ensemble,143,0.601,0.343,0.049,0.007
2026-08-08,성남시수정구,2026-08-08T18:00,icon_seamless_eps,40,0.975,0.025,0,0
2026-08-08,성남시수정구,2026-08-08T18:00,ncep_gefs_seamless,31,0.581,0.419,0,0
2026-08-08,성남시수정구,2026-08-08T18:00,ecmwf_ifs025_ensemble,51,0.314,0.608,0.078,0
2026-08-08,성남시수정구,2026-08-08T18:00,gem_global_ensemble,21,0.619,0.19,0.143,0.048
2026-08-08,성남시수정구,2026-08-08T19:00,ensemble,143,0.874,0.126,0,0
2026-08-08,성남시수정구,2026-08-08T19:00,icon_seamless_eps,40,1,0,0,0
2026-08-08,성남시수정구,2026-08-08T19:00,ncep_gefs_seamless,31,0.71,0.29,0,0
2026-08-08,성남시수정구,2026-08-08T19:00,ecmwf_ifs025_ensemble,51,0.824,0.176,0,0
2026-08-08,성남시수정구,2026-08-08T19:00,gem_global_ensemble,21,1,0,0,0
2026-08-08,성남시수정구,2026-08-08T20:00,ensemble,143,0.874,0.126,0,0
2026-08-08,성남시수정구,2026-08-08T20:00,icon_seamless_eps,40,1,0,0,0
2026-08-08,성남시수정구,2026-08-08T20:00,ncep_gefs_seamless,31,0.71,0.29,0,0
2026-08-08,성남시수정구,2026-08-08T20:00,ecmwf_ifs025_ensemble,51,0.824,0.176,0,0
2026-08-08,성남시수정구,2026-08-08T20:00,gem_global_ensemble,21,1,0,0,0
2026-08-08,성남시수정구,2026-08-08T21:00,ensemble,143,0.874,0.126,0,0
2026-08-08,성남시수정구,2026-08-08T21:00,icon_seamless_eps,40,1,0,0,0
2026-08-08,성남시수정구,2026-08-08T21:00,ncep_gefs_seamless,31,0.71,0.29,0,0
2026-08-08,성남시수정구,2026-08-08T21:00,ecmwf_ifs025_ensemble,51,0.824,0.176,0,0
2026-08-08,성남시수정구,2026-08-08T21:00,gem_global_ensemble,21,1,0,0,0
2026-08-08,성남시수정구,2026-08-08T22:00,ensemble,143,0.993,0.007,0,0
2026-08-08,성남시수정구,2026-08-08T22:00,icon_seamless_eps,40,1,0,0,0
2026-08-08,성남시수정구,2026-08-08T22:00,ncep_gefs_seamless,31,0.968,0.032,0,0
2026-08-08,성남시수정구,2026-08-08T22:00,ecmwf_ifs025_ensemble,51,1,0,0,0
2026-08-08,성남시수정구,2026-08-08T22:00,gem_global_ensemble,21,1,0,0,0
2026-08-08,성남시수정구,2026-08-08T23:00,ensemble,143,0.993,0.007,0,0
2026-08-08,성남시수정구,2026-08-08T23:00,icon_seamless_eps,40,1,0,0,0
2026-08-08,성남시수정구,2026-08-08T23:00,ncep_gefs_seamless,31,0.968,0.032,0,0
2026-08-08,성남시수정구,2026-08-08T23:00,ecmwf_ifs025_ensemble,51,1,0,0,0
2026-08-08,성남시수정구,2026-08-08T23:00,gem_global_ensemble,21,1,0,0,0
2026-08-08,성남시수정구,2026-08-09T00:00,ensemble,143,0.993,0.007,0,0
2026-08-08,성남시수정구,2026-08-09T00:00,icon_seamless_eps,40,1,0,0,0
2026-08-08,성남시수정구,2026-08-09T00:00,ncep_gefs_seamless,31,0.968,0.032,0,0
2026-08-08,성남시수정구,2026-08-09T00:00,ecmwf_ifs025_ensemble,51,1,0,0,0
2026-08-08,성남시수정구,2026-08-09T00:00,gem_global_ensemble,21,1,0,0,0
2026-08-08,성남시수정구,2026-08-09T01:00,ensemble,143,0.993,0.007,0,0
2026-08-08,성남시수정구,2026-08-09T01:00,icon_seamless_eps,40,1,0,0,0
2026-08-08,성남시수정구,2026-08-09T01:00,ncep_gefs_seamless,31,0.968,0.032,0,0
2026-08-08,성남시수정구,2026-08-09T01:00,ecmwf_ifs025_ensemble,51,1,0,0,0
2026-08-08,성남시수정구,2026-08-09T01:00,gem_global_ensemble,21,1,0,0,0
2026-08-08,성남시수정구,2026-08-09T02:00,ensemble,143,0.993,0.007,0,0
2026-08-08,성남시수정구,2026-08-09T02:00,icon_seamless_eps,40,1,0,0,0
2026-08-08,성남시수정구,2026-08-09T02:00,ncep_gefs_seamless,31,0.968,0.032,0,0
2026-08-08,성남시수정구,2026-08-09T02:00,ecmwf_ifs025_ensemble,51,1,0,0,0
2026-08-08,성남시수정구,2026-08-09T02:00,gem_global_ensemble,21,1,0,0,0
2026-08-08,성남시수정구,2026-08-09T03:00,ensemble,143,0.993,0.007,0,0
2026-08-08,성남시수정구,2026-08-09T03:00,icon_seamless_eps,40,1,0,0,0
2026-08-08,성남시수정구,2026-08-09T03:00,ncep_gefs_seamless,31,0.968,0.032,0,0
2026-08-08,성남시수정구,2026-08-09T03:00,ecmwf_ifs025_ensemble,51,1,0,0,0
2026-08-08,성남시수정구,2026-08-09T03:00,gem_global_ensemble,21,1,0,0,0
2026-08-08,성남시수정구,2026-08-09T04:00,ensemble,143,0.986,0.014,0,0
2026-08-08,성남시수정구,2026-08-09T04:00,icon_seamless_eps,40,1,0,0,0
2026-08-08,성남시수정구,2026-08-09T04:00,ncep_gefs_seamless,31,1,0,0,0
2026-08-08,성남시수정구,2026-08-09T04:00,ecmwf_ifs025_ensemble,51,0.961,0.039,0,0
2026-08-08,성남시수정구,2026-08-09T04:00,gem_global_ensemble,21,1,0,0,0
2026-08-08,성남시수정구,2026-08-09T05:00,ensemble,143,0.986,0.014,0,0
2026-08-08,성남시수정구,2026-08-09T05:00,icon_seamless_eps,40,1,0,0,0
2026-08-08,성남시수정구,2026-08-09T05:00,ncep_gefs_seamless,31,1,0,0,0
2026-08-08,성남시수정구,2026-08-09T05:00,ecmwf_ifs025_ensemble,51,0.961,0.039,0,0
2026-08-08,성남시수정구,2026-08-09T05:00,gem_global_ensemble,21,1,0,0,0
2026-08-08,성남시수정구,2026-08-09T06:00,ensemble,143,0.986,0.014,0,0
2026-08-08,성남시수정구,2026-08-09T06:00,icon_seamless_eps,40,1,0,0,0
2026-08-08,성남시수정구,2026-08-09T06:00,ncep_gefs_seamless,31,1,0,0,0
2026-08-08,성남시수정구,2026-08-09T06:00,ecmwf_ifs025_ensemble,51,0.961,0.039,0,0
2026-08-08,성남시수정구,2026-08-09T06:00,gem_global_ensemble,21,1,0,0,0
2026-08-08,성남시수정구,2026-08-09T07:00,ensemble,143,0.986,0.014,0,0
2026-08-08,성남시수정구,2026-08-09T07:00,icon_seamless_eps,40,1,0,0,0
2026-08-08,성남시수정구,2026-08-09T07:00,ncep_gefs_seamless,31,0.968,0.032,0,0
2026-08-08,성남시수정구,2026-08-09T07:00,ecmwf_ifs025_ensemble,51,0.98,0.02,0,0
2026-08-08,성남시수정구,2026-08-09T07:00,gem_global_ensemble,21,1,0,0,0
2026-08-08,성남시수정구,2026-08-09T08:00,ensemble,143,0.986,0.014,0,0
2026-08-08,성남시수정구,2026-08-09T08:00,icon_seamless_eps,40,1,0,0,0
2026-08-08,성남시수정구,2026-08-09T08:00,ncep_gefs_seamless,31,0.968,0.032,0,0
2026-08-08,성남시수정구,2026-08-09T08:00,ecmwf_ifs025_ensemble,51,0.98,0.02,0,0
2026-08-08,성남시수정구,2026-08-09T08:00,gem_global_ensemble,21,1,0,0,0
2026-08-08,성남시수정구,2026-08-09T09:00,ensemble,143,0.986,0.014,0,0
2026-08-08,성남시수정구,2026-08-09T09:00,icon_seamless_eps,40,1,0,0,0
2026-08-08,성남시수정구,2026-08-09T09:00,ncep_gefs_seamless,31,0.968,0.032,0,0
2026-08-08,성남시수정구,2026-08-09T09:00,ecmwf_ifs025_ensemble,51,0.98,0.02,0,0
2026-08-08,성남시수정구,2026-08-09T09:00,gem_global_ensemble,21,1,0,0,0
2026-08-08,성남시수정구,2026-08-09T10:00,ensemble,143,0.993,0.007,0,0
2026-08-08,성남시수정구,2026-08-09T10:00,icon_seamless_eps,40,1,0,0,0
2026-08-08,성남시수정구,2026-08-09T10:00,ncep_gefs_seamless,31,1,0,0,0
2026-08-08,성남시수정구,2026-08-09T10:00,ecmwf_ifs025_ensemble,51,0.98,0.02,0,0
2026-08-08,성남시수정구,2026-08-09T10:00,gem_global_ensemble,21,1,0,0,0
2026-08-08,성남시수정구,2026-08-09T11:00,ensemble,143,0.993,0.007,0,0
2026-08-08,성남시수정구,2026-08-09T11:00,icon_seamless_eps,40,1,0,0,0
2026-08-08,성남시수정구,2026-08-09T11:00,ncep_gefs_seamless,31,1,0,0,0
2026-08-08,성남시수정구,2026-08-09T11:00,ecmwf_ifs025_ensemble,51,0.98,0.02,0,0
2026-08-08,성남시수정구,2026-08-09T11:00,gem_global_ensemble,21,1,0,0,0
2026-08-08,성남시수정구,2026-08-09T12:00,ensemble,143,0.993,0.007,0,0
2026-08-08,성남시수정구,2026-08-09T12:00,icon_seamless_eps,40,1,0,0,0
2026-08-08,성남시수정구,2026-08-09T12:00,ncep_gefs_seamless,31,1,0,0,0
2026-08-08,성남시수정구,2026-08-09T12:00,ecmwf_ifs025_ensemble,51,0.98,0.02,0,0
2026-08-08,성남시수정구,2026-08-09T12:00,gem_global_ensemble,21,1,0,0,0
2026-08-08,성남시수정구,2026-08-09T13:00,ensemble,143,0.972,0.028,0,0
2026-08-08,성남시수정구,2026-08-09T13:00,icon_seamless_eps,40,1,0,0,0
2026-08-08,성남시수정구,2026-08-09T13:00,ncep_gefs_seamless,31,1,0,0,0
2026-08-08,성남시수정구,2026-08-09T13:00,ecmwf_ifs025_ensemble,51,0.941,0.059,0,0
2026-08-08,성남시수정구,2026-08-09T13:00,gem_global_ensemble,21,0.952,0.048,0,0
2026-08-08,성남시수정구,2026-08-09T14:00,ensemble,143,0.965,0.035,0,0
2026-08-08,성남시수정구,2026-08-09T14:00,icon_seamless_eps,40,0.975,0.025,0,0
2026-08-08,성남시수정구,2026-08-09T14:00,ncep_gefs_seamless,31,1,0,0,0
2026-08-08,성남시수정구,2026-08-09T14:00,ecmwf_ifs025_ensemble,51,0.941,0.059,0,0
2026-08-08,성남시수정구,2026-08-09T14:00,gem_global_ensemble,21,0.952,0.048,0,0
2026-08-08,성남시수정구,2026-08-09T15:00,ensemble,143,0.972,0.028,0,0
2026-08-08,성남시수정구,2026-08-09T15:00,icon_seamless_eps,40,1,0,0,0
2026-08-08,성남시수정구,2026-08-09T15:00,ncep_gefs_seamless,31,1,0,0,0
2026-08-08,성남시수정구,2026-08-09T15:00,ecmwf_ifs025_ensemble,51,0.941,0.059,0,0
2026-08-08,성남시수정구,2026-08-09T15:00,gem_global_ensemble,21,0.952,0.048,0,0
2026-08-08,성남시수정구,2026-08-09T16:00,ensemble,143,0.965,0.035,0,0
2026-08-08,성남시수정구,2026-08-09T16:00,icon_seamless_eps,40,0.975,0.025,0,0
2026-08-08,성남시수정구,2026-08-09T16:00,ncep_gefs_seamless,31,1,0,0,0
2026-08-08,성남시수정구,2026-08-09T16:00,ecmwf_ifs025_ensemble,51,0.922,0.078,0,0
2026-08-08,성남시수정구,2026-08-09T16:00,gem_global_ensemble,21,1,0,0,0
2026-08-08,성남시수정구,2026-08-09T17:00,ensemble,143,0.972,0.028,0,0
2026-08-08,성남시수정구,2026-08-09T17:00,icon_seamless_eps,40,1,0,0,0
2026-08-08,성남시수정구,2026-08-09T17:00,ncep_gefs_seamless,31,1,0,0,0
2026-08-08,성남시수정구,2026-08-09T17:00,ecmwf_ifs025_ensemble,51,0.922,0.078,0,0
2026-08-08,성남시수정구,2026-08-09T17:00,gem_global_ensemble,21,1,0,0,0
2026-08-08,성남시수정구,2026-08-09T18:00,ensemble,143,0.972,0.028,0,0
2026-08-08,성남시수정구,2026-08-09T18:00,icon_seamless_eps,40,1,0,0,0
2026-08-08,성남시수정구,2026-08-09T18:00,ncep_gefs_seamless,31,1,0,0,0
2026-08-08,성남시수정구,2026-08-09T18:00,ecmwf_ifs025_ensemble,51,0.922,0.078,0,0
2026-08-08,성남시수정구,2026-08-09T18:00,gem_global_ensemble,21,1,0,0,0
2026-08-08,성남시수정구,2026-08-09T19:00,ensemble,143,1,0,0,0
2026-08-08,성남시수정구,2026-08-09T19:00,icon_seamless_eps,40,1,0,0,0
2026-08-08,성남시수정구,2026-08-09T19:00,ncep_gefs_seamless,31,1,0,0,0
2026-08-08,성남시수정구,2026-08-09T19:00,ecmwf_ifs025_ensemble,51,1,0,0,0
2026-08-08,성남시수정구,2026-08-09T19:00,gem_global_ensemble,21,1,0,0,0
2026-08-08,성남시수정구,2026-08-09T20:00,ensemble,143,1,0,0,0
2026-08-08,성남시수정구,2026-08-09T20:00,icon_seamless_eps,40,1,0,0,0
2026-08-08,성남시수정구,2026-08-09T20:00,ncep_gefs_seamless,31,1,0,0,0
2026-08-08,성남시수정구,2026-08-09T20:00,ecmwf_ifs025_ensemble,51,1,0,0,0
2026-08-08,성남시수정구,2026-08-09T20:00,gem_global_ensemble,21,1,0,0,0
2026-08-08,성남시수정구,2026-08-09T21:00,ensemble,143,1,0,0,0
2026-08-08,성남시수정구,2026-08-09T21:00,icon_seamless_eps,40,1,0,0,0
2026-08-08,성남시수정구,2026-08-09T21:00,ncep_gefs_seamless,31,1,0,0,0
2026-08-08,성남시수정구,2026-08-09T21:00,ecmwf_ifs025_ensemble,51,1,0,0,0
2026-08-08,성남시수정구,2026-08-09T21:00,gem_global_ensemble,21,1,0,0,0
2026-08-08,성남시수정구,2026-08-09T22:00,ensemble,143,1,0,0,0
2026-08-08,성남시수정구,2026-08-09T22:00,icon_seamless_eps,40,1,0,0,0
2026-08-08,성남시수정구,2026-08-09T22:00,ncep_gefs_seamless,31,1,0,0,0
2026-08-08,성남시수정구,2026-08-09T22:00,ecmwf_ifs025_ensemble,51,1,0,0,0
2026-08-08,성남시수정구,2026-08-09T22:00,gem_global_ensemble,21,1,0,0,0
2026-08-08,성남시수정구,2026-08-09T23:00,ensemble,143,1,0,0,0
2026-08-08,성남시수정구,2026-08-09T23:00,icon_seamless_eps,40,1,0,0,0
2026-08-08,성남시수정구,2026-08-09T23:00,ncep_gefs_seamless,31,1,0,0,0
2026-08-08,성남시수정구,2026-08-09T23:00,ecmwf_ifs025_ensemble,51,1,0,0,0
2026-08-08,성남시수정구,2026-08-09T23:00,gem_global_ensemble,21,1,0,0,0
2026-08-09,수원시권선구,2026-08-09T00:00,ensemble,143,0.895,0.098,0.007,0
2026-08-09,수원시권선구,2026-08-09T00:00,icon_seamless_eps,40,1,0,0,0
2026-08-09,수원시권선구,2026-08-09T00:00,ncep_gefs_seamless,31,0.516,0.452,0.032,0
2026-08-09,수원시권선구,2026-08-09T00:00,ecmwf_ifs025_ensemble,51,1,0,0,0
2026-08-09,수원시권선구,2026-08-09T00:00,gem_global_ensemble,21,1,0,0,0
2026-08-09,수원시권선구,2026-08-09T01:00,ensemble,143,0.93,0.063,0.007,0
2026-08-09,수원시권선구,2026-08-09T01:00,icon_seamless_eps,40,1,0,0,0
2026-08-09,수원시권선구,2026-08-09T01:00,ncep_gefs_seamless,31,0.677,0.29,0.032,0
2026-08-09,수원시권선구,2026-08-09T01:00,ecmwf_ifs025_ensemble,51,1,0,0,0
2026-08-09,수원시권선구,2026-08-09T01:00,gem_global_ensemble,21,1,0,0,0
2026-08-09,수원시권선구,2026-08-09T02:00,ensemble,143,0.93,0.063,0.007,0
2026-08-09,수원시권선구,2026-08-09T02:00,icon_seamless_eps,40,1,0,0,0
2026-08-09,수원시권선구,2026-08-09T02:00,ncep_gefs_seamless,31,0.677,0.29,0.032,0
2026-08-09,수원시권선구,2026-08-09T02:00,ecmwf_ifs025_ensemble,51,1,0,0,0
2026-08-09,수원시권선구,2026-08-09T02:00,gem_global_ensemble,21,1,0,0,0
2026-08-09,수원시권선구,2026-08-09T03:00,ensemble,143,0.923,0.07,0.007,0
2026-08-09,수원시권선구,2026-08-09T03:00,icon_seamless_eps,40,0.975,0.025,0,0
2026-08-09,수원시권선구,2026-08-09T03:00,ncep_gefs_seamless,31,0.677,0.29,0.032,0
2026-08-09,수원시권선구,2026-08-09T03:00,ecmwf_ifs025_ensemble,51,1,0,0,0
2026-08-09,수원시권선구,2026-08-09T03:00,gem_global_ensemble,21,1,0,0,0
2026-08-09,수원시권선구,2026-08-09T04:00,ensemble,143,0.979,0.021,0,0
2026-08-09,수원시권선구,2026-08-09T04:00,icon_seamless_eps,40,0.975,0.025,0,0
2026-08-09,수원시권선구,2026-08-09T04:00,ncep_gefs_seamless,31,0.935,0.065,0,0
2026-08-09,수원시권선구,2026-08-09T04:00,ecmwf_ifs025_ensemble,51,1,0,0,0
2026-08-09,수원시권선구,2026-08-09T04:00,gem_global_ensemble,21,1,0,0,0
2026-08-09,수원시권선구,2026-08-09T05:00,ensemble,143,0.986,0.014,0,0
2026-08-09,수원시권선구,2026-08-09T05:00,icon_seamless_eps,40,1,0,0,0
2026-08-09,수원시권선구,2026-08-09T05:00,ncep_gefs_seamless,31,0.935,0.065,0,0
2026-08-09,수원시권선구,2026-08-09T05:00,ecmwf_ifs025_ensemble,51,1,0,0,0
2026-08-09,수원시권선구,2026-08-09T05:00,gem_global_ensemble,21,1,0,0,0
2026-08-09,수원시권선구,2026-08-09T06:00,ensemble,143,0.986,0.014,0,0
2026-08-09,수원시권선구,2026-08-09T06:00,icon_seamless_eps,40,1,0,0,0
2026-08-09,수원시권선구,2026-08-09T06:00,ncep_gefs_seamless,31,0.935,0.065,0,0
2026-08-09,수원시권선구,2026-08-09T06:00,ecmwf_ifs025_ensemble,51,1,0,0,0
2026-08-09,수원시권선구,2026-08-09T06:00,gem_global_ensemble,21,1,0,0,0
2026-08-09,수원시권선구,2026-08-09T07:00,ensemble,143,0.972,0.028,0,0
2026-08-09,수원시권선구,2026-08-09T07:00,icon_seamless_eps,40,1,0,0,0
2026-08-09,수원시권선구,2026-08-09T07:00,ncep_gefs_seamless,31,0.871,0.129,0,0
2026-08-09,수원시권선구,2026-08-09T07:00,ecmwf_ifs025_ensemble,51,1,0,0,0
2026-08-09,수원시권선구,2026-08-09T07:00,gem_global_ensemble,21,1,0,0,0
2026-08-09,수원시권선구,2026-08-09T08:00,ensemble,143,0.972,0.028,0,0
2026-08-09,수원시권선구,2026-08-09T08:00,icon_seamless_eps,40,1,0,0,0
2026-08-09,수원시권선구,2026-08-09T08:00,ncep_gefs_seamless,31,0.871,0.129,0,0
2026-08-09,수원시권선구,2026-08-09T08:00,ecmwf_ifs025_ensemble,51,1,0,0,0
2026-08-09,수원시권선구,2026-08-09T08:00,gem_global_ensemble,21,1,0,0,0
2026-08-09,수원시권선구,2026-08-09T09:00,ensemble,143,0.972,0.028,0,0
2026-08-09,수원시권선구,2026-08-09T09:00,icon_seamless_eps,40,1,0,0,0
2026-08-09,수원시권선구,2026-08-09T09:00,ncep_gefs_seamless,31,0.871,0.129,0,0
2026-08-09,수원시권선구,2026-08-09T09:00,ecmwf_ifs025_ensemble,51,1,0,0,0
2026-08-09,수원시권선구,2026-08-09T09:00,gem_global_ensemble,21,1,0,0,0
2026-08-09,수원시권선구,2026-08-09T10:00,ensemble,143,0.958,0.042,0,0
2026-08-09,수원시권선구,2026-08-09T10:00,icon_seamless_eps,40,1,0,0,0
2026-08-09,수원시권선구,2026-08-09T10:00,ncep_gefs_seamless,31,0.806,0.194,0,0
2026-08-09,수원시권선구,2026-08-09T10:00,ecmwf_ifs025_ensemble,51,1,0,0,0
2026-08-09,수원시권선구,2026-08-09T10:00,gem_global_ensemble,21,1,0,0,0
2026-08-09,수원시권선구,2026-08-09T11:00,ensemble,143,0.958,0.042,0,0
2026-08-09,수원시권선구,2026-08-09T11:00,icon_seamless_eps,40,1,0,0,0
2026-08-09,수원시권선구,2026-08-09T11:00,ncep_gefs_seamless,31,0.806,0.194,0,0
2026-08-09,수원시권선구,2026-08-09T11:00,ecmwf_ifs025_ensemble,51,1,0,0,0
2026-08-09,수원시권선구,2026-08-09T11:00,gem_global_ensemble,21,1,0,0,0
2026-08-09,수원시권선구,2026-08-09T12:00,ensemble,143,0.958,0.042,0,0
2026-08-09,수원시권선구,2026-08-09T12:00,icon_seamless_eps,40,1,0,0,0
2026-08-09,수원시권선구,2026-08-09T12:00,ncep_gefs_seamless,31,0.806,0.194,0,0
2026-08-09,수원시권선구,2026-08-09T12:00,ecmwf_ifs025_ensemble,51,1,0,0,0
2026-08-09,수원시권선구,2026-08-09T12:00,gem_global_ensemble,21,1,0,0,0
2026-08-09,수원시권선구,2026-08-09T13:00,ensemble,143,0.86,0.14,0,0
2026-08-09,수원시권선구,2026-08-09T13:00,icon_seamless_eps,40,1,0,0,0
2026-08-09,수원시권선구,2026-08-09T13:00,ncep_gefs_seamless,31,0.839,0.161,0,0
2026-08-09,수원시권선구,2026-08-09T13:00,ecmwf_ifs025_ensemble,51,0.725,0.275,0,0
2026-08-09,수원시권선구,2026-08-09T13:00,gem_global_ensemble,21,0.952,0.048,0,0
2026-08-09,수원시권선구,2026-08-09T14:00,ensemble,143,0.86,0.14,0,0
2026-08-09,수원시권선구,2026-08-09T14:00,icon_seamless_eps,40,1,0,0,0
2026-08-09,수원시권선구,2026-08-09T14:00,ncep_gefs_seamless,31,0.839,0.161,0,0
2026-08-09,수원시권선구,2026-08-09T14:00,ecmwf_ifs025_ensemble,51,0.725,0.275,0,0
2026-08-09,수원시권선구,2026-08-09T14:00,gem_global_ensemble,21,0.952,0.048,0,0
2026-08-09,수원시권선구,2026-08-09T15:00,ensemble,143,0.86,0.14,0,0
2026-08-09,수원시권선구,2026-08-09T15:00,icon_seamless_eps,40,1,0,0,0
2026-08-09,수원시권선구,2026-08-09T15:00,ncep_gefs_seamless,31,0.839,0.161,0,0
2026-08-09,수원시권선구,2026-08-09T15:00,ecmwf_ifs025_ensemble,51,0.725,0.275,0,0
2026-08-09,수원시권선구,2026-08-09T15:00,gem_global_ensemble,21,0.952,0.048,0,0
2026-08-09,수원시권선구,2026-08-09T16:00,ensemble,143,0.86,0.133,0.007,0
2026-08-09,수원시권선구,2026-08-09T16:00,icon_seamless_eps,40,1,0,0,0
2026-08-09,수원시권선구,2026-08-09T16:00,ncep_gefs_seamless,31,0.839,0.161,0,0
2026-08-09,수원시권선구,2026-08-09T16:00,ecmwf_ifs025_ensemble,51,0.725,0.275,0,0
2026-08-09,수원시권선구,2026-08-09T16:00,gem_global_ensemble,21,0.952,0,0.048,0
2026-08-09,수원시권선구,2026-08-09T17:00,ensemble,143,0.86,0.133,0.007,0
2026-08-09,수원시권선구,2026-08-09T17:00,icon_seamless_eps,40,1,0,0,0
2026-08-09,수원시권선구,2026-08-09T17:00,ncep_gefs_seamless,31,0.839,0.161,0,0
2026-08-09,수원시권선구,2026-08-09T17:00,ecmwf_ifs025_ensemble,51,0.725,0.275,0,0
2026-08-09,수원시권선구,2026-08-09T17:00,gem_global_ensemble,21,0.952,0,0.048,0
2026-08-09,수원시권선구,2026-08-09T18:00,ensemble,143,0.853,0.14,0.007,0
2026-08-09,수원시권선구,2026-08-09T18:00,icon_seamless_eps,40,0.975,0.025,0,0
2026-08-09,수원시권선구,2026-08-09T18:00,ncep_gefs_seamless,31,0.839,0.161,0,0
2026-08-09,수원시권선구,2026-08-09T18:00,ecmwf_ifs025_ensemble,51,0.725,0.275,0,0
2026-08-09,수원시권선구,2026-08-09T18:00,gem_global_ensemble,21,0.952,0,0.048,0
2026-08-09,수원시권선구,2026-08-09T19:00,ensemble,143,1,0,0,0
2026-08-09,수원시권선구,2026-08-09T19:00,icon_seamless_eps,40,1,0,0,0
2026-08-09,수원시권선구,2026-08-09T19:00,ncep_gefs_seamless,31,1,0,0,0
2026-08-09,수원시권선구,2026-08-09T19:00,ecmwf_ifs025_ensemble,51,1,0,0,0
2026-08-09,수원시권선구,2026-08-09T19:00,gem_global_ensemble,21,1,0,0,0
2026-08-09,수원시권선구,2026-08-09T20:00,ensemble,143,1,0,0,0
2026-08-09,수원시권선구,2026-08-09T20:00,icon_seamless_eps,40,1,0,0,0
2026-08-09,수원시권선구,2026-08-09T20:00,ncep_gefs_seamless,31,1,0,0,0
2026-08-09,수원시권선구,2026-08-09T20:00,ecmwf_ifs025_ensemble,51,1,0,0,0
2026-08-09,수원시권선구,2026-08-09T20:00,gem_global_ensemble,21,1,0,0,0
2026-08-09,수원시권선구,2026-08-09T21:00,ensemble,143,1,0,0,0
2026-08-09,수원시권선구,2026-08-09T21:00,icon_seamless_eps,40,1,0,0,0
2026-08-09,수원시권선구,2026-08-09T21:00,ncep_gefs_seamless,31,1,0,0,0
2026-08-09,수원시권선구,2026-08-09T21:00,ecmwf_ifs025_ensemble,51,1,0,0,0
2026-08-09,수원시권선구,2026-08-09T21:00,gem_global_ensemble,21,1,0,0,0
2026-08-09,수원시권선구,2026-08-09T22:00,ensemble,143,1,0,0,0
2026-08-09,수원시권선구,2026-08-09T22:00,icon_seamless_eps,40,1,0,0,0
2026-08-09,수원시권선구,2026-08-09T22:00,ncep_gefs_seamless,31,1,0,0,0
2026-08-09,수원시권선구,2026-08-09T22:00,ecmwf_ifs025_ensemble,51,1,0,0,0
2026-08-09,수원시권선구,2026-08-09T22:00,gem_global_ensemble,21,1,0,0,0
2026-08-09,수원시권선구,2026-08-09T23:00,ensemble,143,1,0,0,0
2026-08-09,수원시권선구,2026-08-09T23:00,icon_seamless_eps,40,1,0,0,0
2026-08-09,수원시권선구,2026-08-09T23:00,ncep_gefs_seamless,31,1,0,0,0
2026-08-09,수원시권선구,2026-08-09T23:00,ecmwf_ifs025_ensemble,51,1,0,0,0
2026-08-09,수원시권선구,2026-08-09T23:00,gem_global_ensemble,21,1,0,0,0
2026-08-09,수원시권선구,2026-08-10T00:00,ensemble,143,1,0,0,0
2026-08-09,수원시권선구,2026-08-10T00:00,icon_seamless_eps,40,1,0,0,0
2026-08-09,수원시권선구,2026-08-10T00:00,ncep_gefs_seamless,31,1,0,0,0
2026-08-09,수원시권선구,2026-08-10T00:00,ecmwf_ifs025_ensemble,51,1,0,0,0
2026-08-09,수원시권선구,2026-08-10T00:00,gem_global_ensemble,21,1,0,0,0
2026-08-09,수원시권선구,2026-08-10T01:00,ensemble,143,1,0,0,0
2026-08-09,수원시권선구,2026-08-10T01:00,icon_seamless_eps,40,1,0,0,0
2026-08-09,수원시권선구,2026-08-10T01:00,ncep_gefs_seamless,31,1,0,0,0
2026-08-09,수원시권선구,2026-08-10T01:00,ecmwf_ifs025_ensemble,51,1,0,0,0
2026-08-09,수원시권선구,2026-08-10T01:00,gem_global_ensemble,21,1,0,0,0
2026-08-09,수원시권선구,2026-08-10T02:00,ensemble,143,1,0,0,0
2026-08-09,수원시권선구,2026-08-10T02:00,icon_seamless_eps,40,1,0,0,0
2026-08-09,수원시권선구,2026-08-10T02:00,ncep_gefs_seamless,31,1,0,0,0
2026-08-09,수원시권선구,2026-08-10T02:00,ecmwf_ifs025_ensemble,51,1,0,0,0
2026-08-09,수원시권선구,2026-08-10T02:00,gem_global_ensemble,21,1,0,0,0
2026-08-09,수원시권선구,2026-08-10T03:00,ensemble,143,1,0,0,0
2026-08-09,수원시권선구,2026-08-10T03:00,icon_seamless_eps,40,1,0,0,0
2026-08-09,수원시권선구,2026-08-10T03:00,ncep_gefs_seamless,31,1,0,0,0
2026-08-09,수원시권선구,2026-08-10T03:00,ecmwf_ifs025_ensemble,51,1,0,0,0
2026-08-09,수원시권선구,2026-08-10T03:00,gem_global_ensemble,21,1,0,0,0
2026-08-09,수원시권선구,2026-08-10T04:00,ensemble,143,1,0,0,0
2026-08-09,수원시권선구,2026-08-10T04:00,icon_seamless_eps,40,1,0,0,0
2026-08-09,수원시권선구,2026-08-10T04:00,ncep_gefs_seamless,31,1,0,0,0
2026-08-09,수원시권선구,2026-08-10T04:00,ecmwf_ifs025_ensemble,51,1,0,0,0
2026-08-09,수원시권선구,2026-08-10T04:00,gem_global_ensemble,21,1,0,0,0
2026-08-09,수원시권선구,2026-08-10T05:00,ensemble,143,1,0,0,0
2026-08-09,수원시권선구,2026-08-10T05:00,icon_seamless_eps,40,1,0,0,0
2026-08-09,수원시권선구,2026-08-10T05:00,ncep_gefs_seamless,31,1,0,0,0
2026-08-09,수원시권선구,2026-08-10T05:00,ecmwf_ifs025_ensemble,51,1,0,0,0
2026-08-09,수원시권선구,2026-08-10T05:00,gem_global_ensemble,21,1,0,0,0
2026-08-09,수원시권선구,2026-08-10T06:00,ensemble,143,1,0,0,0
2026-08-09,수원시권선구,2026-08-10T06:00,icon_seamless_eps,40,1,0,0,0
2026-08-09,수원시권선구,2026-08-10T06:00,ncep_gefs_seamless,31,1,0,0,0
2026-08-09,수원시권선구,2026-08-10T06:00,ecmwf_ifs025_ensemble,51,1,0,0,0
2026-08-09,수원시권선구,2026-08-10T06:00,gem_global_ensemble,21,1,0,0,0
2026-08-09,수원시권선구,2026-08-10T07:00,ensemble,143,1,0,0,0
2026-08-09,수원시권선구,2026-08-10T07:00,icon_seamless_eps,40,1,0,0,0
2026-08-09,수원시권선구,2026-08-10T07:00,ncep_gefs_seamless,31,1,0,0,0
2026-08-09,수원시권선구,2026-08-10T07:00,ecmwf_ifs025_ensemble,51,1,0,0,0
2026-08-09,수원시권선구,2026-08-10T07:00,gem_global_ensemble,21,1,0,0,0
2026-08-09,수원시권선구,2026-08-10T08:00,ensemble,143,1,0,0,0
2026-08-09,수원시권선구,2026-08-10T08:00,icon_seamless_eps,40,1,0,0,0
2026-08-09,수원시권선구,2026-08-10T08:00,ncep_gefs_seamless,31,1,0,0,0
2026-08-09,수원시권선구,2026-08-10T08:00,ecmwf_ifs025_ensemble,51,1,0,0,0
2026-08-09,수원시권선구,2026-08-10T08:00,gem_global_ensemble,21,1,0,0,0
2026-08-09,수원시권선구,2026-08-10T09:00,ensemble,143,1,0,0,0
2026-08-09,수원시권선구,2026-08-10T09:00,icon_seamless_eps,40,1,0,0,0
2026-08-09,수원시권선구,2026-08-10T09:00,ncep_gefs_seamless,31,1,0,0,0
2026-08-09,수원시권선구,2026-08-10T09:00,ecmwf_ifs025_ensemble,51,1,0,0,0
2026-08-09,수원시권선구,2026-08-10T09:00,gem_global_ensemble,21,1,0,0,0
2026-08-09,수원시권선구,2026-08-10T10:00,ensemble,143,1,0,0,0
2026-08-09,수원시권선구,2026-08-10T10:00,icon_seamless_eps,40,1,0,0,0
2026-08-09,수원시권선구,2026-08-10T10:00,ncep_gefs_seamless,31,1,0,0,0
2026-08-09,수원시권선구,2026-08-10T10:00,ecmwf_ifs025_ensemble,51,1,0,0,0
2026-08-09,수원시권선구,2026-08-10T10:00,gem_global_ensemble,21,1,0,0,0
2026-08-09,수원시권선구,2026-08-10T11:00,ensemble,143,1,0,0,0
2026-08-09,수원시권선구,2026-08-10T11:00,icon_seamless_eps,40,1,0,0,0
2026-08-09,수원시권선구,2026-08-10T11:00,ncep_gefs_seamless,31,1,0,0,0
2026-08-09,수원시권선구,2026-08-10T11:00,ecmwf_ifs025_ensemble,51,1,0,0,0
2026-08-09,수원시권선구,2026-08-10T11:00,gem_global_ensemble,21,1,0,0,0
2026-08-09,수원시권선구,2026-08-10T12:00,ensemble,143,1,0,0,0
2026-08-09,수원시권선구,2026-08-10T12:00,icon_seamless_eps,40,1,0,0,0
2026-08-09,수원시권선구,2026-08-10T12:00,ncep_gefs_seamless,31,1,0,0,0
2026-08-09,수원시권선구,2026-08-10T12:00,ecmwf_ifs025_ensemble,51,1,0,0,0
2026-08-09,수원시권선구,2026-08-10T12:00,gem_global_ensemble,21,1,0,0,0
2026-08-09,수원시권선구,2026-08-10T13:00,ensemble,143,0.958,0.042,0,0
2026-08-09,수원시권선구,2026-08-10T13:00,icon_seamless_eps,40,1,0,0,0
2026-08-09,수원시권선구,2026-08-10T13:00,ncep_gefs_seamless,31,1,0,0,0
2026-08-09,수원시권선구,2026-08-10T13:00,ecmwf_ifs025_ensemble,51,0.882,0.118,0,0
2026-08-09,수원시권선구,2026-08-10T13:00,gem_global_ensemble,21,1,0,0,0
2026-08-09,수원시권선구,2026-08-10T14:00,ensemble,143,0.958,0.042,0,0
2026-08-09,수원시권선구,2026-08-10T14:00,icon_seamless_eps,40,1,0,0,0
2026-08-09,수원시권선구,2026-08-10T14:00,ncep_gefs_seamless,31,1,0,0,0
2026-08-09,수원시권선구,2026-08-10T14:00,ecmwf_ifs025_ensemble,51,0.882,0.118,0,0
2026-08-09,수원시권선구,2026-08-10T14:00,gem_global_ensemble,21,1,0,0,0
2026-08-09,수원시권선구,2026-08-10T15:00,ensemble,143,0.958,0.042,0,0
2026-08-09,수원시권선구,2026-08-10T15:00,icon_seamless_eps,40,1,0,0,0
2026-08-09,수원시권선구,2026-08-10T15:00,ncep_gefs_seamless,31,1,0,0,0
2026-08-09,수원시권선구,2026-08-10T15:00,ecmwf_ifs025_ensemble,51,0.882,0.118,0,0
2026-08-09,수원시권선구,2026-08-10T15:00,gem_global_ensemble,21,1,0,0,0
2026-08-09,수원시권선구,2026-08-10T16:00,ensemble,143,0.958,0.042,0,0
2026-08-09,수원시권선구,2026-08-10T16:00,icon_seamless_eps,40,1,0,0,0
2026-08-09,수원시권선구,2026-08-10T16:00,ncep_gefs_seamless,31,1,0,0,0
2026-08-09,수원시권선구,2026-08-10T16:00,ecmwf_ifs025_ensemble,51,0.882,0.118,0,0
2026-08-09,수원시권선구,2026-08-10T16:00,gem_global_ensemble,21,1,0,0,0
2026-08-09,수원시권선구,2026-08-10T17:00,ensemble,143,0.958,0.042,0,0
2026-08-09,수원시권선구,2026-08-10T17:00,icon_seamless_eps,40,1,0,0,0
2026-08-09,수원시권선구,2026-08-10T17:00,ncep_gefs_seamless,31,1,0,0,0
2026-08-09,수원시권선구,2026-08-10T17:00,ecmwf_ifs025_ensemble,51,0.882,0.118,0,0
2026-08-09,수원시권선구,2026-08-10T17:00,gem_global_ensemble,21,1,0,0,0
2026-08-09,수원시권선구,2026-08-10T18:00,ensemble,143,0.958,0.042,0,0
2026-08-09,수원시권선구,2026-08-10T18:00,icon_seamless_eps,40,1,0,0,0
2026-08-09,수원시권선구,2026-08-10T18:00,ncep_gefs_seamless,31,1,0,0,0
2026-08-09,수원시권선구,2026-08-10T18:00,ecmwf_ifs025_ensemble,51,0.882,0.118,0,0
2026-08-09,수원시권선구,2026-08-10T18:00,gem_global_ensemble,21,1,0,0,0
2026-08-09,수원시권선구,2026-08-10T19:00,ensemble,143,0.993,0.007,0,0
2026-08-09,수원시권선구,2026-08-10T19:00,icon_seamless_eps,40,1,0,0,0
2026-08-09,수원시권선구,2026-08-10T19:00,ncep_gefs_seamless,31,1,0,0,0
2026-08-09,수원시권선구,2026-08-10T19:00,ecmwf_ifs025_ensemble,51,0.98,0.02,0,0
2026-08-09,수원시권선구,2026-08-10T19:00,gem_global_ensemble,21,1,0,0,0
2026-08-09,수원시권선구,2026-08-10T20:00,ensemble,143,0.993,0.007,0,0
2026-08-09,수원시권선구,2026-08-10T20:00,icon_seamless_eps,40,1,0,0,0
2026-08-09,수원시권선구,2026-08-10T20:00,ncep_gefs_seamless,31,1,0,0,0
2026-08-09,수원시권선구,2026-08-10T20:00,ecmwf_ifs025_ensemble,51,0.98,0.02,0,0
2026-08-09,수원시권선구,2026-08-10T20:00,gem_global_ensemble,21,1,0,0,0
2026-08-09,수원시권선구,2026-08-10T21:00,ensemble,143,0.993,0.007,0,0
2026-08-09,수원시권선구,2026-08-10T21:00,icon_seamless_eps,40,1,0,0,0
2026-08-09,수원시권선구,2026-08-10T21:00,ncep_gefs_seamless,31,1,0,0,0
2026-08-09,수원시권선구,2026-08-10T21:00,ecmwf_ifs025_ensemble,51,0.98,0.02,0,0
2026-08-09,수원시권선구,2026-08-10T21:00,gem_global_ensemble,21,1,0,0,0
2026-08-09,수원시권선구,2026-08-10T22:00,ensemble,143,1,0,0,0
2026-08-09,수원시권선구,2026-08-10T22:00,icon_seamless_eps,40,1,0,0,0
2026-08-09,수원시권선구,2026-08-10T22:00,ncep_gefs_seamless,31,1,0,0,0
2026-08-09,수원시권선구,2026-08-10T22:00,ecmwf_ifs025_ensemble,51,1,0,0,0
2026-08-09,수원시권선구,2026-08-10T22:00,gem_global_ensemble,21,1,0,0,0
2026-08-09,수원시권선구,2026-08-10T23:00,ensemble,143,1,0,0,0
2026-08-09,수원시권선구,2026-08-10T23:00,icon_seamless_eps,40,1,0,0,0
2026-08-09,수원시권선구,2026-08-10T23:00,ncep_gefs_seamless,31,1,0,0,0
2026-08-09,수원시권선구,2026-08-10T23:00,ecmwf_ifs025_ensemble,51,1,0,0,0
2026-08-09,수원시권선구,2026-08-10T23:00,gem_global_ensemble,21,1,0,0,0
2026-08-09,성남시수정구,2026-08-09T00:00,ensemble,143,0.902,0.098,0,0
2026-08-09,성남시수정구,2026-08-09T00:00,icon_seamless_eps,40,1,0,0,0
2026-08-09,성남시수정구,2026-08-09T00:00,ncep_gefs_seamless,31,0.548,0.452,0,0
2026-08-09,성남시수정구,2026-08-09T00:00,ecmwf_ifs025_ensemble,51,1,0,0,0
2026-08-09,성남시수정구,2026-08-09T00:00,gem_global_ensemble,21,1,0,0,0
2026-08-09,성남시수정구,2026-08-09T01:00,ensemble,143,0.944,0.056,0,0
2026-08-09,성남시수정구,2026-08-09T01:00,icon_seamless_eps,40,1,0,0,0
2026-08-09,성남시수정구,2026-08-09T01:00,ncep_gefs_seamless,31,0.742,0.258,0,0
2026-08-09,성남시수정구,2026-08-09T01:00,ecmwf_ifs025_ensemble,51,1,0,0,0
2026-08-09,성남시수정구,2026-08-09T01:00,gem_global_ensemble,21,1,0,0,0
2026-08-09,성남시수정구,2026-08-09T02:00,ensemble,143,0.944,0.056,0,0
2026-08-09,성남시수정구,2026-08-09T02:00,icon_seamless_eps,40,1,0,0,0
2026-08-09,성남시수정구,2026-08-09T02:00,ncep_gefs_seamless,31,0.742,0.258,0,0
2026-08-09,성남시수정구,2026-08-09T02:00,ecmwf_ifs025_ensemble,51,1,0,0,0
2026-08-09,성남시수정구,2026-08-09T02:00,gem_global_ensemble,21,1,0,0,0
2026-08-09,성남시수정구,2026-08-09T03:00,ensemble,143,0.944,0.056,0,0
2026-08-09,성남시수정구,2026-08-09T03:00,icon_seamless_eps,40,1,0,0,0
2026-08-09,성남시수정구,2026-08-09T03:00,ncep_gefs_seamless,31,0.742,0.258,0,0
2026-08-09,성남시수정구,2026-08-09T03:00,ecmwf_ifs025_ensemble,51,1,0,0,0
2026-08-09,성남시수정구,2026-08-09T03:00,gem_global_ensemble,21,1,0,0,0
2026-08-09,성남시수정구,2026-08-09T04:00,ensemble,143,0.972,0.028,0,0
2026-08-09,성남시수정구,2026-08-09T04:00,icon_seamless_eps,40,0.975,0.025,0,0
2026-08-09,성남시수정구,2026-08-09T04:00,ncep_gefs_seamless,31,0.903,0.097,0,0
2026-08-09,성남시수정구,2026-08-09T04:00,ecmwf_ifs025_ensemble,51,1,0,0,0
2026-08-09,성남시수정구,2026-08-09T04:00,gem_global_ensemble,21,1,0,0,0
2026-08-09,성남시수정구,2026-08-09T05:00,ensemble,143,0.979,0.021,0,0
2026-08-09,성남시수정구,2026-08-09T05:00,icon_seamless_eps,40,1,0,0,0
2026-08-09,성남시수정구,2026-08-09T05:00,ncep_gefs_seamless,31,0.903,0.097,0,0
2026-08-09,성남시수정구,2026-08-09T05:00,ecmwf_ifs025_ensemble,51,1,0,0,0
2026-08-09,성남시수정구,2026-08-09T05:00,gem_global_ensemble,21,1,0,0,0
2026-08-09,성남시수정구,2026-08-09T06:00,ensemble,143,0.979,0.021,0,0
2026-08-09,성남시수정구,2026-08-09T06:00,icon_seamless_eps,40,1,0,0,0
2026-08-09,성남시수정구,2026-08-09T06:00,ncep_gefs_seamless,31,0.903,0.097,0,0
2026-08-09,성남시수정구,2026-08-09T06:00,ecmwf_ifs025_ensemble,51,1,0,0,0
2026-08-09,성남시수정구,2026-08-09T06:00,gem_global_ensemble,21,1,0,0,0
2026-08-09,성남시수정구,2026-08-09T07:00,ensemble,143,0.986,0.014,0,0
2026-08-09,성남시수정구,2026-08-09T07:00,icon_seamless_eps,40,1,0,0,0
2026-08-09,성남시수정구,2026-08-09T07:00,ncep_gefs_seamless,31,0.935,0.065,0,0
2026-08-09,성남시수정구,2026-08-09T07:00,ecmwf_ifs025_ensemble,51,1,0,0,0
2026-08-09,성남시수정구,2026-08-09T07:00,gem_global_ensemble,21,1,0,0,0
2026-08-09,성남시수정구,2026-08-09T08:00,ensemble,143,0.986,0.014,0,0
2026-08-09,성남시수정구,2026-08-09T08:00,icon_seamless_eps,40,1,0,0,0
2026-08-09,성남시수정구,2026-08-09T08:00,ncep_gefs_seamless,31,0.935,0.065,0,0
2026-08-09,성남시수정구,2026-08-09T08:00,ecmwf_ifs025_ensemble,51,1,0,0,0
2026-08-09,성남시수정구,2026-08-09T08:00,gem_global_ensemble,21,1,0,0,0
2026-08-09,성남시수정구,2026-08-09T09:00,ensemble,143,0.986,0.014,0,0
2026-08-09,성남시수정구,2026-08-09T09:00,icon_seamless_eps,40,1,0,0,0
2026-08-09,성남시수정구,2026-08-09T09:00,ncep_gefs_seamless,31,0.935,0.065,0,0
2026-08-09,성남시수정구,2026-08-09T09:00,ecmwf_ifs025_ensemble,51,1,0,0,0
2026-08-09,성남시수정구,2026-08-09T09:00,gem_global_ensemble,21,1,0,0,0
2026-08-09,성남시수정구,2026-08-09T10:00,ensemble,143,0.986,0.014,0,0
2026-08-09,성남시수정구,2026-08-09T10:00,icon_seamless_eps,40,1,0,0,0
2026-08-09,성남시수정구,2026-08-09T10:00,ncep_gefs_seamless,31,0.935,0.065,0,0
2026-08-09,성남시수정구,2026-08-09T10:00,ecmwf_ifs025_ensemble,51,1,0,0,0
2026-08-09,성남시수정구,2026-08-09T10:00,gem_global_ensemble,21,1,0,0,0
2026-08-09,성남시수정구,2026-08-09T11:00,ensemble,143,0.986,0.014,0,0
2026-08-09,성남시수정구,2026-08-09T11:00,icon_seamless_eps,40,1,0,0,0
2026-08-09,성남시수정구,2026-08-09T11:00,ncep_gefs_seamless,31,0.935,0.065,0,0
2026-08-09,성남시수정구,2026-08-09T11:00,ecmwf_ifs025_ensemble,51,1,0,0,0
2026-08-09,성남시수정구,2026-08-09T11:00,gem_global_ensemble,21,1,0,0,0
2026-08-09,성남시수정구,2026-08-09T12:00,ensemble,143,0.986,0.014,0,0
2026-08-09,성남시수정구,2026-08-09T12:00,icon_seamless_eps,40,1,0,0,0
2026-08-09,성남시수정구,2026-08-09T12:00,ncep_gefs_seamless,31,0.935,0.065,0,0
2026-08-09,성남시수정구,2026-08-09T12:00,ecmwf_ifs025_ensemble,51,1,0,0,0
2026-08-09,성남시수정구,2026-08-09T12:00,gem_global_ensemble,21,1,0,0,0
2026-08-09,성남시수정구,2026-08-09T13:00,ensemble,143,0.951,0.049,0,0
2026-08-09,성남시수정구,2026-08-09T13:00,icon_seamless_eps,40,0.975,0.025,0,0
2026-08-09,성남시수정구,2026-08-09T13:00,ncep_gefs_seamless,31,1,0,0,0
2026-08-09,성남시수정구,2026-08-09T13:00,ecmwf_ifs025_ensemble,51,0.902,0.098,0,0
2026-08-09,성남시수정구,2026-08-09T13:00,gem_global_ensemble,21,0.952,0.048,0,0
2026-08-09,성남시수정구,2026-08-09T14:00,ensemble,143,0.958,0.042,0,0
2026-08-09,성남시수정구,2026-08-09T14:00,icon_seamless_eps,40,1,0,0,0
2026-08-09,성남시수정구,2026-08-09T14:00,ncep_gefs_seamless,31,1,0,0,0
2026-08-09,성남시수정구,2026-08-09T14:00,ecmwf_ifs025_ensemble,51,0.902,0.098,0,0
2026-08-09,성남시수정구,2026-08-09T14:00,gem_global_ensemble,21,0.952,0.048,0,0
2026-08-09,성남시수정구,2026-08-09T15:00,ensemble,143,0.958,0.042,0,0
2026-08-09,성남시수정구,2026-08-09T15:00,icon_seamless_eps,40,1,0,0,0
2026-08-09,성남시수정구,2026-08-09T15:00,ncep_gefs_seamless,31,1,0,0,0
2026-08-09,성남시수정구,2026-08-09T15:00,ecmwf_ifs025_ensemble,51,0.902,0.098,0,0
2026-08-09,성남시수정구,2026-08-09T15:00,gem_global_ensemble,21,0.952,0.048,0,0
2026-08-09,성남시수정구,2026-08-09T16:00,ensemble,143,0.965,0.028,0.007,0
2026-08-09,성남시수정구,2026-08-09T16:00,icon_seamless_eps,40,1,0,0,0
2026-08-09,성남시수정구,2026-08-09T16:00,ncep_gefs_seamless,31,1,0,0,0
2026-08-09,성남시수정구,2026-08-09T16:00,ecmwf_ifs025_ensemble,51,0.922,0.078,0,0
2026-08-09,성남시수정구,2026-08-09T16:00,gem_global_ensemble,21,0.952,0,0.048,0
2026-08-09,성남시수정구,2026-08-09T17:00,ensemble,143,0.965,0.028,0.007,0
2026-08-09,성남시수정구,2026-08-09T17:00,icon_seamless_eps,40,1,0,0,0
2026-08-09,성남시수정구,2026-08-09T17:00,ncep_gefs_seamless,31,1,0,0,0
2026-08-09,성남시수정구,2026-08-09T17:00,ecmwf_ifs025_ensemble,51,0.922,0.078,0,0
2026-08-09,성남시수정구,2026-08-09T17:00,gem_global_ensemble,21,0.952,0,0.048,0
2026-08-09,성남시수정구,2026-08-09T18:00,ensemble,143,0.965,0.028,0.007,0
2026-08-09,성남시수정구,2026-08-09T18:00,icon_seamless_eps,40,1,0,0,0
2026-08-09,성남시수정구,2026-08-09T18:00,ncep_gefs_seamless,31,1,0,0,0
2026-08-09,성남시수정구,2026-08-09T18:00,ecmwf_ifs025_ensemble,51,0.922,0.078,0,0
2026-08-09,성남시수정구,2026-08-09T18:00,gem_global_ensemble,21,0.952,0,0.048,0
2026-08-09,성남시수정구,2026-08-09T19:00,ensemble,143,1,0,0,0
2026-08-09,성남시수정구,2026-08-09T19:00,icon_seamless_eps,40,1,0,0,0
2026-08-09,성남시수정구,2026-08-09T19:00,ncep_gefs_seamless,31,1,0,0,0
2026-08-09,성남시수정구,2026-08-09T19:00,ecmwf_ifs025_ensemble,51,1,0,0,0
2026-08-09,성남시수정구,2026-08-09T19:00,gem_global_ensemble,21,1,0,0,0
2026-08-09,성남시수정구,2026-08-09T20:00,ensemble,143,1,0,0,0
2026-08-09,성남시수정구,2026-08-09T20:00,icon_seamless_eps,40,1,0,0,0
2026-08-09,성남시수정구,2026-08-09T20:00,ncep_gefs_seamless,31,1,0,0,0
2026-08-09,성남시수정구,2026-08-09T20:00,ecmwf_ifs025_ensemble,51,1,0,0,0
2026-08-09,성남시수정구,2026-08-09T20:00,gem_global_ensemble,21,1,0,0,0
2026-08-09,성남시수정구,2026-08-09T21:00,ensemble,143,1,0,0,0
2026-08-09,성남시수정구,2026-08-09T21:00,icon_seamless_eps,40,1,0,0,0
2026-08-09,성남시수정구,2026-08-09T21:00,ncep_gefs_seamless,31,1,0,0,0
2026-08-09,성남시수정구,2026-08-09T21:00,ecmwf_ifs025_ensemble,51,1,0,0,0
2026-08-09,성남시수정구,2026-08-09T21:00,gem_global_ensemble,21,1,0,0,0
2026-08-09,성남시수정구,2026-08-09T22:00,ensemble,143,1,0,0,0
2026-08-09,성남시수정구,2026-08-09T22:00,icon_seamless_eps,40,1,0,0,0
2026-08-09,성남시수정구,2026-08-09T22:00,ncep_gefs_seamless,31,1,0,0,0
2026-08-09,성남시수정구,2026-08-09T22:00,ecmwf_ifs025_ensemble,51,1,0,0,0
2026-08-09,성남시수정구,2026-08-09T22:00,gem_global_ensemble,21,1,0,0,0
2026-08-09,성남시수정구,2026-08-09T23:00,ensemble,143,1,0,0,0
2026-08-09,성남시수정구,2026-08-09T23:00,icon_seamless_eps,40,1,0,0,0
2026-08-09,성남시수정구,2026-08-09T23:00,ncep_gefs_seamless,31,1,0,0,0
2026-08-09,성남시수정구,2026-08-09T23:00,ecmwf_ifs025_ensemble,51,1,0,0,0
2026-08-09,성남시수정구,2026-08-09T23:00,gem_global_ensemble,21,1,0,0,0
2026-08-09,성남시수정구,2026-08-10T00:00,ensemble,143,1,0,0,0
2026-08-09,성남시수정구,2026-08-10T00:00,icon_seamless_eps,40,1,0,0,0
2026-08-09,성남시수정구,2026-08-10T00:00,ncep_gefs_seamless,31,1,0,0,0
2026-08-09,성남시수정구,2026-08-10T00:00,ecmwf_ifs025_ensemble,51,1,0,0,0
2026-08-09,성남시수정구,2026-08-10T00:00,gem_global_ensemble,21,1,0,0,0
2026-08-09,성남시수정구,2026-08-10T01:00,ensemble,143,1,0,0,0
2026-08-09,성남시수정구,2026-08-10T01:00,icon_seamless_eps,40,1,0,0,0
2026-08-09,성남시수정구,2026-08-10T01:00,ncep_gefs_seamless,31,1,0,0,0
2026-08-09,성남시수정구,2026-08-10T01:00,ecmwf_ifs025_ensemble,51,1,0,0,0
2026-08-09,성남시수정구,2026-08-10T01:00,gem_global_ensemble,21,1,0,0,0
2026-08-09,성남시수정구,2026-08-10T02:00,ensemble,143,1,0,0,0
2026-08-09,성남시수정구,2026-08-10T02:00,icon_seamless_eps,40,1,0,0,0
2026-08-09,성남시수정구,2026-08-10T02:00,ncep_gefs_seamless,31,1,0,0,0
2026-08-09,성남시수정구,2026-08-10T02:00,ecmwf_ifs025_ensemble,51,1,0,0,0
2026-08-09,성남시수정구,2026-08-10T02:00,gem_global_ensemble,21,1,0,0,0
2026-08-09,성남시수정구,2026-08-10T03:00,ensemble,143,1,0,0,0
2026-08-09,성남시수정구,2026-08-10T03:00,icon_seamless_eps,40,1,0,0,0
2026-08-09,성남시수정구,2026-08-10T03:00,ncep_gefs_seamless,31,1,0,0,0
2026-08-09,성남시수정구,2026-08-10T03:00,ecmwf_ifs025_ensemble,51,1,0,0,0
2026-08-09,성남시수정구,2026-08-10T03:00,gem_global_ensemble,21,1,0,0,0
2026-08-09,성남시수정구,2026-08-10T04:00,ensemble,143,1,0,0,0
2026-08-09,성남시수정구,2026-08-10T04:00,icon_seamless_eps,40,1,0,0,0
2026-08-09,성남시수정구,2026-08-10T04:00,ncep_gefs_seamless,31,1,0,0,0
2026-08-09,성남시수정구,2026-08-10T04:00,ecmwf_ifs025_ensemble,51,1,0,0,0
2026-08-09,성남시수정구,2026-08-10T04:00,gem_global_ensemble,21,1,0,0,0
2026-08-09,성남시수정구,2026-08-10T05:00,ensemble,143,1,0,0,0
2026-08-09,성남시수정구,2026-08-10T05:00,icon_seamless_eps,40,1,0,0,0
2026-08-09,성남시수정구,2026-08-10T05:00,ncep_gefs_seamless,31,1,0,0,0
2026-08-09,성남시수정구,2026-08-10T05:00,ecmwf_ifs025_ensemble,51,1,0,0,0
2026-08-09,성남시수정구,2026-08-10T05:00,gem_global_ensemble,21,1,0,0,0
2026-08-09,성남시수정구,2026-08-10T06:00,ensemble,143,1,0,0,0
2026-08-09,성남시수정구,2026-08-10T06:00,icon_seamless_eps,40,1,0,0,0
2026-08-09,성남시수정구,2026-08-10T06:00,ncep_gefs_seamless,31,1,0,0,0
2026-08-09,성남시수정구,2026-08-10T06:00,ecmwf_ifs025_ensemble,51,1,0,0,0
2026-08-09,성남시수정구,2026-08-10T06:00,gem_global_ensemble,21,1,0,0,0
2026-08-09,성남시수정구,2026-08-10T07:00,ensemble,143,1,0,0,0
2026-08-09,성남시수정구,2026-08-10T07:00,icon_seamless_eps,40,1,0,0,0
2026-08-09,성남시수정구,2026-08-10T07:00,ncep_gefs_seamless,31,1,0,0,0
2026-08-09,성남시수정구,2026-08-10T07:00,ecmwf_ifs025_ensemble,51,1,0,0,0
2026-08-09,성남시수정구,2026-08-10T07:00,gem_global_ensemble,21,1,0,0,0
2026-08-09,성남시수정구,2026-08-10T08:00,ensemble,143,1,0,0,0
2026-08-09,성남시수정구,2026-08-10T08:00,icon_seamless_eps,40,1,0,0,0
2026-08-09,성남시수정구,2026-08-10T08:00,ncep_gefs_seamless,31,1,0,0,0
2026-08-09,성남시수정구,2026-08-10T08:00,ecmwf_ifs025_ensemble,51,1,0,0,0
2026-08-09,성남시수정구,2026-08-10T08:00,gem_global_ensemble,21,1,0,0,0
2026-08-09,성남시수정구,2026-08-10T09:00,ensemble,143,1,0,0,0
2026-08-09,성남시수정구,2026-08-10T09:00,icon_seamless_eps,40,1,0,0,0
2026-08-09,성남시수정구,2026-08-10T09:00,ncep_gefs_seamless,31,1,0,0,0
2026-08-09,성남시수정구,2026-08-10T09:00,ecmwf_ifs025_ensemble,51,1,0,0,0
2026-08-09,성남시수정구,2026-08-10T09:00,gem_global_ensemble,21,1,0,0,0
2026-08-09,성남시수정구,2026-08-10T10:00,ensemble,143,1,0,0,0
2026-08-09,성남시수정구,2026-08-10T10:00,icon_seamless_eps,40,1,0,0,0
2026-08-09,성남시수정구,2026-08-10T10:00,ncep_gefs_seamless,31,1,0,0,0
2026-08-09,성남시수정구,2026-08-10T10:00,ecmwf_ifs025_ensemble,51,1,0,0,0
2026-08-09,성남시수정구,2026-08-10T10:00,gem_global_ensemble,21,1,0,0,0
2026-08-09,성남시수정구,2026-08-10T11:00,ensemble,143,1,0,0,0
2026-08-09,성남시수정구,2026-08-10T11:00,icon_seamless_eps,40,1,0,0,0
2026-08-09,성남시수정구,2026-08-10T11:00,ncep_gefs_seamless,31,1,0,0,0
2026-08-09,성남시수정구,2026-08-10T11:00,ecmwf_ifs025_ensemble,51,1,0,0,0
2026-08-09,성남시수정구,2026-08-10T11:00,gem_global_ensemble,21,1,0,0,0
2026-08-09,성남시수정구,2026-08-10T12:00,ensemble,143,1,0,0,0
2026-08-09,성남시수정구,2026-08-10T12:00,icon_seamless_eps,40,1,0,0,0
2026-08-09,성남시수정구,2026-08-10T12:00,ncep_gefs_seamless,31,1,0,0,0
2026-08-09,성남시수정구,2026-08-10T12:00,ecmwf_ifs025_ensemble,51,1,0,0,0
2026-08-09,성남시수정구,2026-08-10T12:00,gem_global_ensemble,21,1,0,0,0
2026-08-09,성남시수정구,2026-08-10T13:00,ensemble,143,0.944,0.056,0,0
2026-08-09,성남시수정구,2026-08-10T13:00,icon_seamless_eps,40,1,0,0,0
2026-08-09,성남시수정구,2026-08-10T13:00,ncep_gefs_seamless,31,1,0,0,0
2026-08-09,성남시수정구,2026-08-10T13:00,ecmwf_ifs025_ensemble,51,0.843,0.157,0,0
2026-08-09,성남시수정구,2026-08-10T13:00,gem_global_ensemble,21,1,0,0,0
2026-08-09,성남시수정구,2026-08-10T14:00,ensemble,143,0.944,0.056,0,0
2026-08-09,성남시수정구,2026-08-10T14:00,icon_seamless_eps,40,1,0,0,0
2026-08-09,성남시수정구,2026-08-10T14:00,ncep_gefs_seamless,31,1,0,0,0
2026-08-09,성남시수정구,2026-08-10T14:00,ecmwf_ifs025_ensemble,51,0.843,0.157,0,0
2026-08-09,성남시수정구,2026-08-10T14:00,gem_global_ensemble,21,1,0,0,0
2026-08-09,성남시수정구,2026-08-10T15:00,ensemble,143,0.944,0.056,0,0
2026-08-09,성남시수정구,2026-08-10T15:00,icon_seamless_eps,40,1,0,0,0
2026-08-09,성남시수정구,2026-08-10T15:00,ncep_gefs_seamless,31,1,0,0,0
2026-08-09,성남시수정구,2026-08-10T15:00,ecmwf_ifs025_ensemble,51,0.843,0.157,0,0
2026-08-09,성남시수정구,2026-08-10T15:00,gem_global_ensemble,21,1,0,0,0
2026-08-09,성남시수정구,2026-08-10T16:00,ensemble,143,0.937,0.063,0,0
2026-08-09,성남시수정구,2026-08-10T16:00,icon_seamless_eps,40,1,0,0,0
2026-08-09,성남시수정구,2026-08-10T16:00,ncep_gefs_seamless,31,1,0,0,0
2026-08-09,성남시수정구,2026-08-10T16:00,ecmwf_ifs025_ensemble,51,0.824,0.176,0,0
2026-08-09,성남시수정구,2026-08-10T16:00,gem_global_ensemble,21,1,0,0,0
2026-08-09,성남시수정구,2026-08-10T17:00,ensemble,143,0.937,0.063,0,0
2026-08-09,성남시수정구,2026-08-10T17:00,icon_seamless_eps,40,1,0,0,0
2026-08-09,성남시수정구,2026-08-10T17:00,ncep_gefs_seamless,31,1,0,0,0
2026-08-09,성남시수정구,2026-08-10T17:00,ecmwf_ifs025_ensemble,51,0.824,0.176,0,0
2026-08-09,성남시수정구,2026-08-10T17:00,gem_global_ensemble,21,1,0,0,0
2026-08-09,성남시수정구,2026-08-10T18:00,ensemble,143,0.937,0.063,0,0
2026-08-09,성남시수정구,2026-08-10T18:00,icon_seamless_eps,40,1,0,0,0
2026-08-09,성남시수정구,2026-08-10T18:00,ncep_gefs_seamless,31,1,0,0,0
2026-08-09,성남시수정구,2026-08-10T18:00,ecmwf_ifs025_ensemble,51,0.824,0.176,0,0
2026-08-09,성남시수정구,2026-08-10T18:00,gem_global_ensemble,21,1,0,0,0
2026-08-09,성남시수정구,2026-08-10T19:00,ensemble,143,1,0,0,0
2026-08-09,성남시수정구,2026-08-10T19:00,icon_seamless_eps,40,1,0,0,0
2026-08-09,성남시수정구,2026-08-10T19:00,ncep_gefs_seamless,31,1,0,0,0
2026-08-09,성남시수정구,2026-08-10T19:00,ecmwf_ifs025_ensemble,51,1,0,0,0
2026-08-09,성남시수정구,2026-08-10T19:00,gem_global_ensemble,21,1,0,0,0
2026-08-09,성남시수정구,2026-08-10T20:00,ensemble,143,1,0,0,0
2026-08-09,성남시수정구,2026-08-10T20:00,icon_seamless_eps,40,1,0,0,0
2026-08-09,성남시수정구,2026-08-10T20:00,ncep_gefs_seamless,31,1,0,0,0
2026-08-09,성남시수정구,2026-08-10T20:00,ecmwf_ifs025_ensemble,51,1,0,0,0
2026-08-09,성남시수정구,2026-08-10T20:00,gem_global_ensemble,21,1,0,0,0
2026-08-09,성남시수정구,2026-08-10T21:00,ensemble,143,1,0,0,0
2026-08-09,성남시수정구,2026-08-10T21:00,icon_seamless_eps,40,1,0,0,0
2026-08-09,성남시수정구,2026-08-10T21:00,ncep_gefs_seamless,31,1,0,0,0
2026-08-09,성남시수정구,2026-08-10T21:00,ecmwf_ifs025_ensemble,51,1,0,0,0
2026-08-09,성남시수정구,2026-08-10T21:00,gem_global_ensemble,21,1,0,0,0
2026-08-09,성남시수정구,2026-08-10T22:00,ensemble,143,1,0,0,0
2026-08-09,성남시수정구,2026-08-10T22:00,icon_seamless_eps,40,1,0,0,0
2026-08-09,성남시수정구,2026-08-10T22:00,ncep_gefs_seamless,31,1,0,0,0
2026-08-09,성남시수정구,2026-08-10T22:00,ecmwf_ifs025_ensemble,51,1,0,0,0
2026-08-09,성남시수정구,2026-08-10T22:00,gem_global_ensemble,21,1,0,0,0
2026-08-09,성남시수정구,2026-08-10T23:00,ensemble,143,1,0,0,0
2026-08-09,성남시수정구,2026-08-10T23:00,icon_seamless_eps,40,1,0,0,0
2026-08-09,성남시수정구,2026-08-10T23:00,ncep_gefs_seamless,31,1,0,0,0
2026-08-09,성남시수정구,2026-08-10T23:00,ecmwf_ifs025_ensemble,51,1,0,0,0
2026-08-09,성남시수정구,2026-08-10T23:00,gem_global_ensemble,21,1,0,0,0
2026-08-10,수원시권선구,2026-08-10T00:00,ensemble,143,0.986,0.014,0,0
2026-08-10,수원시권선구,2026-08-10T00:00,icon_seamless_eps,40,1,0,0,0
2026-08-10,수원시권선구,2026-08-10T00:00,ncep_gefs_seamless,31,0.935,0.065,0,0
2026-08-10,수원시권선구,2026-08-10T00:00,ecmwf_ifs025_ensemble,51,1,0,0,0
2026-08-10,수원시권선구,2026-08-10T00:00,gem_global_ensemble,21,1,0,0,0
2026-08-10,수원시권선구,2026-08-10T01:00,ensemble,143,1,0,0,0
2026-08-10,수원시권선구,2026-08-10T01:00,icon_seamless_eps,40,1,0,0,0
2026-08-10,수원시권선구,2026-08-10T01:00,ncep_gefs_seamless,31,1,0,0,0
2026-08-10,수원시권선구,2026-08-10T01:00,ecmwf_ifs025_ensemble,51,1,0,0,0
2026-08-10,수원시권선구,2026-08-10T01:00,gem_global_ensemble,21,1,0,0,0
2026-08-10,수원시권선구,2026-08-10T02:00,ensemble,143,1,0,0,0
2026-08-10,수원시권선구,2026-08-10T02:00,icon_seamless_eps,40,1,0,0,0
2026-08-10,수원시권선구,2026-08-10T02:00,ncep_gefs_seamless,31,1,0,0,0
2026-08-10,수원시권선구,2026-08-10T02:00,ecmwf_ifs025_ensemble,51,1,0,0,0
2026-08-10,수원시권선구,2026-08-10T02:00,gem_global_ensemble,21,1,0,0,0
2026-08-10,수원시권선구,2026-08-10T03:00,ensemble,143,1,0,0,0
2026-08-10,수원시권선구,2026-08-10T03:00,icon_seamless_eps,40,1,0,0,0
2026-08-10,수원시권선구,2026-08-10T03:00,ncep_gefs_seamless,31,1,0,0,0
2026-08-10,수원시권선구,2026-08-10T03:00,ecmwf_ifs025_ensemble,51,1,0,0,0
2026-08-10,수원시권선구,2026-08-10T03:00,gem_global_ensemble,21,1,0,0,0
2026-08-10,수원시권선구,2026-08-10T04:00,ensemble,143,1,0,0,0
2026-08-10,수원시권선구,2026-08-10T04:00,icon_seamless_eps,40,1,0,0,0
2026-08-10,수원시권선구,2026-08-10T04:00,ncep_gefs_seamless,31,1,0,0,0
2026-08-10,수원시권선구,2026-08-10T04:00,ecmwf_ifs025_ensemble,51,1,0,0,0
2026-08-10,수원시권선구,2026-08-10T04:00,gem_global_ensemble,21,1,0,0,0
2026-08-10,수원시권선구,2026-08-10T05:00,ensemble,143,1,0,0,0
2026-08-10,수원시권선구,2026-08-10T05:00,icon_seamless_eps,40,1,0,0,0
2026-08-10,수원시권선구,2026-08-10T05:00,ncep_gefs_seamless,31,1,0,0,0
2026-08-10,수원시권선구,2026-08-10T05:00,ecmwf_ifs025_ensemble,51,1,0,0,0
2026-08-10,수원시권선구,2026-08-10T05:00,gem_global_ensemble,21,1,0,0,0
2026-08-10,수원시권선구,2026-08-10T06:00,ensemble,143,1,0,0,0
2026-08-10,수원시권선구,2026-08-10T06:00,icon_seamless_eps,40,1,0,0,0
2026-08-10,수원시권선구,2026-08-10T06:00,ncep_gefs_seamless,31,1,0,0,0
2026-08-10,수원시권선구,2026-08-10T06:00,ecmwf_ifs025_ensemble,51,1,0,0,0
2026-08-10,수원시권선구,2026-08-10T06:00,gem_global_ensemble,21,1,0,0,0
2026-08-10,수원시권선구,2026-08-10T07:00,ensemble,143,1,0,0,0
2026-08-10,수원시권선구,2026-08-10T07:00,icon_seamless_eps,40,1,0,0,0
2026-08-10,수원시권선구,2026-08-10T07:00,ncep_gefs_seamless,31,1,0,0,0
2026-08-10,수원시권선구,2026-08-10T07:00,ecmwf_ifs025_ensemble,51,1,0,0,0
2026-08-10,수원시권선구,2026-08-10T07:00,gem_global_ensemble,21,1,0,0,0
2026-08-10,수원시권선구,2026-08-10T08:00,ensemble,143,1,0,0,0
2026-08-10,수원시권선구,2026-08-10T08:00,icon_seamless_eps,40,1,0,0,0
2026-08-10,수원시권선구,2026-08-10T08:00,ncep_gefs_seamless,31,1,0,0,0
2026-08-10,수원시권선구,2026-08-10T08:00,ecmwf_ifs025_ensemble,51,1,0,0,0
2026-08-10,수원시권선구,2026-08-10T08:00,gem_global_ensemble,21,1,0,0,0
2026-08-10,수원시권선구,2026-08-10T09:00,ensemble,143,1,0,0,0
2026-08-10,수원시권선구,2026-08-10T09:00,icon_seamless_eps,40,1,0,0,0
2026-08-10,수원시권선구,2026-08-10T09:00,ncep_gefs_seamless,31,1,0,0,0
2026-08-10,수원시권선구,2026-08-10T09:00,ecmwf_ifs025_ensemble,51,1,0,0,0
2026-08-10,수원시권선구,2026-08-10T09:00,gem_global_ensemble,21,1,0,0,0
2026-08-10,수원시권선구,2026-08-10T10:00,ensemble,143,1,0,0,0
2026-08-10,수원시권선구,2026-08-10T10:00,icon_seamless_eps,40,1,0,0,0
2026-08-10,수원시권선구,2026-08-10T10:00,ncep_gefs_seamless,31,1,0,0,0
2026-08-10,수원시권선구,2026-08-10T10:00,ecmwf_ifs025_ensemble,51,1,0,0,0
2026-08-10,수원시권선구,2026-08-10T10:00,gem_global_ensemble,21,1,0,0,0
2026-08-10,수원시권선구,2026-08-10T11:00,ensemble,143,1,0,0,0
2026-08-10,수원시권선구,2026-08-10T11:00,icon_seamless_eps,40,1,0,0,0
2026-08-10,수원시권선구,2026-08-10T11:00,ncep_gefs_seamless,31,1,0,0,0
2026-08-10,수원시권선구,2026-08-10T11:00,ecmwf_ifs025_ensemble,51,1,0,0,0
2026-08-10,수원시권선구,2026-08-10T11:00,gem_global_ensemble,21,1,0,0,0
2026-08-10,수원시권선구,2026-08-10T12:00,ensemble,143,1,0,0,0
2026-08-10,수원시권선구,2026-08-10T12:00,icon_seamless_eps,40,1,0,0,0
2026-08-10,수원시권선구,2026-08-10T12:00,ncep_gefs_seamless,31,1,0,0,0
2026-08-10,수원시권선구,2026-08-10T12:00,ecmwf_ifs025_ensemble,51,1,0,0,0
2026-08-10,수원시권선구,2026-08-10T12:00,gem_global_ensemble,21,1,0,0,0
2026-08-10,수원시권선구,2026-08-10T13:00,ensemble,143,0.986,0.014,0,0
2026-08-10,수원시권선구,2026-08-10T13:00,icon_seamless_eps,40,1,0,0,0
2026-08-10,수원시권선구,2026-08-10T13:00,ncep_gefs_seamless,31,1,0,0,0
2026-08-10,수원시권선구,2026-08-10T13:00,ecmwf_ifs025_ensemble,51,0.98,0.02,0,0
2026-08-10,수원시권선구,2026-08-10T13:00,gem_global_ensemble,21,0.952,0.048,0,0
2026-08-10,수원시권선구,2026-08-10T14:00,ensemble,143,0.986,0.014,0,0
2026-08-10,수원시권선구,2026-08-10T14:00,icon_seamless_eps,40,1,0,0,0
2026-08-10,수원시권선구,2026-08-10T14:00,ncep_gefs_seamless,31,1,0,0,0
2026-08-10,수원시권선구,2026-08-10T14:00,ecmwf_ifs025_ensemble,51,0.98,0.02,0,0
2026-08-10,수원시권선구,2026-08-10T14:00,gem_global_ensemble,21,0.952,0.048,0,0
2026-08-10,수원시권선구,2026-08-10T15:00,ensemble,143,0.986,0.014,0,0
2026-08-10,수원시권선구,2026-08-10T15:00,icon_seamless_eps,40,1,0,0,0
2026-08-10,수원시권선구,2026-08-10T15:00,ncep_gefs_seamless,31,1,0,0,0
2026-08-10,수원시권선구,2026-08-10T15:00,ecmwf_ifs025_ensemble,51,0.98,0.02,0,0
2026-08-10,수원시권선구,2026-08-10T15:00,gem_global_ensemble,21,0.952,0.048,0,0
2026-08-10,수원시권선구,2026-08-10T16:00,ensemble,143,0.986,0.007,0.007,0
2026-08-10,수원시권선구,2026-08-10T16:00,icon_seamless_eps,40,1,0,0,0
2026-08-10,수원시권선구,2026-08-10T16:00,ncep_gefs_seamless,31,1,0,0,0
2026-08-10,수원시권선구,2026-08-10T16:00,ecmwf_ifs025_ensemble,51,0.98,0.02,0,0
2026-08-10,수원시권선구,2026-08-10T16:00,gem_global_ensemble,21,0.952,0,0.048,0
2026-08-10,수원시권선구,2026-08-10T17:00,ensemble,143,0.986,0.007,0.007,0
2026-08-10,수원시권선구,2026-08-10T17:00,icon_seamless_eps,40,1,0,0,0
2026-08-10,수원시권선구,2026-08-10T17:00,ncep_gefs_seamless,31,1,0,0,0
2026-08-10,수원시권선구,2026-08-10T17:00,ecmwf_ifs025_ensemble,51,0.98,0.02,0,0
2026-08-10,수원시권선구,2026-08-10T17:00,gem_global_ensemble,21,0.952,0,0.048,0
2026-08-10,수원시권선구,2026-08-10T18:00,ensemble,143,0.986,0.007,0.007,0
2026-08-10,수원시권선구,2026-08-10T18:00,icon_seamless_eps,40,1,0,0,0
2026-08-10,수원시권선구,2026-08-10T18:00,ncep_gefs_seamless,31,1,0,0,0
2026-08-10,수원시권선구,2026-08-10T18:00,ecmwf_ifs025_ensemble,51,0.98,0.02,0,0
2026-08-10,수원시권선구,2026-08-10T18:00,gem_global_ensemble,21,0.952,0,0.048,0
2026-08-10,수원시권선구,2026-08-10T19:00,ensemble,143,0.993,0.007,0,0
2026-08-10,수원시권선구,2026-08-10T19:00,icon_seamless_eps,40,1,0,0,0
2026-08-10,수원시권선구,2026-08-10T19:00,ncep_gefs_seamless,31,1,0,0,0
2026-08-10,수원시권선구,2026-08-10T19:00,ecmwf_ifs025_ensemble,51,1,0,0,0
2026-08-10,수원시권선구,2026-08-10T19:00,gem_global_ensemble,21,0.952,0.048,0,0
2026-08-10,수원시권선구,2026-08-10T20:00,ensemble,143,0.993,0.007,0,0
2026-08-10,수원시권선구,2026-08-10T20:00,icon_seamless_eps,40,1,0,0,0
2026-08-10,수원시권선구,2026-08-10T20:00,ncep_gefs_seamless,31,1,0,0,0
2026-08-10,수원시권선구,2026-08-10T20:00,ecmwf_ifs025_ensemble,51,1,0,0,0
2026-08-10,수원시권선구,2026-08-10T20:00,gem_global_ensemble,21,0.952,0.048,0,0
2026-08-10,수원시권선구,2026-08-10T21:00,ensemble,143,0.993,0.007,0,0
2026-08-10,수원시권선구,2026-08-10T21:00,icon_seamless_eps,40,1,0,0,0
2026-08-10,수원시권선구,2026-08-10T21:00,ncep_gefs_seamless,31,1,0,0,0
2026-08-10,수원시권선구,2026-08-10T21:00,ecmwf_ifs025_ensemble,51,1,0,0,0
2026-08-10,수원시권선구,2026-08-10T21:00,gem_global_ensemble,21,0.952,0.048,0,0
2026-08-10,수원시권선구,2026-08-10T22:00,ensemble,143,1,0,0,0
2026-08-10,수원시권선구,2026-08-10T22:00,icon_seamless_eps,40,1,0,0,0
2026-08-10,수원시권선구,2026-08-10T22:00,ncep_gefs_seamless,31,1,0,0,0
2026-08-10,수원시권선구,2026-08-10T22:00,ecmwf_ifs025_ensemble,51,1,0,0,0
2026-08-10,수원시권선구,2026-08-10T22:00,gem_global_ensemble,21,1,0,0,0
2026-08-10,수원시권선구,2026-08-10T23:00,ensemble,143,1,0,0,0
2026-08-10,수원시권선구,2026-08-10T23:00,icon_seamless_eps,40,1,0,0,0
2026-08-10,수원시권선구,2026-08-10T23:00,ncep_gefs_seamless,31,1,0,0,0
2026-08-10,수원시권선구,2026-08-10T23:00,ecmwf_ifs025_ensemble,51,1,0,0,0
2026-08-10,수원시권선구,2026-08-10T23:00,gem_global_ensemble,21,1,0,0,0
2026-08-10,수원시권선구,2026-08-11T00:00,ensemble,143,1,0,0,0
2026-08-10,수원시권선구,2026-08-11T00:00,icon_seamless_eps,40,1,0,0,0
2026-08-10,수원시권선구,2026-08-11T00:00,ncep_gefs_seamless,31,1,0,0,0
2026-08-10,수원시권선구,2026-08-11T00:00,ecmwf_ifs025_ensemble,51,1,0,0,0
2026-08-10,수원시권선구,2026-08-11T00:00,gem_global_ensemble,21,1,0,0,0
2026-08-10,수원시권선구,2026-08-11T01:00,ensemble,143,1,0,0,0
2026-08-10,수원시권선구,2026-08-11T01:00,icon_seamless_eps,40,1,0,0,0
2026-08-10,수원시권선구,2026-08-11T01:00,ncep_gefs_seamless,31,1,0,0,0
2026-08-10,수원시권선구,2026-08-11T01:00,ecmwf_ifs025_ensemble,51,1,0,0,0
2026-08-10,수원시권선구,2026-08-11T01:00,gem_global_ensemble,21,1,0,0,0
2026-08-10,수원시권선구,2026-08-11T02:00,ensemble,143,1,0,0,0
2026-08-10,수원시권선구,2026-08-11T02:00,icon_seamless_eps,40,1,0,0,0
2026-08-10,수원시권선구,2026-08-11T02:00,ncep_gefs_seamless,31,1,0,0,0
2026-08-10,수원시권선구,2026-08-11T02:00,ecmwf_ifs025_ensemble,51,1,0,0,0
2026-08-10,수원시권선구,2026-08-11T02:00,gem_global_ensemble,21,1,0,0,0
2026-08-10,수원시권선구,2026-08-11T03:00,ensemble,143,1,0,0,0
2026-08-10,수원시권선구,2026-08-11T03:00,icon_seamless_eps,40,1,0,0,0
2026-08-10,수원시권선구,2026-08-11T03:00,ncep_gefs_seamless,31,1,0,0,0
2026-08-10,수원시권선구,2026-08-11T03:00,ecmwf_ifs025_ensemble,51,1,0,0,0
2026-08-10,수원시권선구,2026-08-11T03:00,gem_global_ensemble,21,1,0,0,0
2026-08-10,수원시권선구,2026-08-11T04:00,ensemble,143,1,0,0,0
2026-08-10,수원시권선구,2026-08-11T04:00,icon_seamless_eps,40,1,0,0,0
2026-08-10,수원시권선구,2026-08-11T04:00,ncep_gefs_seamless,31,1,0,0,0
2026-08-10,수원시권선구,2026-08-11T04:00,ecmwf_ifs025_ensemble,51,1,0,0,0
2026-08-10,수원시권선구,2026-08-11T04:00,gem_global_ensemble,21,1,0,0,0
2026-08-10,수원시권선구,2026-08-11T05:00,ensemble,143,1,0,0,0
2026-08-10,수원시권선구,2026-08-11T05:00,icon_seamless_eps,40,1,0,0,0
2026-08-10,수원시권선구,2026-08-11T05:00,ncep_gefs_seamless,31,1,0,0,0
2026-08-10,수원시권선구,2026-08-11T05:00,ecmwf_ifs025_ensemble,51,1,0,0,0
2026-08-10,수원시권선구,2026-08-11T05:00,gem_global_ensemble,21,1,0,0,0
2026-08-10,수원시권선구,2026-08-11T06:00,ensemble,143,1,0,0,0
2026-08-10,수원시권선구,2026-08-11T06:00,icon_seamless_eps,40,1,0,0,0
2026-08-10,수원시권선구,2026-08-11T06:00,ncep_gefs_seamless,31,1,0,0,0
2026-08-10,수원시권선구,2026-08-11T06:00,ecmwf_ifs025_ensemble,51,1,0,0,0
2026-08-10,수원시권선구,2026-08-11T06:00,gem_global_ensemble,21,1,0,0,0
2026-08-10,수원시권선구,2026-08-11T07:00,ensemble,143,1,0,0,0
2026-08-10,수원시권선구,2026-08-11T07:00,icon_seamless_eps,40,1,0,0,0
2026-08-10,수원시권선구,2026-08-11T07:00,ncep_gefs_seamless,31,1,0,0,0
2026-08-10,수원시권선구,2026-08-11T07:00,ecmwf_ifs025_ensemble,51,1,0,0,0
2026-08-10,수원시권선구,2026-08-11T07:00,gem_global_ensemble,21,1,0,0,0
2026-08-10,수원시권선구,2026-08-11T08:00,ensemble,143,1,0,0,0
2026-08-10,수원시권선구,2026-08-11T08:00,icon_seamless_eps,40,1,0,0,0
2026-08-10,수원시권선구,2026-08-11T08:00,ncep_gefs_seamless,31,1,0,0,0
2026-08-10,수원시권선구,2026-08-11T08:00,ecmwf_ifs025_ensemble,51,1,0,0,0
2026-08-10,수원시권선구,2026-08-11T08:00,gem_global_ensemble,21,1,0,0,0
2026-08-10,수원시권선구,2026-08-11T09:00,ensemble,143,1,0,0,0
2026-08-10,수원시권선구,2026-08-11T09:00,icon_seamless_eps,40,1,0,0,0
2026-08-10,수원시권선구,2026-08-11T09:00,ncep_gefs_seamless,31,1,0,0,0
2026-08-10,수원시권선구,2026-08-11T09:00,ecmwf_ifs025_ensemble,51,1,0,0,0
2026-08-10,수원시권선구,2026-08-11T09:00,gem_global_ensemble,21,1,0,0,0
2026-08-10,수원시권선구,2026-08-11T10:00,ensemble,143,1,0,0,0
2026-08-10,수원시권선구,2026-08-11T10:00,icon_seamless_eps,40,1,0,0,0
2026-08-10,수원시권선구,2026-08-11T10:00,ncep_gefs_seamless,31,1,0,0,0
2026-08-10,수원시권선구,2026-08-11T10:00,ecmwf_ifs025_ensemble,51,1,0,0,0
2026-08-10,수원시권선구,2026-08-11T10:00,gem_global_ensemble,21,1,0,0,0
2026-08-10,수원시권선구,2026-08-11T11:00,ensemble,143,1,0,0,0
2026-08-10,수원시권선구,2026-08-11T11:00,icon_seamless_eps,40,1,0,0,0
2026-08-10,수원시권선구,2026-08-11T11:00,ncep_gefs_seamless,31,1,0,0,0
2026-08-10,수원시권선구,2026-08-11T11:00,ecmwf_ifs025_ensemble,51,1,0,0,0
2026-08-10,수원시권선구,2026-08-11T11:00,gem_global_ensemble,21,1,0,0,0
2026-08-10,수원시권선구,2026-08-11T12:00,ensemble,143,1,0,0,0
2026-08-10,수원시권선구,2026-08-11T12:00,icon_seamless_eps,40,1,0,0,0
2026-08-10,수원시권선구,2026-08-11T12:00,ncep_gefs_seamless,31,1,0,0,0
2026-08-10,수원시권선구,2026-08-11T12:00,ecmwf_ifs025_ensemble,51,1,0,0,0
2026-08-10,수원시권선구,2026-08-11T12:00,gem_global_ensemble,21,1,0,0,0
2026-08-10,수원시권선구,2026-08-11T13:00,ensemble,143,1,0,0,0
2026-08-10,수원시권선구,2026-08-11T13:00,icon_seamless_eps,40,1,0,0,0
2026-08-10,수원시권선구,2026-08-11T13:00,ncep_gefs_seamless,31,1,0,0,0
2026-08-10,수원시권선구,2026-08-11T13:00,ecmwf_ifs025_ensemble,51,1,0,0,0
2026-08-10,수원시권선구,2026-08-11T13:00,gem_global_ensemble,21,1,0,0,0
2026-08-10,수원시권선구,2026-08-11T14:00,ensemble,143,1,0,0,0
2026-08-10,수원시권선구,2026-08-11T14:00,icon_seamless_eps,40,1,0,0,0
2026-08-10,수원시권선구,2026-08-11T14:00,ncep_gefs_seamless,31,1,0,0,0
2026-08-10,수원시권선구,2026-08-11T14:00,ecmwf_ifs025_ensemble,51,1,0,0,0
2026-08-10,수원시권선구,2026-08-11T14:00,gem_global_ensemble,21,1,0,0,0
2026-08-10,수원시권선구,2026-08-11T15:00,ensemble,143,1,0,0,0
2026-08-10,수원시권선구,2026-08-11T15:00,icon_seamless_eps,40,1,0,0,0
2026-08-10,수원시권선구,2026-08-11T15:00,ncep_gefs_seamless,31,1,0,0,0
2026-08-10,수원시권선구,2026-08-11T15:00,ecmwf_ifs025_ensemble,51,1,0,0,0
2026-08-10,수원시권선구,2026-08-11T15:00,gem_global_ensemble,21,1,0,0,0
2026-08-10,수원시권선구,2026-08-11T16:00,ensemble,143,1,0,0,0
2026-08-10,수원시권선구,2026-08-11T16:00,icon_seamless_eps,40,1,0,0,0
2026-08-10,수원시권선구,2026-08-11T16:00,ncep_gefs_seamless,31,1,0,0,0
2026-08-10,수원시권선구,2026-08-11T16:00,ecmwf_ifs025_ensemble,51,1,0,0,0
2026-08-10,수원시권선구,2026-08-11T16:00,gem_global_ensemble,21,1,0,0,0
2026-08-10,수원시권선구,2026-08-11T17:00,ensemble,143,1,0,0,0
2026-08-10,수원시권선구,2026-08-11T17:00,icon_seamless_eps,40,1,0,0,0
2026-08-10,수원시권선구,2026-08-11T17:00,ncep_gefs_seamless,31,1,0,0,0
2026-08-10,수원시권선구,2026-08-11T17:00,ecmwf_ifs025_ensemble,51,1,0,0,0
2026-08-10,수원시권선구,2026-08-11T17:00,gem_global_ensemble,21,1,0,0,0
2026-08-10,수원시권선구,2026-08-11T18:00,ensemble,143,1,0,0,0
2026-08-10,수원시권선구,2026-08-11T18:00,icon_seamless_eps,40,1,0,0,0
2026-08-10,수원시권선구,2026-08-11T18:00,ncep_gefs_seamless,31,1,0,0,0
2026-08-10,수원시권선구,2026-08-11T18:00,ecmwf_ifs025_ensemble,51,1,0,0,0
2026-08-10,수원시권선구,2026-08-11T18:00,gem_global_ensemble,21,1,0,0,0
2026-08-10,수원시권선구,2026-08-11T19:00,ensemble,143,1,0,0,0
2026-08-10,수원시권선구,2026-08-11T19:00,icon_seamless_eps,40,1,0,0,0
2026-08-10,수원시권선구,2026-08-11T19:00,ncep_gefs_seamless,31,1,0,0,0
2026-08-10,수원시권선구,2026-08-11T19:00,ecmwf_ifs025_ensemble,51,1,0,0,0
2026-08-10,수원시권선구,2026-08-11T19:00,gem_global_ensemble,21,1,0,0,0
2026-08-10,수원시권선구,2026-08-11T20:00,ensemble,143,1,0,0,0
2026-08-10,수원시권선구,2026-08-11T20:00,icon_seamless_eps,40,1,0,0,0
2026-08-10,수원시권선구,2026-08-11T20:00,ncep_gefs_seamless,31,1,0,0,0
2026-08-10,수원시권선구,2026-08-11T20:00,ecmwf_ifs025_ensemble,51,1,0,0,0
2026-08-10,수원시권선구,2026-08-11T20:00,gem_global_ensemble,21,1,0,0,0
2026-08-10,수원시권선구,2026-08-11T21:00,ensemble,143,1,0,0,0
2026-08-10,수원시권선구,2026-08-11T21:00,icon_seamless_eps,40,1,0,0,0
2026-08-10,수원시권선구,2026-08-11T21:00,ncep_gefs_seamless,31,1,0,0,0
2026-08-10,수원시권선구,2026-08-11T21:00,ecmwf_ifs025_ensemble,51,1,0,0,0
2026-08-10,수원시권선구,2026-08-11T21:00,gem_global_ensemble,21,1,0,0,0
2026-08-10,수원시권선구,2026-08-11T22:00,ensemble,143,1,0,0,0
2026-08-10,수원시권선구,2026-08-11T22:00,icon_seamless_eps,40,1,0,0,0
2026-08-10,수원시권선구,2026-08-11T22:00,ncep_gefs_seamless,31,1,0,0,0
2026-08-10,수원시권선구,2026-08-11T22:00,ecmwf_ifs025_ensemble,51,1,0,0,0
2026-08-10,수원시권선구,2026-08-11T22:00,gem_global_ensemble,21,1,0,0,0
2026-08-10,수원시권선구,2026-08-11T23:00,ensemble,143,1,0,0,0
2026-08-10,수원시권선구,2026-08-11T23:00,icon_seamless_eps,40,1,0,0,0
2026-08-10,수원시권선구,2026-08-11T23:00,ncep_gefs_seamless,31,1,0,0,0
2026-08-10,수원시권선구,2026-08-11T23:00,ecmwf_ifs025_ensemble,51,1,0,0,0
2026-08-10,수원시권선구,2026-08-11T23:00,gem_global_ensemble,21,1,0,0,0
2026-08-10,성남시수정구,2026-08-10T00:00,ensemble,143,0.993,0.007,0,0
2026-08-10,성남시수정구,2026-08-10T00:00,icon_seamless_eps,40,1,0,0,0
2026-08-10,성남시수정구,2026-08-10T00:00,ncep_gefs_seamless,31,0.968,0.032,0,0
2026-08-10,성남시수정구,2026-08-10T00:00,ecmwf_ifs025_ensemble,51,1,0,0,0
2026-08-10,성남시수정구,2026-08-10T00:00,gem_global_ensemble,21,1,0,0,0
2026-08-10,성남시수정구,2026-08-10T01:00,ensemble,143,1,0,0,0
2026-08-10,성남시수정구,2026-08-10T01:00,icon_seamless_eps,40,1,0,0,0
2026-08-10,성남시수정구,2026-08-10T01:00,ncep_gefs_seamless,31,1,0,0,0
2026-08-10,성남시수정구,2026-08-10T01:00,ecmwf_ifs025_ensemble,51,1,0,0,0
2026-08-10,성남시수정구,2026-08-10T01:00,gem_global_ensemble,21,1,0,0,0
2026-08-10,성남시수정구,2026-08-10T02:00,ensemble,143,1,0,0,0
2026-08-10,성남시수정구,2026-08-10T02:00,icon_seamless_eps,40,1,0,0,0
2026-08-10,성남시수정구,2026-08-10T02:00,ncep_gefs_seamless,31,1,0,0,0
2026-08-10,성남시수정구,2026-08-10T02:00,ecmwf_ifs025_ensemble,51,1,0,0,0
2026-08-10,성남시수정구,2026-08-10T02:00,gem_global_ensemble,21,1,0,0,0
2026-08-10,성남시수정구,2026-08-10T03:00,ensemble,143,1,0,0,0
2026-08-10,성남시수정구,2026-08-10T03:00,icon_seamless_eps,40,1,0,0,0
2026-08-10,성남시수정구,2026-08-10T03:00,ncep_gefs_seamless,31,1,0,0,0
2026-08-10,성남시수정구,2026-08-10T03:00,ecmwf_ifs025_ensemble,51,1,0,0,0
2026-08-10,성남시수정구,2026-08-10T03:00,gem_global_ensemble,21,1,0,0,0
2026-08-10,성남시수정구,2026-08-10T04:00,ensemble,143,1,0,0,0
2026-08-10,성남시수정구,2026-08-10T04:00,icon_seamless_eps,40,1,0,0,0
2026-08-10,성남시수정구,2026-08-10T04:00,ncep_gefs_seamless,31,1,0,0,0
2026-08-10,성남시수정구,2026-08-10T04:00,ecmwf_ifs025_ensemble,51,1,0,0,0
2026-08-10,성남시수정구,2026-08-10T04:00,gem_global_ensemble,21,1,0,0,0
2026-08-10,성남시수정구,2026-08-10T05:00,ensemble,143,1,0,0,0
2026-08-10,성남시수정구,2026-08-10T05:00,icon_seamless_eps,40,1,0,0,0
2026-08-10,성남시수정구,2026-08-10T05:00,ncep_gefs_seamless,31,1,0,0,0
2026-08-10,성남시수정구,2026-08-10T05:00,ecmwf_ifs025_ensemble,51,1,0,0,0
2026-08-10,성남시수정구,2026-08-10T05:00,gem_global_ensemble,21,1,0,0,0
2026-08-10,성남시수정구,2026-08-10T06:00,ensemble,143,1,0,0,0
2026-08-10,성남시수정구,2026-08-10T06:00,icon_seamless_eps,40,1,0,0,0
2026-08-10,성남시수정구,2026-08-10T06:00,ncep_gefs_seamless,31,1,0,0,0
2026-08-10,성남시수정구,2026-08-10T06:00,ecmwf_ifs025_ensemble,51,1,0,0,0
2026-08-10,성남시수정구,2026-08-10T06:00,gem_global_ensemble,21,1,0,0,0
2026-08-10,성남시수정구,2026-08-10T07:00,ensemble,143,1,0,0,0
2026-08-10,성남시수정구,2026-08-10T07:00,icon_seamless_eps,40,1,0,0,0
2026-08-10,성남시수정구,2026-08-10T07:00,ncep_gefs_seamless,31,1,0,0,0
2026-08-10,성남시수정구,2026-08-10T07:00,ecmwf_ifs025_ensemble,51,1,0,0,0
2026-08-10,성남시수정구,2026-08-10T07:00,gem_global_ensemble,21,1,0,0,0
2026-08-10,성남시수정구,2026-08-10T08:00,ensemble,143,1,0,0,0
2026-08-10,성남시수정구,2026-08-10T08:00,icon_seamless_eps,40,1,0,0,0
2026-08-10,성남시수정구,2026-08-10T08:00,ncep_gefs_seamless,31,1,0,0,0
2026-08-10,성남시수정구,2026-08-10T08:00,ecmwf_ifs025_ensemble,51,1,0,0,0
2026-08-10,성남시수정구,2026-08-10T08:00,gem_global_ensemble,21,1,0,0,0
2026-08-10,성남시수정구,2026-08-10T09:00,ensemble,143,1,0,0,0
2026-08-10,성남시수정구,2026-08-10T09:00,icon_seamless_eps,40,1,0,0,0
2026-08-10,성남시수정구,2026-08-10T09:00,ncep_gefs_seamless,31,1,0,0,0
2026-08-10,성남시수정구,2026-08-10T09:00,ecmwf_ifs025_ensemble,51,1,0,0,0
2026-08-10,성남시수정구,2026-08-10T09:00,gem_global_ensemble,21,1,0,0,0
2026-08-10,성남시수정구,2026-08-10T10:00,ensemble,143,1,0,0,0
2026-08-10,성남시수정구,2026-08-10T10:00,icon_seamless_eps,40,1,0,0,0
2026-08-10,성남시수정구,2026-08-10T10:00,ncep_gefs_seamless,31,1,0,0,0
2026-08-10,성남시수정구,2026-08-10T10:00,ecmwf_ifs025_ensemble,51,1,0,0,0
2026-08-10,성남시수정구,2026-08-10T10:00,gem_global_ensemble,21,1,0,0,0
2026-08-10,성남시수정구,2026-08-10T11:00,ensemble,143,1,0,0,0
2026-08-10,성남시수정구,2026-08-10T11:00,icon_seamless_eps,40,1,0,0,0
2026-08-10,성남시수정구,2026-08-10T11:00,ncep_gefs_seamless,31,1,0,0,0
2026-08-10,성남시수정구,2026-08-10T11:00,ecmwf_ifs025_ensemble,51,1,0,0,0
2026-08-10,성남시수정구,2026-08-10T11:00,gem_global_ensemble,21,1,0,0,0
2026-08-10,성남시수정구,2026-08-10T12:00,ensemble,143,1,0,0,0
2026-08-10,성남시수정구,2026-08-10T12:00,icon_seamless_eps,40,1,0,0,0
2026-08-10,성남시수정구,2026-08-10T12:00,ncep_gefs_seamless,31,1,0,0,0
2026-08-10,성남시수정구,2026-08-10T12:00,ecmwf_ifs025_ensemble,51,1,0,0,0
2026-08-10,성남시수정구,2026-08-10T12:00,gem_global_ensemble,21,1,0,0,0
2026-08-10,성남시수정구,2026-08-10T13:00,ensemble,143,0.979,0.021,0,0
2026-08-10,성남시수정구,2026-08-10T13:00,icon_seamless_eps,40,1,0,0,0
2026-08-10,성남시수정구,2026-08-10T13:00,ncep_gefs_seamless,31,1,0,0,0
2026-08-10,성남시수정구,2026-08-10T13:00,ecmwf_ifs025_ensemble,51,0.961,0.039,0,0
2026-08-10,성남시수정구,2026-08-10T13:00,gem_global_ensemble,21,0.952,0.048,0,0
2026-08-10,성남시수정구,2026-08-10T14:00,ensemble,143,0.979,0.021,0,0
2026-08-10,성남시수정구,2026-08-10T14:00,icon_seamless_eps,40,1,0,0,0
2026-08-10,성남시수정구,2026-08-10T14:00,ncep_gefs_seamless,31,1,0,0,0
2026-08-10,성남시수정구,2026-08-10T14:00,ecmwf_ifs025_ensemble,51,0.961,0.039,0,0
2026-08-10,성남시수정구,2026-08-10T14:00,gem_global_ensemble,21,0.952,0.048,0,0
2026-08-10,성남시수정구,2026-08-10T15:00,ensemble,143,0.979,0.021,0,0
2026-08-10,성남시수정구,2026-08-10T15:00,icon_seamless_eps,40,1,0,0,0
2026-08-10,성남시수정구,2026-08-10T15:00,ncep_gefs_seamless,31,1,0,0,0
2026-08-10,성남시수정구,2026-08-10T15:00,ecmwf_ifs025_ensemble,51,0.961,0.039,0,0
2026-08-10,성남시수정구,2026-08-10T15:00,gem_global_ensemble,21,0.952,0.048,0,0
2026-08-10,성남시수정구,2026-08-10T16:00,ensemble,143,0.965,0.028,0.007,0
2026-08-10,성남시수정구,2026-08-10T16:00,icon_seamless_eps,40,1,0,0,0
2026-08-10,성남시수정구,2026-08-10T16:00,ncep_gefs_seamless,31,1,0,0,0
2026-08-10,성남시수정구,2026-08-10T16:00,ecmwf_ifs025_ensemble,51,0.922,0.078,0,0
2026-08-10,성남시수정구,2026-08-10T16:00,gem_global_ensemble,21,0.952,0,0.048,0
2026-08-10,성남시수정구,2026-08-10T17:00,ensemble,143,0.965,0.028,0.007,0
2026-08-10,성남시수정구,2026-08-10T17:00,icon_seamless_eps,40,1,0,0,0
2026-08-10,성남시수정구,2026-08-10T17:00,ncep_gefs_seamless,31,1,0,0,0
2026-08-10,성남시수정구,2026-08-10T17:00,ecmwf_ifs025_ensemble,51,0.922,0.078,0,0
2026-08-10,성남시수정구,2026-08-10T17:00,gem_global_ensemble,21,0.952,0,0.048,0
2026-08-10,성남시수정구,2026-08-10T18:00,ensemble,143,0.965,0.028,0.007,0
2026-08-10,성남시수정구,2026-08-10T18:00,icon_seamless_eps,40,1,0,0,0
2026-08-10,성남시수정구,2026-08-10T18:00,ncep_gefs_seamless,31,1,0,0,0
2026-08-10,성남시수정구,2026-08-10T18:00,ecmwf_ifs025_ensemble,51,0.922,0.078,0,0
2026-08-10,성남시수정구,2026-08-10T18:00,gem_global_ensemble,21,0.952,0,0.048,0
2026-08-10,성남시수정구,2026-08-10T19:00,ensemble,143,0.993,0.007,0,0
2026-08-10,성남시수정구,2026-08-10T19:00,icon_seamless_eps,40,1,0,0,0
2026-08-10,성남시수정구,2026-08-10T19:00,ncep_gefs_seamless,31,1,0,0,0
2026-08-10,성남시수정구,2026-08-10T19:00,ecmwf_ifs025_ensemble,51,1,0,0,0
2026-08-10,성남시수정구,2026-08-10T19:00,gem_global_ensemble,21,0.952,0.048,0,0
2026-08-10,성남시수정구,2026-08-10T20:00,ensemble,143,0.993,0.007,0,0
2026-08-10,성남시수정구,2026-08-10T20:00,icon_seamless_eps,40,1,0,0,0
2026-08-10,성남시수정구,2026-08-10T20:00,ncep_gefs_seamless,31,1,0,0,0
2026-08-10,성남시수정구,2026-08-10T20:00,ecmwf_ifs025_ensemble,51,1,0,0,0
2026-08-10,성남시수정구,2026-08-10T20:00,gem_global_ensemble,21,0.952,0.048,0,0
2026-08-10,성남시수정구,2026-08-10T21:00,ensemble,143,0.993,0.007,0,0
2026-08-10,성남시수정구,2026-08-10T21:00,icon_seamless_eps,40,1,0,0,0
2026-08-10,성남시수정구,2026-08-10T21:00,ncep_gefs_seamless,31,1,0,0,0
2026-08-10,성남시수정구,2026-08-10T21:00,ecmwf_ifs025_ensemble,51,1,0,0,0
2026-08-10,성남시수정구,2026-08-10T21:00,gem_global_ensemble,21,0.952,0.048,0,0
2026-08-10,성남시수정구,2026-08-10T22:00,ensemble,143,1,0,0,0
2026-08-10,성남시수정구,2026-08-10T22:00,icon_seamless_eps,40,1,0,0,0
2026-08-10,성남시수정구,2026-08-10T22:00,ncep_gefs_seamless,31,1,0,0,0
2026-08-10,성남시수정구,2026-08-10T22:00,ecmwf_ifs025_ensemble,51,1,0,0,0
2026-08-10,성남시수정구,2026-08-10T22:00,gem_global_ensemble,21,1,0,0,0
2026-08-10,성남시수정구,2026-08-10T23:00,ensemble,143,1,0,0,0
2026-08-10,성남시수정구,2026-08-10T23:00,icon_seamless_eps,40,1,0,0,0
2026-08-10,성남시수정구,2026-08-10T23:00,ncep_gefs_seamless,31,1,0,0,0
2026-08-10,성남시수정구,2026-08-10T23:00,ecmwf_ifs025_ensemble,51,1,0,0,0
2026-08-10,성남시수정구,2026-08-10T23:00,gem_global_ensemble,21,1,0,0,0
2026-08-10,성남시수정구,2026-08-11T00:00,ensemble,143,1,0,0,0
2026-08-10,성남시수정구,2026-08-11T00:00,icon_seamless_eps,40,1,0,0,0
2026-08-10,성남시수정구,2026-08-11T00:00,ncep_gefs_seamless,31,1,0,0,0
2026-08-10,성남시수정구,2026-08-11T00:00,ecmwf_ifs025_ensemble,51,1,0,0,0
2026-08-10,성남시수정구,2026-08-11T00:00,gem_global_ensemble,21,1,0,0,0
2026-08-10,성남시수정구,2026-08-11T01:00,ensemble,143,1,0,0,0
2026-08-10,성남시수정구,2026-08-11T01:00,icon_seamless_eps,40,1,0,0,0
2026-08-10,성남시수정구,2026-08-11T01:00,ncep_gefs_seamless,31,1,0,0,0
2026-08-10,성남시수정구,2026-08-11T01:00,ecmwf_ifs025_ensemble,51,1,0,0,0
2026-08-10,성남시수정구,2026-08-11T01:00,gem_global_ensemble,21,1,0,0,0
2026-08-10,성남시수정구,2026-08-11T02:00,ensemble,143,1,0,0,0
2026-08-10,성남시수정구,2026-08-11T02:00,icon_seamless_eps,40,1,0,0,0
2026-08-10,성남시수정구,2026-08-11T02:00,ncep_gefs_seamless,31,1,0,0,0
2026-08-10,성남시수정구,2026-08-11T02:00,ecmwf_ifs025_ensemble,51,1,0,0,0
2026-08-10,성남시수정구,2026-08-11T02:00,gem_global_ensemble,21,1,0,0,0
2026-08-10,성남시수정구,2026-08-11T03:00,ensemble,143,1,0,0,0
2026-08-10,성남시수정구,2026-08-11T03:00,icon_seamless_eps,40,1,0,0,0
2026-08-10,성남시수정구,2026-08-11T03:00,ncep_gefs_seamless,31,1,0,0,0
2026-08-10,성남시수정구,2026-08-11T03:00,ecmwf_ifs025_ensemble,51,1,0,0,0
2026-08-10,성남시수정구,2026-08-11T03:00,gem_global_ensemble,21,1,0,0,0
2026-08-10,성남시수정구,2026-08-11T04:00,ensemble,143,1,0,0,0
2026-08-10,성남시수정구,2026-08-11T04:00,icon_seamless_eps,40,1,0,0,0
2026-08-10,성남시수정구,2026-08-11T04:00,ncep_gefs_seamless,31,1,0,0,0
2026-08-10,성남시수정구,2026-08-11T04:00,ecmwf_ifs025_ensemble,51,1,0,0,0
2026-08-10,성남시수정구,2026-08-11T04:00,gem_global_ensemble,21,1,0,0,0
2026-08-10,성남시수정구,2026-08-11T05:00,ensemble,143,1,0,0,0
2026-08-10,성남시수정구,2026-08-11T05:00,icon_seamless_eps,40,1,0,0,0
2026-08-10,성남시수정구,2026-08-11T05:00,ncep_gefs_seamless,31,1,0,0,0
2026-08-10,성남시수정구,2026-08-11T05:00,ecmwf_ifs025_ensemble,51,1,0,0,0
2026-08-10,성남시수정구,2026-08-11T05:00,gem_global_ensemble,21,1,0,0,0
2026-08-10,성남시수정구,2026-08-11T06:00,ensemble,143,1,0,0,0
2026-08-10,성남시수정구,2026-08-11T06:00,icon_seamless_eps,40,1,0,0,0
2026-08-10,성남시수정구,2026-08-11T06:00,ncep_gefs_seamless,31,1,0,0,0
2026-08-10,성남시수정구,2026-08-11T06:00,ecmwf_ifs025_ensemble,51,1,0,0,0
2026-08-10,성남시수정구,2026-08-11T06:00,gem_global_ensemble,21,1,0,0,0
2026-08-10,성남시수정구,2026-08-11T07:00,ensemble,143,1,0,0,0
2026-08-10,성남시수정구,2026-08-11T07:00,icon_seamless_eps,40,1,0,0,0
2026-08-10,성남시수정구,2026-08-11T07:00,ncep_gefs_seamless,31,1,0,0,0
2026-08-10,성남시수정구,2026-08-11T07:00,ecmwf_ifs025_ensemble,51,1,0,0,0
2026-08-10,성남시수정구,2026-08-11T07:00,gem_global_ensemble,21,1,0,0,0
2026-08-10,성남시수정구,2026-08-11T08:00,ensemble,143,1,0,0,0
2026-08-10,성남시수정구,2026-08-11T08:00,icon_seamless_eps,40,1,0,0,0
2026-08-10,성남시수정구,2026-08-11T08:00,ncep_gefs_seamless,31,1,0,0,0
2026-08-10,성남시수정구,2026-08-11T08:00,ecmwf_ifs025_ensemble,51,1,0,0,0
2026-08-10,성남시수정구,2026-08-11T08:00,gem_global_ensemble,21,1,0,0,0
2026-08-10,성남시수정구,2026-08-11T09:00,ensemble,143,1,0,0,0
2026-08-10,성남시수정구,2026-08-11T09:00,icon_seamless_eps,40,1,0,0,0
2026-08-10,성남시수정구,2026-08-11T09:00,ncep_gefs_seamless,31,1,0,0,0
2026-08-10,성남시수정구,2026-08-11T09:00,ecmwf_ifs025_ensemble,51,1,0,0,0
2026-08-10,성남시수정구,2026-08-11T09:00,gem_global_ensemble,21,1,0,0,0
2026-08-10,성남시수정구,2026-08-11T10:00,ensemble,143,1,0,0,0
2026-08-10,성남시수정구,2026-08-11T10:00,icon_seamless_eps,40,1,0,0,0
2026-08-10,성남시수정구,2026-08-11T10:00,ncep_gefs_seamless,31,1,0,0,0
2026-08-10,성남시수정구,2026-08-11T10:00,ecmwf_ifs025_ensemble,51,1,0,0,0
2026-08-10,성남시수정구,2026-08-11T10:00,gem_global_ensemble,21,1,0,0,0
2026-08-10,성남시수정구,2026-08-11T11:00,ensemble,143,1,0,0,0
2026-08-10,성남시수정구,2026-08-11T11:00,icon_seamless_eps,40,1,0,0,0
2026-08-10,성남시수정구,2026-08-11T11:00,ncep_gefs_seamless,31,1,0,0,0
2026-08-10,성남시수정구,2026-08-11T11:00,ecmwf_ifs025_ensemble,51,1,0,0,0
2026-08-10,성남시수정구,2026-08-11T11:00,gem_global_ensemble,21,1,0,0,0
2026-08-10,성남시수정구,2026-08-11T12:00,ensemble,143,1,0,0,0
2026-08-10,성남시수정구,2026-08-11T12:00,icon_seamless_eps,40,1,0,0,0
2026-08-10,성남시수정구,2026-08-11T12:00,ncep_gefs_seamless,31,1,0,0,0
2026-08-10,성남시수정구,2026-08-11T12:00,ecmwf_ifs025_ensemble,51,1,0,0,0
2026-08-10,성남시수정구,2026-08-11T12:00,gem_global_ensemble,21,1,0,0,0
2026-08-10,성남시수정구,2026-08-11T13:00,ensemble,143,1,0,0,0
2026-08-10,성남시수정구,2026-08-11T13:00,icon_seamless_eps,40,1,0,0,0
2026-08-10,성남시수정구,2026-08-11T13:00,ncep_gefs_seamless,31,1,0,0,0
2026-08-10,성남시수정구,2026-08-11T13:00,ecmwf_ifs025_ensemble,51,1,0,0,0
2026-08-10,성남시수정구,2026-08-11T13:00,gem_global_ensemble,21,1,0,0,0
2026-08-10,성남시수정구,2026-08-11T14:00,ensemble,143,1,0,0,0
2026-08-10,성남시수정구,2026-08-11T14:00,icon_seamless_eps,40,1,0,0,0
2026-08-10,성남시수정구,2026-08-11T14:00,ncep_gefs_seamless,31,1,0,0,0
2026-08-10,성남시수정구,2026-08-11T14:00,ecmwf_ifs025_ensemble,51,1,0,0,0
2026-08-10,성남시수정구,2026-08-11T14:00,gem_global_ensemble,21,1,0,0,0
2026-08-10,성남시수정구,2026-08-11T15:00,ensemble,143,1,0,0,0
2026-08-10,성남시수정구,2026-08-11T15:00,icon_seamless_eps,40,1,0,0,0
2026-08-10,성남시수정구,2026-08-11T15:00,ncep_gefs_seamless,31,1,0,0,0
2026-08-10,성남시수정구,2026-08-11T15:00,ecmwf_ifs025_ensemble,51,1,0,0,0
2026-08-10,성남시수정구,2026-08-11T15:00,gem_global_ensemble,21,1,0,0,0
2026-08-10,성남시수정구,2026-08-11T16:00,ensemble,143,1,0,0,0
2026-08-10,성남시수정구,2026-08-11T16:00,icon_seamless_eps,40,1,0,0,0
2026-08-10,성남시수정구,2026-08-11T16:00,ncep_gefs_seamless,31,1,0,0,0
2026-08-10,성남시수정구,2026-08-11T16:00,ecmwf_ifs025_ensemble,51,1,0,0,0
2026-08-10,성남시수정구,2026-08-11T16:00,gem_global_ensemble,21,1,0,0,0
2026-08-10,성남시수정구,2026-08-11T17:00,ensemble,143,1,0,0,0
2026-08-10,성남시수정구,2026-08-11T17:00,icon_seamless_eps,40,1,0,0,0
2026-08-10,성남시수정구,2026-08-11T17:00,ncep_gefs_seamless,31,1,0,0,0
2026-08-10,성남시수정구,2026-08-11T17:00,ecmwf_ifs025_ensemble,51,1,0,0,0
2026-08-10,성남시수정구,2026-08-11T17:00,gem_global_ensemble,21,1,0,0,0
2026-08-10,성남시수정구,2026-08-11T18:00,ensemble,143,1,0,0,0
2026-08-10,성남시수정구,2026-08-11T18:00,icon_seamless_eps,40,1,0,0,0
2026-08-10,성남시수정구,2026-08-11T18:00,ncep_gefs_seamless,31,1,0,0,0
2026-08-10,성남시수정구,2026-08-11T18:00,ecmwf_ifs025_ensemble,51,1,0,0,0
2026-08-10,성남시수정구,2026-08-11T18:00,gem_global_ensemble,21,1,0,0,0
2026-08-10,성남시수정구,2026-08-11T19:00,ensemble,143,1,0,0,0
2026-08-10,성남시수정구,2026-08-11T19:00,icon_seamless_eps,40,1,0,0,0
2026-08-10,성남시수정구,2026-08-11T19:00,ncep_gefs_seamless,31,1,0,0,0
2026-08-10,성남시수정구,2026-08-11T19:00,ecmwf_ifs025_ensemble,51,1,0,0,0
2026-08-10,성남시수정구,2026-08-11T19:00,gem_global_ensemble,21,1,0,0,0
2026-08-10,성남시수정구,2026-08-11T20:00,ensemble,143,1,0,0,0
2026-08-10,성남시수정구,2026-08-11T20:00,icon_seamless_eps,40,1,0,0,0
2026-08-10,성남시수정구,2026-08-11T20:00,ncep_gefs_seamless,31,1,0,0,0
2026-08-10,성남시수정구,2026-08-11T20:00,ecmwf_ifs025_ensemble,51,1,0,0,0
2026-08-10,성남시수정구,2026-08-11T20:00,gem_global_ensemble,21,1,0,0,0
2026-08-10,성남시수정구,2026-08-11T21:00,ensemble,143,1,0,0,0
2026-08-10,성남시수정구,2026-08-11T21:00,icon_seamless_eps,40,1,0,0,0
2026-08-10,성남시수정구,2026-08-11T21:00,ncep_gefs_seamless,31,1,0,0,0
2026-08-10,성남시수정구,2026-08-11T21:00,ecmwf_ifs025_ensemble,51,1,0,0,0
2026-08-10,성남시수정구,2026-08-11T21:00,gem_global_ensemble,21,1,0,0,0
2026-08-10,성남시수정구,2026-08-11T22:00,ensemble,143,1,0,0,0
2026-08-10,성남시수정구,2026-08-11T22:00,icon_seamless_eps,40,1,0,0,0
2026-08-10,성남시수정구,2026-08-11T22:00,ncep_gefs_seamless,31,1,0,0,0
2026-08-10,성남시수정구,2026-08-11T22:00,ecmwf_ifs025_ensemble,51,1,0,0,0
2026-08-10,성남시수정구,2026-08-11T22:00,gem_global_ensemble,21,1,0,0,0
2026-08-10,성남시수정구,2026-08-11T23:00,ensemble,143,1,0,0,0
2026-08-10,성남시수정구,2026-08-11T23:00,icon_seamless_eps,40,1,0,0,0
2026-08-10,성남시수정구,2026-08-11T23:00,ncep_gefs_seamless,31,1,0,0,0
2026-08-10,성남시수정구,2026-08-11T23:00,ecmwf_ifs025_ensemble,51,1,0,0,0
2026-08-10,성남시수정구,2026-08-11T23:00,gem_global_ensemble,21,1,0,0,0
2026-08-11,수원시권선구,2026-08-11T00:00,ensemble,143,1,0,0,0
2026-08-11,수원시권선구,2026-08-11T00:00,icon_seamless_eps,40,1,0,0,0
2026-08-11,수원시권선구,2026-08-11T00:00,ncep_gefs_seamless,31,1,0,0,0
2026-08-11,수원시권선구,2026-08-11T00:00,ecmwf_ifs025_ensemble,51,1,0,0,0
2026-08-11,수원시권선구,2026-08-11T00:00,gem_global_ensemble,21,1,0,0,0
2026-08-11,수원시권선구,2026-08-11T01:00,ensemble,143,1,0,0,0
2026-08-11,수원시권선구,2026-08-11T01:00,icon_seamless_eps,40,1,0,0,0
2026-08-11,수원시권선구,2026-08-11T01:00,ncep_gefs_seamless,31,1,0,0,0
2026-08-11,수원시권선구,2026-08-11T01:00,ecmwf_ifs025_ensemble,51,1,0,0,0
2026-08-11,수원시권선구,2026-08-11T01:00,gem_global_ensemble,21,1,0,0,0
2026-08-11,수원시권선구,2026-08-11T02:00,ensemble,143,1,0,0,0
2026-08-11,수원시권선구,2026-08-11T02:00,icon_seamless_eps,40,1,0,0,0
2026-08-11,수원시권선구,2026-08-11T02:00,ncep_gefs_seamless,31,1,0,0,0
2026-08-11,수원시권선구,2026-08-11T02:00,ecmwf_ifs025_ensemble,51,1,0,0,0
2026-08-11,수원시권선구,2026-08-11T02:00,gem_global_ensemble,21,1,0,0,0
2026-08-11,수원시권선구,2026-08-11T03:00,ensemble,143,1,0,0,0
2026-08-11,수원시권선구,2026-08-11T03:00,icon_seamless_eps,40,1,0,0,0
2026-08-11,수원시권선구,2026-08-11T03:00,ncep_gefs_seamless,31,1,0,0,0
2026-08-11,수원시권선구,2026-08-11T03:00,ecmwf_ifs025_ensemble,51,1,0,0,0
2026-08-11,수원시권선구,2026-08-11T03:00,gem_global_ensemble,21,1,0,0,0
2026-08-11,수원시권선구,2026-08-11T04:00,ensemble,143,1,0,0,0
2026-08-11,수원시권선구,2026-08-11T04:00,icon_seamless_eps,40,1,0,0,0
2026-08-11,수원시권선구,2026-08-11T04:00,ncep_gefs_seamless,31,1,0,0,0
2026-08-11,수원시권선구,2026-08-11T04:00,ecmwf_ifs025_ensemble,51,1,0,0,0
2026-08-11,수원시권선구,2026-08-11T04:00,gem_global_ensemble,21,1,0,0,0
2026-08-11,수원시권선구,2026-08-11T05:00,ensemble,143,1,0,0,0
2026-08-11,수원시권선구,2026-08-11T05:00,icon_seamless_eps,40,1,0,0,0
2026-08-11,수원시권선구,2026-08-11T05:00,ncep_gefs_seamless,31,1,0,0,0
2026-08-11,수원시권선구,2026-08-11T05:00,ecmwf_ifs025_ensemble,51,1,0,0,0
2026-08-11,수원시권선구,2026-08-11T05:00,gem_global_ensemble,21,1,0,0,0
2026-08-11,수원시권선구,2026-08-11T06:00,ensemble,143,1,0,0,0
2026-08-11,수원시권선구,2026-08-11T06:00,icon_seamless_eps,40,1,0,0,0
2026-08-11,수원시권선구,2026-08-11T06:00,ncep_gefs_seamless,31,1,0,0,0
2026-08-11,수원시권선구,2026-08-11T06:00,ecmwf_ifs025_ensemble,51,1,0,0,0
2026-08-11,수원시권선구,2026-08-11T06:00,gem_global_ensemble,21,1,0,0,0
2026-08-11,수원시권선구,2026-08-11T07:00,ensemble,143,1,0,0,0
2026-08-11,수원시권선구,2026-08-11T07:00,icon_seamless_eps,40,1,0,0,0
2026-08-11,수원시권선구,2026-08-11T07:00,ncep_gefs_seamless,31,1,0,0,0
2026-08-11,수원시권선구,2026-08-11T07:00,ecmwf_ifs025_ensemble,51,1,0,0,0
2026-08-11,수원시권선구,2026-08-11T07:00,gem_global_ensemble,21,1,0,0,0
2026-08-11,수원시권선구,2026-08-11T08:00,ensemble,143,1,0,0,0
2026-08-11,수원시권선구,2026-08-11T08:00,icon_seamless_eps,40,1,0,0,0
2026-08-11,수원시권선구,2026-08-11T08:00,ncep_gefs_seamless,31,1,0,0,0
2026-08-11,수원시권선구,2026-08-11T08:00,ecmwf_ifs025_ensemble,51,1,0,0,0
2026-08-11,수원시권선구,2026-08-11T08:00,gem_global_ensemble,21,1,0,0,0
2026-08-11,수원시권선구,2026-08-11T09:00,ensemble,143,1,0,0,0
2026-08-11,수원시권선구,2026-08-11T09:00,icon_seamless_eps,40,1,0,0,0
2026-08-11,수원시권선구,2026-08-11T09:00,ncep_gefs_seamless,31,1,0,0,0
2026-08-11,수원시권선구,2026-08-11T09:00,ecmwf_ifs025_ensemble,51,1,0,0,0
2026-08-11,수원시권선구,2026-08-11T09:00,gem_global_ensemble,21,1,0,0,0
2026-08-11,수원시권선구,2026-08-11T10:00,ensemble,143,1,0,0,0
2026-08-11,수원시권선구,2026-08-11T10:00,icon_seamless_eps,40,1,0,0,0
2026-08-11,수원시권선구,2026-08-11T10:00,ncep_gefs_seamless,31,1,0,0,0
2026-08-11,수원시권선구,2026-08-11T10:00,ecmwf_ifs025_ensemble,51,1,0,0,0
2026-08-11,수원시권선구,2026-08-11T10:00,gem_global_ensemble,21,1,0,0,0
2026-08-11,수원시권선구,2026-08-11T11:00,ensemble,143,1,0,0,0
2026-08-11,수원시권선구,2026-08-11T11:00,icon_seamless_eps,40,1,0,0,0
2026-08-11,수원시권선구,2026-08-11T11:00,ncep_gefs_seamless,31,1,0,0,0
2026-08-11,수원시권선구,2026-08-11T11:00,ecmwf_ifs025_ensemble,51,1,0,0,0
2026-08-11,수원시권선구,2026-08-11T11:00,gem_global_ensemble,21,1,0,0,0
2026-08-11,수원시권선구,2026-08-11T12:00,ensemble,143,1,0,0,0
2026-08-11,수원시권선구,2026-08-11T12:00,icon_seamless_eps,40,1,0,0,0
2026-08-11,수원시권선구,2026-08-11T12:00,ncep_gefs_seamless,31,1,0,0,0
2026-08-11,수원시권선구,2026-08-11T12:00,ecmwf_ifs025_ensemble,51,1,0,0,0
2026-08-11,수원시권선구,2026-08-11T12:00,gem_global_ensemble,21,1,0,0,0
2026-08-11,수원시권선구,2026-08-11T13:00,ensemble,143,1,0,0,0
2026-08-11,수원시권선구,2026-08-11T13:00,icon_seamless_eps,40,1,0,0,0
2026-08-11,수원시권선구,2026-08-11T13:00,ncep_gefs_seamless,31,1,0,0,0
2026-08-11,수원시권선구,2026-08-11T13:00,ecmwf_ifs025_ensemble,51,1,0,0,0
2026-08-11,수원시권선구,2026-08-11T13:00,gem_global_ensemble,21,1,0,0,0
2026-08-11,수원시권선구,2026-08-11T14:00,ensemble,143,1,0,0,0
2026-08-11,수원시권선구,2026-08-11T14:00,icon_seamless_eps,40,1,0,0,0
2026-08-11,수원시권선구,2026-08-11T14:00,ncep_gefs_seamless,31,1,0,0,0
2026-08-11,수원시권선구,2026-08-11T14:00,ecmwf_ifs025_ensemble,51,1,0,0,0
2026-08-11,수원시권선구,2026-08-11T14:00,gem_global_ensemble,21,1,0,0,0
2026-08-11,수원시권선구,2026-08-11T15:00,ensemble,143,1,0,0,0
2026-08-11,수원시권선구,2026-08-11T15:00,icon_seamless_eps,40,1,0,0,0
2026-08-11,수원시권선구,2026-08-11T15:00,ncep_gefs_seamless,31,1,0,0,0
2026-08-11,수원시권선구,2026-08-11T15:00,ecmwf_ifs025_ensemble,51,1,0,0,0
2026-08-11,수원시권선구,2026-08-11T15:00,gem_global_ensemble,21,1,0,0,0
2026-08-11,수원시권선구,2026-08-11T16:00,ensemble,143,1,0,0,0
2026-08-11,수원시권선구,2026-08-11T16:00,icon_seamless_eps,40,1,0,0,0
2026-08-11,수원시권선구,2026-08-11T16:00,ncep_gefs_seamless,31,1,0,0,0
2026-08-11,수원시권선구,2026-08-11T16:00,ecmwf_ifs025_ensemble,51,1,0,0,0
2026-08-11,수원시권선구,2026-08-11T16:00,gem_global_ensemble,21,1,0,0,0
2026-08-11,수원시권선구,2026-08-11T17:00,ensemble,143,1,0,0,0
2026-08-11,수원시권선구,2026-08-11T17:00,icon_seamless_eps,40,1,0,0,0
2026-08-11,수원시권선구,2026-08-11T17:00,ncep_gefs_seamless,31,1,0,0,0
2026-08-11,수원시권선구,2026-08-11T17:00,ecmwf_ifs025_ensemble,51,1,0,0,0
2026-08-11,수원시권선구,2026-08-11T17:00,gem_global_ensemble,21,1,0,0,0
2026-08-11,수원시권선구,2026-08-11T18:00,ensemble,143,1,0,0,0
2026-08-11,수원시권선구,2026-08-11T18:00,icon_seamless_eps,40,1,0,0,0
2026-08-11,수원시권선구,2026-08-11T18:00,ncep_gefs_seamless,31,1,0,0,0
2026-08-11,수원시권선구,2026-08-11T18:00,ecmwf_ifs025_ensemble,51,1,0,0,0
2026-08-11,수원시권선구,2026-08-11T18:00,gem_global_ensemble,21,1,0,0,0
2026-08-11,수원시권선구,2026-08-11T19:00,ensemble,143,1,0,0,0
2026-08-11,수원시권선구,2026-08-11T19:00,icon_seamless_eps,40,1,0,0,0
2026-08-11,수원시권선구,2026-08-11T19:00,ncep_gefs_seamless,31,1,0,0,0
2026-08-11,수원시권선구,2026-08-11T19:00,ecmwf_ifs025_ensemble,51,1,0,0,0
2026-08-11,수원시권선구,2026-08-11T19:00,gem_global_ensemble,21,1,0,0,0
2026-08-11,수원시권선구,2026-08-11T20:00,ensemble,143,1,0,0,0
2026-08-11,수원시권선구,2026-08-11T20:00,icon_seamless_eps,40,1,0,0,0
2026-08-11,수원시권선구,2026-08-11T20:00,ncep_gefs_seamless,31,1,0,0,0
2026-08-11,수원시권선구,2026-08-11T20:00,ecmwf_ifs025_ensemble,51,1,0,0,0
2026-08-11,수원시권선구,2026-08-11T20:00,gem_global_ensemble,21,1,0,0,0
2026-08-11,수원시권선구,2026-08-11T21:00,ensemble,143,1,0,0,0
2026-08-11,수원시권선구,2026-08-11T21:00,icon_seamless_eps,40,1,0,0,0
2026-08-11,수원시권선구,2026-08-11T21:00,ncep_gefs_seamless,31,1,0,0,0
2026-08-11,수원시권선구,2026-08-11T21:00,ecmwf_ifs025_ensemble,51,1,0,0,0
2026-08-11,수원시권선구,2026-08-11T21:00,gem_global_ensemble,21,1,0,0,0
2026-08-11,수원시권선구,2026-08-11T22:00,ensemble,143,1,0,0,0
2026-08-11,수원시권선구,2026-08-11T22:00,icon_seamless_eps,40,1,0,0,0
2026-08-11,수원시권선구,2026-08-11T22:00,ncep_gefs_seamless,31,1,0,0,0
2026-08-11,수원시권선구,2026-08-11T22:00,ecmwf_ifs025_ensemble,51,1,0,0,0
2026-08-11,수원시권선구,2026-08-11T22:00,gem_global_ensemble,21,1,0,0,0
2026-08-11,수원시권선구,2026-08-11T23:00,ensemble,143,1,0,0,0
2026-08-11,수원시권선구,2026-08-11T23:00,icon_seamless_eps,40,1,0,0,0
2026-08-11,수원시권선구,2026-08-11T23:00,ncep_gefs_seamless,31,1,0,0,0
2026-08-11,수원시권선구,2026-08-11T23:00,ecmwf_ifs025_ensemble,51,1,0,0,0
2026-08-11,수원시권선구,2026-08-11T23:00,gem_global_ensemble,21,1,0,0,0
2026-08-11,수원시권선구,2026-08-12T00:00,ensemble,143,1,0,0,0
2026-08-11,수원시권선구,2026-08-12T00:00,icon_seamless_eps,40,1,0,0,0
2026-08-11,수원시권선구,2026-08-12T00:00,ncep_gefs_seamless,31,1,0,0,0
2026-08-11,수원시권선구,2026-08-12T00:00,ecmwf_ifs025_ensemble,51,1,0,0,0
2026-08-11,수원시권선구,2026-08-12T00:00,gem_global_ensemble,21,1,0,0,0
2026-08-11,수원시권선구,2026-08-12T01:00,ensemble,143,1,0,0,0
2026-08-11,수원시권선구,2026-08-12T01:00,icon_seamless_eps,40,1,0,0,0
2026-08-11,수원시권선구,2026-08-12T01:00,ncep_gefs_seamless,31,1,0,0,0
2026-08-11,수원시권선구,2026-08-12T01:00,ecmwf_ifs025_ensemble,51,1,0,0,0
2026-08-11,수원시권선구,2026-08-12T01:00,gem_global_ensemble,21,1,0,0,0
2026-08-11,수원시권선구,2026-08-12T02:00,ensemble,143,1,0,0,0
2026-08-11,수원시권선구,2026-08-12T02:00,icon_seamless_eps,40,1,0,0,0
2026-08-11,수원시권선구,2026-08-12T02:00,ncep_gefs_seamless,31,1,0,0,0
2026-08-11,수원시권선구,2026-08-12T02:00,ecmwf_ifs025_ensemble,51,1,0,0,0
2026-08-11,수원시권선구,2026-08-12T02:00,gem_global_ensemble,21,1,0,0,0
2026-08-11,수원시권선구,2026-08-12T03:00,ensemble,143,1,0,0,0
2026-08-11,수원시권선구,2026-08-12T03:00,icon_seamless_eps,40,1,0,0,0
2026-08-11,수원시권선구,2026-08-12T03:00,ncep_gefs_seamless,31,1,0,0,0
2026-08-11,수원시권선구,2026-08-12T03:00,ecmwf_ifs025_ensemble,51,1,0,0,0
2026-08-11,수원시권선구,2026-08-12T03:00,gem_global_ensemble,21,1,0,0,0
2026-08-11,수원시권선구,2026-08-12T04:00,ensemble,143,1,0,0,0
2026-08-11,수원시권선구,2026-08-12T04:00,icon_seamless_eps,40,1,0,0,0
2026-08-11,수원시권선구,2026-08-12T04:00,ncep_gefs_seamless,31,1,0,0,0
2026-08-11,수원시권선구,2026-08-12T04:00,ecmwf_ifs025_ensemble,51,1,0,0,0
2026-08-11,수원시권선구,2026-08-12T04:00,gem_global_ensemble,21,1,0,0,0
2026-08-11,수원시권선구,2026-08-12T05:00,ensemble,143,1,0,0,0
2026-08-11,수원시권선구,2026-08-12T05:00,icon_seamless_eps,40,1,0,0,0
2026-08-11,수원시권선구,2026-08-12T05:00,ncep_gefs_seamless,31,1,0,0,0
2026-08-11,수원시권선구,2026-08-12T05:00,ecmwf_ifs025_ensemble,51,1,0,0,0
2026-08-11,수원시권선구,2026-08-12T05:00,gem_global_ensemble,21,1,0,0,0
2026-08-11,수원시권선구,2026-08-12T06:00,ensemble,143,1,0,0,0
2026-08-11,수원시권선구,2026-08-12T06:00,icon_seamless_eps,40,1,0,0,0
2026-08-11,수원시권선구,2026-08-12T06:00,ncep_gefs_seamless,31,1,0,0,0
2026-08-11,수원시권선구,2026-08-12T06:00,ecmwf_ifs025_ensemble,51,1,0,0,0
2026-08-11,수원시권선구,2026-08-12T06:00,gem_global_ensemble,21,1,0,0,0
2026-08-11,수원시권선구,2026-08-12T07:00,ensemble,143,1,0,0,0
2026-08-11,수원시권선구,2026-08-12T07:00,icon_seamless_eps,40,1,0,0,0
2026-08-11,수원시권선구,2026-08-12T07:00,ncep_gefs_seamless,31,1,0,0,0
2026-08-11,수원시권선구,2026-08-12T07:00,ecmwf_ifs025_ensemble,51,1,0,0,0
2026-08-11,수원시권선구,2026-08-12T07:00,gem_global_ensemble,21,1,0,0,0
2026-08-11,수원시권선구,2026-08-12T08:00,ensemble,143,1,0,0,0
2026-08-11,수원시권선구,2026-08-12T08:00,icon_seamless_eps,40,1,0,0,0
2026-08-11,수원시권선구,2026-08-12T08:00,ncep_gefs_seamless,31,1,0,0,0
2026-08-11,수원시권선구,2026-08-12T08:00,ecmwf_ifs025_ensemble,51,1,0,0,0
2026-08-11,수원시권선구,2026-08-12T08:00,gem_global_ensemble,21,1,0,0,0
2026-08-11,수원시권선구,2026-08-12T09:00,ensemble,143,1,0,0,0
2026-08-11,수원시권선구,2026-08-12T09:00,icon_seamless_eps,40,1,0,0,0
2026-08-11,수원시권선구,2026-08-12T09:00,ncep_gefs_seamless,31,1,0,0,0
2026-08-11,수원시권선구,2026-08-12T09:00,ecmwf_ifs025_ensemble,51,1,0,0,0
2026-08-11,수원시권선구,2026-08-12T09:00,gem_global_ensemble,21,1,0,0,0
2026-08-11,수원시권선구,2026-08-12T10:00,ensemble,143,1,0,0,0
2026-08-11,수원시권선구,2026-08-12T10:00,icon_seamless_eps,40,1,0,0,0
2026-08-11,수원시권선구,2026-08-12T10:00,ncep_gefs_seamless,31,1,0,0,0
2026-08-11,수원시권선구,2026-08-12T10:00,ecmwf_ifs025_ensemble,51,1,0,0,0
2026-08-11,수원시권선구,2026-08-12T10:00,gem_global_ensemble,21,1,0,0,0
2026-08-11,수원시권선구,2026-08-12T11:00,ensemble,143,1,0,0,0
2026-08-11,수원시권선구,2026-08-12T11:00,icon_seamless_eps,40,1,0,0,0
2026-08-11,수원시권선구,2026-08-12T11:00,ncep_gefs_seamless,31,1,0,0,0
2026-08-11,수원시권선구,2026-08-12T11:00,ecmwf_ifs025_ensemble,51,1,0,0,0
2026-08-11,수원시권선구,2026-08-12T11:00,gem_global_ensemble,21,1,0,0,0
2026-08-11,수원시권선구,2026-08-12T12:00,ensemble,143,1,0,0,0
2026-08-11,수원시권선구,2026-08-12T12:00,icon_seamless_eps,40,1,0,0,0
2026-08-11,수원시권선구,2026-08-12T12:00,ncep_gefs_seamless,31,1,0,0,0
2026-08-11,수원시권선구,2026-08-12T12:00,ecmwf_ifs025_ensemble,51,1,0,0,0
2026-08-11,수원시권선구,2026-08-12T12:00,gem_global_ensemble,21,1,0,0,0
2026-08-11,수원시권선구,2026-08-12T13:00,ensemble,143,1,0,0,0
2026-08-11,수원시권선구,2026-08-12T13:00,icon_seamless_eps,40,1,0,0,0
2026-08-11,수원시권선구,2026-08-12T13:00,ncep_gefs_seamless,31,1,0,0,0
2026-08-11,수원시권선구,2026-08-12T13:00,ecmwf_ifs025_ensemble,51,1,0,0,0
2026-08-11,수원시권선구,2026-08-12T13:00,gem_global_ensemble,21,1,0,0,0
2026-08-11,수원시권선구,2026-08-12T14:00,ensemble,143,1,0,0,0
2026-08-11,수원시권선구,2026-08-12T14:00,icon_seamless_eps,40,1,0,0,0
2026-08-11,수원시권선구,2026-08-12T14:00,ncep_gefs_seamless,31,1,0,0,0
2026-08-11,수원시권선구,2026-08-12T14:00,ecmwf_ifs025_ensemble,51,1,0,0,0
2026-08-11,수원시권선구,2026-08-12T14:00,gem_global_ensemble,21,1,0,0,0
2026-08-11,수원시권선구,2026-08-12T15:00,ensemble,143,1,0,0,0
2026-08-11,수원시권선구,2026-08-12T15:00,icon_seamless_eps,40,1,0,0,0
2026-08-11,수원시권선구,2026-08-12T15:00,ncep_gefs_seamless,31,1,0,0,0
2026-08-11,수원시권선구,2026-08-12T15:00,ecmwf_ifs025_ensemble,51,1,0,0,0
2026-08-11,수원시권선구,2026-08-12T15:00,gem_global_ensemble,21,1,0,0,0
2026-08-11,수원시권선구,2026-08-12T16:00,ensemble,143,1,0,0,0
2026-08-11,수원시권선구,2026-08-12T16:00,icon_seamless_eps,40,1,0,0,0
2026-08-11,수원시권선구,2026-08-12T16:00,ncep_gefs_seamless,31,1,0,0,0
2026-08-11,수원시권선구,2026-08-12T16:00,ecmwf_ifs025_ensemble,51,1,0,0,0
2026-08-11,수원시권선구,2026-08-12T16:00,gem_global_ensemble,21,1,0,0,0
2026-08-11,수원시권선구,2026-08-12T17:00,ensemble,143,1,0,0,0
2026-08-11,수원시권선구,2026-08-12T17:00,icon_seamless_eps,40,1,0,0,0
2026-08-11,수원시권선구,2026-08-12T17:00,ncep_gefs_seamless,31,1,0,0,0
2026-08-11,수원시권선구,2026-08-12T17:00,ecmwf_ifs025_ensemble,51,1,0,0,0
2026-08-11,수원시권선구,2026-08-12T17:00,gem_global_ensemble,21,1,0,0,0
2026-08-11,수원시권선구,2026-08-12T18:00,ensemble,143,1,0,0,0
2026-08-11,수원시권선구,2026-08-12T18:00,icon_seamless_eps,40,1,0,0,0
2026-08-11,수원시권선구,2026-08-12T18:00,ncep_gefs_seamless,31,1,0,0,0
2026-08-11,수원시권선구,2026-08-12T18:00,ecmwf_ifs025_ensemble,51,1,0,0,0
2026-08-11,수원시권선구,2026-08-12T18:00,gem_global_ensemble,21,1,0,0,0
2026-08-11,수원시권선구,2026-08-12T19:00,ensemble,143,1,0,0,0
2026-08-11,수원시권선구,2026-08-12T19:00,icon_seamless_eps,40,1,0,0,0
2026-08-11,수원시권선구,2026-08-12T19:00,ncep_gefs_seamless,31,1,0,0,0
2026-08-11,수원시권선구,2026-08-12T19:00,ecmwf_ifs025_ensemble,51,1,0,0,0
2026-08-11,수원시권선구,2026-08-12T19:00,gem_global_ensemble,21,1,0,0,0
2026-08-11,수원시권선구,2026-08-12T20:00,ensemble,143,1,0,0,0
2026-08-11,수원시권선구,2026-08-12T20:00,icon_seamless_eps,40,1,0,0,0
2026-08-11,수원시권선구,2026-08-12T20:00,ncep_gefs_seamless,31,1,0,0,0
2026-08-11,수원시권선구,2026-08-12T20:00,ecmwf_ifs025_ensemble,51,1,0,0,0
2026-08-11,수원시권선구,2026-08-12T20:00,gem_global_ensemble,21,1,0,0,0
2026-08-11,수원시권선구,2026-08-12T21:00,ensemble,143,1,0,0,0
2026-08-11,수원시권선구,2026-08-12T21:00,icon_seamless_eps,40,1,0,0,0
2026-08-11,수원시권선구,2026-08-12T21:00,ncep_gefs_seamless,31,1,0,0,0
2026-08-11,수원시권선구,2026-08-12T21:00,ecmwf_ifs025_ensemble,51,1,0,0,0
2026-08-11,수원시권선구,2026-08-12T21:00,gem_global_ensemble,21,1,0,0,0
2026-08-11,수원시권선구,2026-08-12T22:00,ensemble,143,1,0,0,0
2026-08-11,수원시권선구,2026-08-12T22:00,icon_seamless_eps,40,1,0,0,0
2026-08-11,수원시권선구,2026-08-12T22:00,ncep_gefs_seamless,31,1,0,0,0
2026-08-11,수원시권선구,2026-08-12T22:00,ecmwf_ifs025_ensemble,51,1,0,0,0
2026-08-11,수원시권선구,2026-08-12T22:00,gem_global_ensemble,21,1,0,0,0
2026-08-11,수원시권선구,2026-08-12T23:00,ensemble,143,1,0,0,0
2026-08-11,수원시권선구,2026-08-12T23:00,icon_seamless_eps,40,1,0,0,0
2026-08-11,수원시권선구,2026-08-12T23:00,ncep_gefs_seamless,31,1,0,0,0
2026-08-11,수원시권선구,2026-08-12T23:00,ecmwf_ifs025_ensemble,51,1,0,0,0
2026-08-11,수원시권선구,2026-08-12T23:00,gem_global_ensemble,21,1,0,0,0
2026-08-11,성남시수정구,2026-08-11T00:00,ensemble,143,1,0,0,0
2026-08-11,성남시수정구,2026-08-11T00:00,icon_seamless_eps,40,1,0,0,0
2026-08-11,성남시수정구,2026-08-11T00:00,ncep_gefs_seamless,31,1,0,0,0
2026-08-11,성남시수정구,2026-08-11T00:00,ecmwf_ifs025_ensemble,51,1,0,0,0
2026-08-11,성남시수정구,2026-08-11T00:00,gem_global_ensemble,21,1,0,0,0
2026-08-11,성남시수정구,2026-08-11T01:00,ensemble,143,1,0,0,0
2026-08-11,성남시수정구,2026-08-11T01:00,icon_seamless_eps,40,1,0,0,0
2026-08-11,성남시수정구,2026-08-11T01:00,ncep_gefs_seamless,31,1,0,0,0
2026-08-11,성남시수정구,2026-08-11T01:00,ecmwf_ifs025_ensemble,51,1,0,0,0
2026-08-11,성남시수정구,2026-08-11T01:00,gem_global_ensemble,21,1,0,0,0
2026-08-11,성남시수정구,2026-08-11T02:00,ensemble,143,1,0,0,0
2026-08-11,성남시수정구,2026-08-11T02:00,icon_seamless_eps,40,1,0,0,0
2026-08-11,성남시수정구,2026-08-11T02:00,ncep_gefs_seamless,31,1,0,0,0
2026-08-11,성남시수정구,2026-08-11T02:00,ecmwf_ifs025_ensemble,51,1,0,0,0
2026-08-11,성남시수정구,2026-08-11T02:00,gem_global_ensemble,21,1,0,0,0
2026-08-11,성남시수정구,2026-08-11T03:00,ensemble,143,1,0,0,0
2026-08-11,성남시수정구,2026-08-11T03:00,icon_seamless_eps,40,1,0,0,0
2026-08-11,성남시수정구,2026-08-11T03:00,ncep_gefs_seamless,31,1,0,0,0
2026-08-11,성남시수정구,2026-08-11T03:00,ecmwf_ifs025_ensemble,51,1,0,0,0
2026-08-11,성남시수정구,2026-08-11T03:00,gem_global_ensemble,21,1,0,0,0
2026-08-11,성남시수정구,2026-08-11T04:00,ensemble,143,1,0,0,0
2026-08-11,성남시수정구,2026-08-11T04:00,icon_seamless_eps,40,1,0,0,0
2026-08-11,성남시수정구,2026-08-11T04:00,ncep_gefs_seamless,31,1,0,0,0
2026-08-11,성남시수정구,2026-08-11T04:00,ecmwf_ifs025_ensemble,51,1,0,0,0
2026-08-11,성남시수정구,2026-08-11T04:00,gem_global_ensemble,21,1,0,0,0
2026-08-11,성남시수정구,2026-08-11T05:00,ensemble,143,1,0,0,0
2026-08-11,성남시수정구,2026-08-11T05:00,icon_seamless_eps,40,1,0,0,0
2026-08-11,성남시수정구,2026-08-11T05:00,ncep_gefs_seamless,31,1,0,0,0
2026-08-11,성남시수정구,2026-08-11T05:00,ecmwf_ifs025_ensemble,51,1,0,0,0
2026-08-11,성남시수정구,2026-08-11T05:00,gem_global_ensemble,21,1,0,0,0
2026-08-11,성남시수정구,2026-08-11T06:00,ensemble,143,1,0,0,0
2026-08-11,성남시수정구,2026-08-11T06:00,icon_seamless_eps,40,1,0,0,0
2026-08-11,성남시수정구,2026-08-11T06:00,ncep_gefs_seamless,31,1,0,0,0
2026-08-11,성남시수정구,2026-08-11T06:00,ecmwf_ifs025_ensemble,51,1,0,0,0
2026-08-11,성남시수정구,2026-08-11T06:00,gem_global_ensemble,21,1,0,0,0
2026-08-11,성남시수정구,2026-08-11T07:00,ensemble,143,1,0,0,0
2026-08-11,성남시수정구,2026-08-11T07:00,icon_seamless_eps,40,1,0,0,0
2026-08-11,성남시수정구,2026-08-11T07:00,ncep_gefs_seamless,31,1,0,0,0
2026-08-11,성남시수정구,2026-08-11T07:00,ecmwf_ifs025_ensemble,51,1,0,0,0
2026-08-11,성남시수정구,2026-08-11T07:00,gem_global_ensemble,21,1,0,0,0
2026-08-11,성남시수정구,2026-08-11T08:00,ensemble,143,1,0,0,0
2026-08-11,성남시수정구,2026-08-11T08:00,icon_seamless_eps,40,1,0,0,0
2026-08-11,성남시수정구,2026-08-11T08:00,ncep_gefs_seamless,31,1,0,0,0
2026-08-11,성남시수정구,2026-08-11T08:00,ecmwf_ifs025_ensemble,51,1,0,0,0
2026-08-11,성남시수정구,2026-08-11T08:00,gem_global_ensemble,21,1,0,0,0
2026-08-11,성남시수정구,2026-08-11T09:00,ensemble,143,1,0,0,0
2026-08-11,성남시수정구,2026-08-11T09:00,icon_seamless_eps,40,1,0,0,0
2026-08-11,성남시수정구,2026-08-11T09:00,ncep_gefs_seamless,31,1,0,0,0
2026-08-11,성남시수정구,2026-08-11T09:00,ecmwf_ifs025_ensemble,51,1,0,0,0
2026-08-11,성남시수정구,2026-08-11T09:00,gem_global_ensemble,21,1,0,0,0
2026-08-11,성남시수정구,2026-08-11T10:00,ensemble,143,1,0,0,0
2026-08-11,성남시수정구,2026-08-11T10:00,icon_seamless_eps,40,1,0,0,0
2026-08-11,성남시수정구,2026-08-11T10:00,ncep_gefs_seamless,31,1,0,0,0
2026-08-11,성남시수정구,2026-08-11T10:00,ecmwf_ifs025_ensemble,51,1,0,0,0
2026-08-11,성남시수정구,2026-08-11T10:00,gem_global_ensemble,21,1,0,0,0
2026-08-11,성남시수정구,2026-08-11T11:00,ensemble,143,1,0,0,0
2026-08-11,성남시수정구,2026-08-11T11:00,icon_seamless_eps,40,1,0,0,0
2026-08-11,성남시수정구,2026-08-11T11:00,ncep_gefs_seamless,31,1,0,0,0
2026-08-11,성남시수정구,2026-08-11T11:00,ecmwf_ifs025_ensemble,51,1,0,0,0
2026-08-11,성남시수정구,2026-08-11T11:00,gem_global_ensemble,21,1,0,0,0
2026-08-11,성남시수정구,2026-08-11T12:00,ensemble,143,1,0,0,0
2026-08-11,성남시수정구,2026-08-11T12:00,icon_seamless_eps,40,1,0,0,0
2026-08-11,성남시수정구,2026-08-11T12:00,ncep_gefs_seamless,31,1,0,0,0
2026-08-11,성남시수정구,2026-08-11T12:00,ecmwf_ifs025_ensemble,51,1,0,0,0
2026-08-11,성남시수정구,2026-08-11T12:00,gem_global_ensemble,21,1,0,0,0
2026-08-11,성남시수정구,2026-08-11T13:00,ensemble,143,1,0,0,0
2026-08-11,성남시수정구,2026-08-11T13:00,icon_seamless_eps,40,1,0,0,0
2026-08-11,성남시수정구,2026-08-11T13:00,ncep_gefs_seamless,31,1,0,0,0
2026-08-11,성남시수정구,2026-08-11T13:00,ecmwf_ifs025_ensemble,51,1,0,0,0
2026-08-11,성남시수정구,2026-08-11T13:00,gem_global_ensemble,21,1,0,0,0
2026-08-11,성남시수정구,2026-08-11T14:00,ensemble,143,1,0,0,0
2026-08-11,성남시수정구,2026-08-11T14:00,icon_seamless_eps,40,1,0,0,0
2026-08-11,성남시수정구,2026-08-11T14:00,ncep_gefs_seamless,31,1,0,0,0
2026-08-11,성남시수정구,2026-08-11T14:00,ecmwf_ifs025_ensemble,51,1,0,0,0
2026-08-11,성남시수정구,2026-08-11T14:00,gem_global_ensemble,21,1,0,0,0
2026-08-11,성남시수정구,2026-08-11T15:00,ensemble,143,1,0,0,0
2026-08-11,성남시수정구,2026-08-11T15:00,icon_seamless_eps,40,1,0,0,0
2026-08-11,성남시수정구,2026-08-11T15:00,ncep_gefs_seamless,31,1,0,0,0
2026-08-11,성남시수정구,2026-08-11T15:00,ecmwf_ifs025_ensemble,51,1,0,0,0
2026-08-11,성남시수정구,2026-08-11T15:00,gem_global_ensemble,21,1,0,0,0
2026-08-11,성남시수정구,2026-08-11T16:00,ensemble,143,1,0,0,0
2026-08-11,성남시수정구,2026-08-11T16:00,icon_seamless_eps,40,1,0,0,0
2026-08-11,성남시수정구,2026-08-11T16:00,ncep_gefs_seamless,31,1,0,0,0
2026-08-11,성남시수정구,2026-08-11T16:00,ecmwf_ifs025_ensemble,51,1,0,0,0
2026-08-11,성남시수정구,2026-08-11T16:00,gem_global_ensemble,21,1,0,0,0
2026-08-11,성남시수정구,2026-08-11T17:00,ensemble,143,1,0,0,0
2026-08-11,성남시수정구,2026-08-11T17:00,icon_seamless_eps,40,1,0,0,0
2026-08-11,성남시수정구,2026-08-11T17:00,ncep_gefs_seamless,31,1,0,0,0
2026-08-11,성남시수정구,2026-08-11T17:00,ecmwf_ifs025_ensemble,51,1,0,0,0
2026-08-11,성남시수정구,2026-08-11T17:00,gem_global_ensemble,21,1,0,0,0
2026-08-11,성남시수정구,2026-08-11T18:00,ensemble,143,1,0,0,0
2026-08-11,성남시수정구,2026-08-11T18:00,icon_seamless_eps,40,1,0,0,0
2026-08-11,성남시수정구,2026-08-11T18:00,ncep_gefs_seamless,31,1,0,0,0
2026-08-11,성남시수정구,2026-08-11T18:00,ecmwf_ifs025_ensemble,51,1,0,0,0
2026-08-11,성남시수정구,2026-08-11T18:00,gem_global_ensemble,21,1,0,0,0
2026-08-11,성남시수정구,2026-08-11T19:00,ensemble,143,1,0,0,0
2026-08-11,성남시수정구,2026-08-11T19:00,icon_seamless_eps,40,1,0,0,0
2026-08-11,성남시수정구,2026-08-11T19:00,ncep_gefs_seamless,31,1,0,0,0
2026-08-11,성남시수정구,2026-08-11T19:00,ecmwf_ifs025_ensemble,51,1,0,0,0
2026-08-11,성남시수정구,2026-08-11T19:00,gem_global_ensemble,21,1,0,0,0
2026-08-11,성남시수정구,2026-08-11T20:00,ensemble,143,1,0,0,0
2026-08-11,성남시수정구,2026-08-11T20:00,icon_seamless_eps,40,1,0,0,0
2026-08-11,성남시수정구,2026-08-11T20:00,ncep_gefs_seamless,31,1,0,0,0
2026-08-11,성남시수정구,2026-08-11T20:00,ecmwf_ifs025_ensemble,51,1,0,0,0
2026-08-11,성남시수정구,2026-08-11T20:00,gem_global_ensemble,21,1,0,0,0
2026-08-11,성남시수정구,2026-08-11T21:00,ensemble,143,1,0,0,0
2026-08-11,성남시수정구,2026-08-11T21:00,icon_seamless_eps,40,1,0,0,0
2026-08-11,성남시수정구,2026-08-11T21:00,ncep_gefs_seamless,31,1,0,0,0
2026-08-11,성남시수정구,2026-08-11T21:00,ecmwf_ifs025_ensemble,51,1,0,0,0
2026-08-11,성남시수정구,2026-08-11T21:00,gem_global_ensemble,21,1,0,0,0
2026-08-11,성남시수정구,2026-08-11T22:00,ensemble,143,1,0,0,0
2026-08-11,성남시수정구,2026-08-11T22:00,icon_seamless_eps,40,1,0,0,0
2026-08-11,성남시수정구,2026-08-11T22:00,ncep_gefs_seamless,31,1,0,0,0
2026-08-11,성남시수정구,2026-08-11T22:00,ecmwf_ifs025_ensemble,51,1,0,0,0
2026-08-11,성남시수정구,2026-08-11T22:00,gem_global_ensemble,21,1,0,0,0
2026-08-11,성남시수정구,2026-08-11T23:00,ensemble,143,1,0,0,0
2026-08-11,성남시수정구,2026-08-11T23:00,icon_seamless_eps,40,1,0,0,0
2026-08-11,성남시수정구,2026-08-11T23:00,ncep_gefs_seamless,31,1,0,0,0
2026-08-11,성남시수정구,2026-08-11T23:00,ecmwf_ifs025_ensemble,51,1,0,0,0
2026-08-11,성남시수정구,2026-08-11T23:00,gem_global_ensemble,21,1,0,0,0
2026-08-11,성남시수정구,2026-08-12T00:00,ensemble,143,1,0,0,0
2026-08-11,성남시수정구,2026-08-12T00:00,icon_seamless_eps,40,1,0,0,0
2026-08-11,성남시수정구,2026-08-12T00:00,ncep_gefs_seamless,31,1,0,0,0
2026-08-11,성남시수정구,2026-08-12T00:00,ecmwf_ifs025_ensemble,51,1,0,0,0
2026-08-11,성남시수정구,2026-08-12T00:00,gem_global_ensemble,21,1,0,0,0
2026-08-11,성남시수정구,2026-08-12T01:00,ensemble,143,1,0,0,0
2026-08-11,성남시수정구,2026-08-12T01:00,icon_seamless_eps,40,1,0,0,0
2026-08-11,성남시수정구,2026-08-12T01:00,ncep_gefs_seamless,31,1,0,0,0
2026-08-11,성남시수정구,2026-08-12T01:00,ecmwf_ifs025_ensemble,51,1,0,0,0
2026-08-11,성남시수정구,2026-08-12T01:00,gem_global_ensemble,21,1,0,0,0
2026-08-11,성남시수정구,2026-08-12T02:00,ensemble,143,1,0,0,0
2026-08-11,성남시수정구,2026-08-12T02:00,icon_seamless_eps,40,1,0,0,0
2026-08-11,성남시수정구,2026-08-12T02:00,ncep_gefs_seamless,31,1,0,0,0
2026-08-11,성남시수정구,2026-08-12T02:00,ecmwf_ifs025_ensemble,51,1,0,0,0
2026-08-11,성남시수정구,2026-08-12T02:00,gem_global_ensemble,21,1,0,0,0
2026-08-11,성남시수정구,2026-08-12T03:00,ensemble,143,1,0,0,0
2026-08-11,성남시수정구,2026-08-12T03:00,icon_seamless_eps,40,1,0,0,0
2026-08-11,성남시수정구,2026-08-12T03:00,ncep_gefs_seamless,31,1,0,0,0
2026-08-11,성남시수정구,2026-08-12T03:00,ecmwf_ifs025_ensemble,51,1,0,0,0
2026-08-11,성남시수정구,2026-08-12T03:00,gem_global_ensemble,21,1,0,0,0
2026-08-11,성남시수정구,2026-08-12T04:00,ensemble,143,1,0,0,0
2026-08-11,성남시수정구,2026-08-12T04:00,icon_seamless_eps,40,1,0,0,0
2026-08-11,성남시수정구,2026-08-12T04:00,ncep_gefs_seamless,31,1,0,0,0
2026-08-11,성남시수정구,2026-08-12T04:00,ecmwf_ifs025_ensemble,51,1,0,0,0
2026-08-11,성남시수정구,2026-08-12T04:00,gem_global_ensemble,21,1,0,0,0
2026-08-11,성남시수정구,2026-08-12T05:00,ensemble,143,1,0,0,0
2026-08-11,성남시수정구,2026-08-12T05:00,icon_seamless_eps,40,1,0,0,0
2026-08-11,성남시수정구,2026-08-12T05:00,ncep_gefs_seamless,31,1,0,0,0
2026-08-11,성남시수정구,2026-08-12T05:00,ecmwf_ifs025_ensemble,51,1,0,0,0
2026-08-11,성남시수정구,2026-08-12T05:00,gem_global_ensemble,21,1,0,0,0
2026-08-11,성남시수정구,2026-08-12T06:00,ensemble,143,1,0,0,0
2026-08-11,성남시수정구,2026-08-12T06:00,icon_seamless_eps,40,1,0,0,0
2026-08-11,성남시수정구,2026-08-12T06:00,ncep_gefs_seamless,31,1,0,0,0
2026-08-11,성남시수정구,2026-08-12T06:00,ecmwf_ifs025_ensemble,51,1,0,0,0
2026-08-11,성남시수정구,2026-08-12T06:00,gem_global_ensemble,21,1,0,0,0
2026-08-11,성남시수정구,2026-08-12T07:00,ensemble,143,1,0,0,0
2026-08-11,성남시수정구,2026-08-12T07:00,icon_seamless_eps,40,1,0,0,0
2026-08-11,성남시수정구,2026-08-12T07:00,ncep_gefs_seamless,31,1,0,0,0
2026-08-11,성남시수정구,2026-08-12T07:00,ecmwf_ifs025_ensemble,51,1,0,0,0
2026-08-11,성남시수정구,2026-08-12T07:00,gem_global_ensemble,21,1,0,0,0
2026-08-11,성남시수정구,2026-08-12T08:00,ensemble,143,1,0,0,0
2026-08-11,성남시수정구,2026-08-12T08:00,icon_seamless_eps,40,1,0,0,0
2026-08-11,성남시수정구,2026-08-12T08:00,ncep_gefs_seamless,31,1,0,0,0
2026-08-11,성남시수정구,2026-08-12T08:00,ecmwf_ifs025_ensemble,51,1,0,0,0
2026-08-11,성남시수정구,2026-08-12T08:00,gem_global_ensemble,21,1,0,0,0
2026-08-11,성남시수정구,2026-08-12T09:00,ensemble,143,1,0,0,0
2026-08-11,성남시수정구,2026-08-12T09:00,icon_seamless_eps,40,1,0,0,0
2026-08-11,성남시수정구,2026-08-12T09:00,ncep_gefs_seamless,31,1,0,0,0
2026-08-11,성남시수정구,2026-08-12T09:00,ecmwf_ifs025_ensemble,51,1,0,0,0
2026-08-11,성남시수정구,2026-08-12T09:00,gem_global_ensemble,21,1,0,0,0
2026-08-11,성남시수정구,2026-08-12T10:00,ensemble,143,1,0,0,0
2026-08-11,성남시수정구,2026-08-12T10:00,icon_seamless_eps,40,1,0,0,0
2026-08-11,성남시수정구,2026-08-12T10:00,ncep_gefs_seamless,31,1,0,0,0
2026-08-11,성남시수정구,2026-08-12T10:00,ecmwf_ifs025_ensemble,51,1,0,0,0
2026-08-11,성남시수정구,2026-08-12T10:00,gem_global_ensemble,21,1,0,0,0
2026-08-11,성남시수정구,2026-08-12T11:00,ensemble,143,1,0,0,0
2026-08-11,성남시수정구,2026-08-12T11:00,icon_seamless_eps,40,1,0,0,0
2026-08-11,성남시수정구,2026-08-12T11:00,ncep_gefs_seamless,31,1,0,0,0
2026-08-11,성남시수정구,2026-08-12T11:00,ecmwf_ifs025_ensemble,51,1,0,0,0
2026-08-11,성남시수정구,2026-08-12T11:00,gem_global_ensemble,21,1,0,0,0
2026-08-11,성남시수정구,2026-08-12T12:00,ensemble,143,1,0,0,0
2026-08-11,성남시수정구,2026-08-12T12:00,icon_seamless_eps,40,1,0,0,0
2026-08-11,성남시수정구,2026-08-12T12:00,ncep_gefs_seamless,31,1,0,0,0
2026-08-11,성남시수정구,2026-08-12T12:00,ecmwf_ifs025_ensemble,51,1,0,0,0
2026-08-11,성남시수정구,2026-08-12T12:00,gem_global_ensemble,21,1,0,0,0
2026-08-11,성남시수정구,2026-08-12T13:00,ensemble,143,1,0,0,0
2026-08-11,성남시수정구,2026-08-12T13:00,icon_seamless_eps,40,1,0,0,0
2026-08-11,성남시수정구,2026-08-12T13:00,ncep_gefs_seamless,31,1,0,0,0
2026-08-11,성남시수정구,2026-08-12T13:00,ecmwf_ifs025_ensemble,51,1,0,0,0
2026-08-11,성남시수정구,2026-08-12T13:00,gem_global_ensemble,21,1,0,0,0
2026-08-11,성남시수정구,2026-08-12T14:00,ensemble,143,1,0,0,0
2026-08-11,성남시수정구,2026-08-12T14:00,icon_seamless_eps,40,1,0,0,0
2026-08-11,성남시수정구,2026-08-12T14:00,ncep_gefs_seamless,31,1,0,0,0
2026-08-11,성남시수정구,2026-08-12T14:00,ecmwf_ifs025_ensemble,51,1,0,0,0
2026-08-11,성남시수정구,2026-08-12T14:00,gem_global_ensemble,21,1,0,0,0
2026-08-11,성남시수정구,2026-08-12T15:00,ensemble,143,1,0,0,0
2026-08-11,성남시수정구,2026-08-12T15:00,icon_seamless_eps,40,1,0,0,0
2026-08-11,성남시수정구,2026-08-12T15:00,ncep_gefs_seamless,31,1,0,0,0
2026-08-11,성남시수정구,2026-08-12T15:00,ecmwf_ifs025_ensemble,51,1,0,0,0
2026-08-11,성남시수정구,2026-08-12T15:00,gem_global_ensemble,21,1,0,0,0
2026-08-11,성남시수정구,2026-08-12T16:00,ensemble,143,1,0,0,0
2026-08-11,성남시수정구,2026-08-12T16:00,icon_seamless_eps,40,1,0,0,0
2026-08-11,성남시수정구,2026-08-12T16:00,ncep_gefs_seamless,31,1,0,0,0
2026-08-11,성남시수정구,2026-08-12T16:00,ecmwf_ifs025_ensemble,51,1,0,0,0
2026-08-11,성남시수정구,2026-08-12T16:00,gem_global_ensemble,21,1,0,0,0
2026-08-11,성남시수정구,2026-08-12T17:00,ensemble,143,1,0,0,0
2026-08-11,성남시수정구,2026-08-12T17:00,icon_seamless_eps,40,1,0,0,0
2026-08-11,성남시수정구,2026-08-12T17:00,ncep_gefs_seamless,31,1,0,0,0
2026-08-11,성남시수정구,2026-08-12T17:00,ecmwf_ifs025_ensemble,51,1,0,0,0
2026-08-11,성남시수정구,2026-08-12T17:00,gem_global_ensemble,21,1,0,0,0
2026-08-11,성남시수정구,2026-08-12T18:00,ensemble,143,1,0,0,0
2026-08-11,성남시수정구,2026-08-12T18:00,icon_seamless_eps,40,1,0,0,0
2026-08-11,성남시수정구,2026-08-12T18:00,ncep_gefs_seamless,31,1,0,0,0
2026-08-11,성남시수정구,2026-08-12T18:00,ecmwf_ifs025_ensemble,51,1,0,0,0
2026-08-11,성남시수정구,2026-08-12T18:00,gem_global_ensemble,21,1,0,0,0
2026-08-11,성남시수정구,2026-08-12T19:00,ensemble,143,1,0,0,0
2026-08-11,성남시수정구,2026-08-12T19:00,icon_seamless_eps,40,1,0,0,0
2026-08-11,성남시수정구,2026-08-12T19:00,ncep_gefs_seamless,31,1,0,0,0
2026-08-11,성남시수정구,2026-08-12T19:00,ecmwf_ifs025_ensemble,51,1,0,0,0
2026-08-11,성남시수정구,2026-08-12T19:00,gem_global_ensemble,21,1,0,0,0
2026-08-11,성남시수정구,2026-08-12T20:00,ensemble,143,1,0,0,0
2026-08-11,성남시수정구,2026-08-12T20:00,icon_seamless_eps,40,1,0,0,0
2026-08-11,성남시수정구,2026-08-12T20:00,ncep_gefs_seamless,31,1,0,0,0
2026-08-11,성남시수정구,2026-08-12T20:00,ecmwf_ifs025_ensemble,51,1,0,0,0
2026-08-11,성남시수정구,2026-08-12T20:00,gem_global_ensemble,21,1,0,0,0
2026-08-11,성남시수정구,2026-08-12T21:00,ensemble,143,1,0,0,0
2026-08-11,성남시수정구,2026-08-12T21:00,icon_seamless_eps,40,1,0,0,0
2026-08-11,성남시수정구,2026-08-12T21:00,ncep_gefs_seamless,31,1,0,0,0
2026-08-11,성남시수정구,2026-08-12T21:00,ecmwf_ifs025_ensemble,51,1,0,0,0
2026-08-11,성남시수정구,2026-08-12T21:00,gem_global_ensemble,21,1,0,0,0
2026-08-11,성남시수정구,2026-08-12T22:00,ensemble,143,1,0,0,0
2026-08-11,성남시수정구,2026-08-12T22:00,icon_seamless_eps,40,1,0,0,0
2026-08-11,성남시수정구,2026-08-12T22:00,ncep_gefs_seamless,31,1,0,0,0
2026-08-11,성남시수정구,2026-08-12T22:00,ecmwf_ifs025_ensemble,51,1,0,0,0
2026-08-11,성남시수정구,2026-08-12T22:00,gem_global_ensemble,21,1,0,0,0
2026-08-11,성남시수정구,2026-08-12T23:00,ensemble,143,1,0,0,0
2026-08-11,성남시수정구,2026-08-12T23:00,icon_seamless_eps,40,1,0,0,0
2026-08-11,성남시수정구,2026-08-12T23:00,ncep_gefs_seamless,31,1,0,0,0
2026-08-11,성남시수정구,2026-08-12T23:00,ecmwf_ifs025_ensemble,51,1,0,0,0
2026-08-11,성남시수정구,2026-08-12T23:00,gem_global_ensemble,21,1,0,0,0
2026-08-12,수원시권선구,2026-08-12T00:00,ensemble,143,1,0,0,0
2026-08-12,수원시권선구,2026-08-12T00:00,icon_seamless_eps,40,1,0,0,0
2026-08-12,수원시권선구,2026-08-12T00:00,ncep_gefs_seamless,31,1,0,0,0
2026-08-12,수원시권선구,2026-08-12T00:00,ecmwf_ifs025_ensemble,51,1,0,0,0
2026-08-12,수원시권선구,2026-08-12T00:00,gem_global_ensemble,21,1,0,0,0
2026-08-12,수원시권선구,2026-08-12T01:00,ensemble,143,1,0,0,0
2026-08-12,수원시권선구,2026-08-12T01:00,icon_seamless_eps,40,1,0,0,0
2026-08-12,수원시권선구,2026-08-12T01:00,ncep_gefs_seamless,31,1,0,0,0
2026-08-12,수원시권선구,2026-08-12T01:00,ecmwf_ifs025_ensemble,51,1,0,0,0
2026-08-12,수원시권선구,2026-08-12T01:00,gem_global_ensemble,21,1,0,0,0
2026-08-12,수원시권선구,2026-08-12T02:00,ensemble,143,1,0,0,0
2026-08-12,수원시권선구,2026-08-12T02:00,icon_seamless_eps,40,1,0,0,0
2026-08-12,수원시권선구,2026-08-12T02:00,ncep_gefs_seamless,31,1,0,0,0
2026-08-12,수원시권선구,2026-08-12T02:00,ecmwf_ifs025_ensemble,51,1,0,0,0
2026-08-12,수원시권선구,2026-08-12T02:00,gem_global_ensemble,21,1,0,0,0
2026-08-12,수원시권선구,2026-08-12T03:00,ensemble,143,1,0,0,0
2026-08-12,수원시권선구,2026-08-12T03:00,icon_seamless_eps,40,1,0,0,0
2026-08-12,수원시권선구,2026-08-12T03:00,ncep_gefs_seamless,31,1,0,0,0
2026-08-12,수원시권선구,2026-08-12T03:00,ecmwf_ifs025_ensemble,51,1,0,0,0
2026-08-12,수원시권선구,2026-08-12T03:00,gem_global_ensemble,21,1,0,0,0
2026-08-12,수원시권선구,2026-08-12T04:00,ensemble,143,1,0,0,0
2026-08-12,수원시권선구,2026-08-12T04:00,icon_seamless_eps,40,1,0,0,0
2026-08-12,수원시권선구,2026-08-12T04:00,ncep_gefs_seamless,31,1,0,0,0
2026-08-12,수원시권선구,2026-08-12T04:00,ecmwf_ifs025_ensemble,51,1,0,0,0
2026-08-12,수원시권선구,2026-08-12T04:00,gem_global_ensemble,21,1,0,0,0
2026-08-12,수원시권선구,2026-08-12T05:00,ensemble,143,1,0,0,0
2026-08-12,수원시권선구,2026-08-12T05:00,icon_seamless_eps,40,1,0,0,0
2026-08-12,수원시권선구,2026-08-12T05:00,ncep_gefs_seamless,31,1,0,0,0
2026-08-12,수원시권선구,2026-08-12T05:00,ecmwf_ifs025_ensemble,51,1,0,0,0
2026-08-12,수원시권선구,2026-08-12T05:00,gem_global_ensemble,21,1,0,0,0
2026-08-12,수원시권선구,2026-08-12T06:00,ensemble,143,1,0,0,0
2026-08-12,수원시권선구,2026-08-12T06:00,icon_seamless_eps,40,1,0,0,0
2026-08-12,수원시권선구,2026-08-12T06:00,ncep_gefs_seamless,31,1,0,0,0
2026-08-12,수원시권선구,2026-08-12T06:00,ecmwf_ifs025_ensemble,51,1,0,0,0
2026-08-12,수원시권선구,2026-08-12T06:00,gem_global_ensemble,21,1,0,0,0
2026-08-12,수원시권선구,2026-08-12T07:00,ensemble,143,1,0,0,0
2026-08-12,수원시권선구,2026-08-12T07:00,icon_seamless_eps,40,1,0,0,0
2026-08-12,수원시권선구,2026-08-12T07:00,ncep_gefs_seamless,31,1,0,0,0
2026-08-12,수원시권선구,2026-08-12T07:00,ecmwf_ifs025_ensemble,51,1,0,0,0
2026-08-12,수원시권선구,2026-08-12T07:00,gem_global_ensemble,21,1,0,0,0
2026-08-12,수원시권선구,2026-08-12T08:00,ensemble,143,1,0,0,0
2026-08-12,수원시권선구,2026-08-12T08:00,icon_seamless_eps,40,1,0,0,0
2026-08-12,수원시권선구,2026-08-12T08:00,ncep_gefs_seamless,31,1,0,0,0
2026-08-12,수원시권선구,2026-08-12T08:00,ecmwf_ifs025_ensemble,51,1,0,0,0
2026-08-12,수원시권선구,2026-08-12T08:00,gem_global_ensemble,21,1,0,0,0
2026-08-12,수원시권선구,2026-08-12T09:00,ensemble,143,1,0,0,0
2026-08-12,수원시권선구,2026-08-12T09:00,icon_seamless_eps,40,1,0,0,0
2026-08-12,수원시권선구,2026-08-12T09:00,ncep_gefs_seamless,31,1,0,0,0
2026-08-12,수원시권선구,2026-08-12T09:00,ecmwf_ifs025_ensemble,51,1,0,0,0
2026-08-12,수원시권선구,2026-08-12T09:00,gem_global_ensemble,21,1,0,0,0
2026-08-12,수원시권선구,2026-08-12T10:00,ensemble,143,1,0,0,0
2026-08-12,수원시권선구,2026-08-12T10:00,icon_seamless_eps,40,1,0,0,0
2026-08-12,수원시권선구,2026-08-12T10:00,ncep_gefs_seamless,31,1,0,0,0
2026-08-12,수원시권선구,2026-08-12T10:00,ecmwf_ifs025_ensemble,51,1,0,0,0
2026-08-12,수원시권선구,2026-08-12T10:00,gem_global_ensemble,21,1,0,0,0
2026-08-12,수원시권선구,2026-08-12T11:00,ensemble,143,1,0,0,0
2026-08-12,수원시권선구,2026-08-12T11:00,icon_seamless_eps,40,1,0,0,0
2026-08-12,수원시권선구,2026-08-12T11:00,ncep_gefs_seamless,31,1,0,0,0
2026-08-12,수원시권선구,2026-08-12T11:00,ecmwf_ifs025_ensemble,51,1,0,0,0
2026-08-12,수원시권선구,2026-08-12T11:00,gem_global_ensemble,21,1,0,0,0
2026-08-12,수원시권선구,2026-08-12T12:00,ensemble,143,1,0,0,0
2026-08-12,수원시권선구,2026-08-12T12:00,icon_seamless_eps,40,1,0,0,0
2026-08-12,수원시권선구,2026-08-12T12:00,ncep_gefs_seamless,31,1,0,0,0
2026-08-12,수원시권선구,2026-08-12T12:00,ecmwf_ifs025_ensemble,51,1,0,0,0
2026-08-12,수원시권선구,2026-08-12T12:00,gem_global_ensemble,21,1,0,0,0
2026-08-12,수원시권선구,2026-08-12T13:00,ensemble,143,1,0,0,0
2026-08-12,수원시권선구,2026-08-12T13:00,icon_seamless_eps,40,1,0,0,0
2026-08-12,수원시권선구,2026-08-12T13:00,ncep_gefs_seamless,31,1,0,0,0
2026-08-12,수원시권선구,2026-08-12T13:00,ecmwf_ifs025_ensemble,51,1,0,0,0
2026-08-12,수원시권선구,2026-08-12T13:00,gem_global_ensemble,21,1,0,0,0
2026-08-12,수원시권선구,2026-08-12T14:00,ensemble,143,1,0,0,0
2026-08-12,수원시권선구,2026-08-12T14:00,icon_seamless_eps,40,1,0,0,0
2026-08-12,수원시권선구,2026-08-12T14:00,ncep_gefs_seamless,31,1,0,0,0
2026-08-12,수원시권선구,2026-08-12T14:00,ecmwf_ifs025_ensemble,51,1,0,0,0
2026-08-12,수원시권선구,2026-08-12T14:00,gem_global_ensemble,21,1,0,0,0
2026-08-12,수원시권선구,2026-08-12T15:00,ensemble,143,1,0,0,0
2026-08-12,수원시권선구,2026-08-12T15:00,icon_seamless_eps,40,1,0,0,0
2026-08-12,수원시권선구,2026-08-12T15:00,ncep_gefs_seamless,31,1,0,0,0
2026-08-12,수원시권선구,2026-08-12T15:00,ecmwf_ifs025_ensemble,51,1,0,0,0
2026-08-12,수원시권선구,2026-08-12T15:00,gem_global_ensemble,21,1,0,0,0
2026-08-12,수원시권선구,2026-08-12T16:00,ensemble,143,0.993,0.007,0,0
2026-08-12,수원시권선구,2026-08-12T16:00,icon_seamless_eps,40,1,0,0,0
2026-08-12,수원시권선구,2026-08-12T16:00,ncep_gefs_seamless,31,1,0,0,0
2026-08-12,수원시권선구,2026-08-12T16:00,ecmwf_ifs025_ensemble,51,0.98,0.02,0,0
2026-08-12,수원시권선구,2026-08-12T16:00,gem_global_ensemble,21,1,0,0,0
2026-08-12,수원시권선구,2026-08-12T17:00,ensemble,143,0.993,0.007,0,0
2026-08-12,수원시권선구,2026-08-12T17:00,icon_seamless_eps,40,1,0,0,0
2026-08-12,수원시권선구,2026-08-12T17:00,ncep_gefs_seamless,31,1,0,0,0
2026-08-12,수원시권선구,2026-08-12T17:00,ecmwf_ifs025_ensemble,51,0.98,0.02,0,0
2026-08-12,수원시권선구,2026-08-12T17:00,gem_global_ensemble,21,1,0,0,0
2026-08-12,수원시권선구,2026-08-12T18:00,ensemble,143,0.993,0.007,0,0
2026-08-12,수원시권선구,2026-08-12T18:00,icon_seamless_eps,40,1,0,0,0
2026-08-12,수원시권선구,2026-08-12T18:00,ncep_gefs_seamless,31,1,0,0,0
2026-08-12,수원시권선구,2026-08-12T18:00,ecmwf_ifs025_ensemble,51,0.98,0.02,0,0
2026-08-12,수원시권선구,2026-08-12T18:00,gem_global_ensemble,21,1,0,0,0
2026-08-12,수원시권선구,2026-08-12T19:00,ensemble,143,1,0,0,0
2026-08-12,수원시권선구,2026-08-12T19:00,icon_seamless_eps,40,1,0,0,0
2026-08-12,수원시권선구,2026-08-12T19:00,ncep_gefs_seamless,31,1,0,0,0
2026-08-12,수원시권선구,2026-08-12T19:00,ecmwf_ifs025_ensemble,51,1,0,0,0
2026-08-12,수원시권선구,2026-08-12T19:00,gem_global_ensemble,21,1,0,0,0
2026-08-12,수원시권선구,2026-08-12T20:00,ensemble,143,1,0,0,0
2026-08-12,수원시권선구,2026-08-12T20:00,icon_seamless_eps,40,1,0,0,0
2026-08-12,수원시권선구,2026-08-12T20:00,ncep_gefs_seamless,31,1,0,0,0
2026-08-12,수원시권선구,2026-08-12T20:00,ecmwf_ifs025_ensemble,51,1,0,0,0
2026-08-12,수원시권선구,2026-08-12T20:00,gem_global_ensemble,21,1,0,0,0
2026-08-12,수원시권선구,2026-08-12T21:00,ensemble,143,1,0,0,0
2026-08-12,수원시권선구,2026-08-12T21:00,icon_seamless_eps,40,1,0,0,0
2026-08-12,수원시권선구,2026-08-12T21:00,ncep_gefs_seamless,31,1,0,0,0
2026-08-12,수원시권선구,2026-08-12T21:00,ecmwf_ifs025_ensemble,51,1,0,0,0
2026-08-12,수원시권선구,2026-08-12T21:00,gem_global_ensemble,21,1,0,0,0
2026-08-12,수원시권선구,2026-08-12T22:00,ensemble,143,1,0,0,0
2026-08-12,수원시권선구,2026-08-12T22:00,icon_seamless_eps,40,1,0,0,0
2026-08-12,수원시권선구,2026-08-12T22:00,ncep_gefs_seamless,31,1,0,0,0
2026-08-12,수원시권선구,2026-08-12T22:00,ecmwf_ifs025_ensemble,51,1,0,0,0
2026-08-12,수원시권선구,2026-08-12T22:00,gem_global_ensemble,21,1,0,0,0
2026-08-12,수원시권선구,2026-08-12T23:00,ensemble,143,1,0,0,0
2026-08-12,수원시권선구,2026-08-12T23:00,icon_seamless_eps,40,1,0,0,0
2026-08-12,수원시권선구,2026-08-12T23:00,ncep_gefs_seamless,31,1,0,0,0
2026-08-12,수원시권선구,2026-08-12T23:00,ecmwf_ifs025_ensemble,51,1,0,0,0
2026-08-12,수원시권선구,2026-08-12T23:00,gem_global_ensemble,21,1,0,0,0
2026-08-12,수원시권선구,2026-08-13T00:00,ensemble,143,1,0,0,0
2026-08-12,수원시권선구,2026-08-13T00:00,icon_seamless_eps,40,1,0,0,0
2026-08-12,수원시권선구,2026-08-13T00:00,ncep_gefs_seamless,31,1,0,0,0
2026-08-12,수원시권선구,2026-08-13T00:00,ecmwf_ifs025_ensemble,51,1,0,0,0
2026-08-12,수원시권선구,2026-08-13T00:00,gem_global_ensemble,21,1,0,0,0
2026-08-12,수원시권선구,2026-08-13T01:00,ensemble,143,1,0,0,0
2026-08-12,수원시권선구,2026-08-13T01:00,icon_seamless_eps,40,1,0,0,0
2026-08-12,수원시권선구,2026-08-13T01:00,ncep_gefs_seamless,31,1,0,0,0
2026-08-12,수원시권선구,2026-08-13T01:00,ecmwf_ifs025_ensemble,51,1,0,0,0
2026-08-12,수원시권선구,2026-08-13T01:00,gem_global_ensemble,21,1,0,0,0
2026-08-12,수원시권선구,2026-08-13T02:00,ensemble,143,1,0,0,0
2026-08-12,수원시권선구,2026-08-13T02:00,icon_seamless_eps,40,1,0,0,0
2026-08-12,수원시권선구,2026-08-13T02:00,ncep_gefs_seamless,31,1,0,0,0
2026-08-12,수원시권선구,2026-08-13T02:00,ecmwf_ifs025_ensemble,51,1,0,0,0
2026-08-12,수원시권선구,2026-08-13T02:00,gem_global_ensemble,21,1,0,0,0
2026-08-12,수원시권선구,2026-08-13T03:00,ensemble,143,1,0,0,0
2026-08-12,수원시권선구,2026-08-13T03:00,icon_seamless_eps,40,1,0,0,0
2026-08-12,수원시권선구,2026-08-13T03:00,ncep_gefs_seamless,31,1,0,0,0
2026-08-12,수원시권선구,2026-08-13T03:00,ecmwf_ifs025_ensemble,51,1,0,0,0
2026-08-12,수원시권선구,2026-08-13T03:00,gem_global_ensemble,21,1,0,0,0
2026-08-12,수원시권선구,2026-08-13T04:00,ensemble,143,1,0,0,0
2026-08-12,수원시권선구,2026-08-13T04:00,icon_seamless_eps,40,1,0,0,0
2026-08-12,수원시권선구,2026-08-13T04:00,ncep_gefs_seamless,31,1,0,0,0
2026-08-12,수원시권선구,2026-08-13T04:00,ecmwf_ifs025_ensemble,51,1,0,0,0
2026-08-12,수원시권선구,2026-08-13T04:00,gem_global_ensemble,21,1,0,0,0
2026-08-12,수원시권선구,2026-08-13T05:00,ensemble,143,1,0,0,0
2026-08-12,수원시권선구,2026-08-13T05:00,icon_seamless_eps,40,1,0,0,0
2026-08-12,수원시권선구,2026-08-13T05:00,ncep_gefs_seamless,31,1,0,0,0
2026-08-12,수원시권선구,2026-08-13T05:00,ecmwf_ifs025_ensemble,51,1,0,0,0
2026-08-12,수원시권선구,2026-08-13T05:00,gem_global_ensemble,21,1,0,0,0
2026-08-12,수원시권선구,2026-08-13T06:00,ensemble,143,1,0,0,0
2026-08-12,수원시권선구,2026-08-13T06:00,icon_seamless_eps,40,1,0,0,0
2026-08-12,수원시권선구,2026-08-13T06:00,ncep_gefs_seamless,31,1,0,0,0
2026-08-12,수원시권선구,2026-08-13T06:00,ecmwf_ifs025_ensemble,51,1,0,0,0
2026-08-12,수원시권선구,2026-08-13T06:00,gem_global_ensemble,21,1,0,0,0
2026-08-12,수원시권선구,2026-08-13T07:00,ensemble,143,1,0,0,0
2026-08-12,수원시권선구,2026-08-13T07:00,icon_seamless_eps,40,1,0,0,0
2026-08-12,수원시권선구,2026-08-13T07:00,ncep_gefs_seamless,31,1,0,0,0
2026-08-12,수원시권선구,2026-08-13T07:00,ecmwf_ifs025_ensemble,51,1,0,0,0
2026-08-12,수원시권선구,2026-08-13T07:00,gem_global_ensemble,21,1,0,0,0
2026-08-12,수원시권선구,2026-08-13T08:00,ensemble,143,1,0,0,0
2026-08-12,수원시권선구,2026-08-13T08:00,icon_seamless_eps,40,1,0,0,0
2026-08-12,수원시권선구,2026-08-13T08:00,ncep_gefs_seamless,31,1,0,0,0
2026-08-12,수원시권선구,2026-08-13T08:00,ecmwf_ifs025_ensemble,51,1,0,0,0
2026-08-12,수원시권선구,2026-08-13T08:00,gem_global_ensemble,21,1,0,0,0
2026-08-12,수원시권선구,2026-08-13T09:00,ensemble,143,1,0,0,0
2026-08-12,수원시권선구,2026-08-13T09:00,icon_seamless_eps,40,1,0,0,0
2026-08-12,수원시권선구,2026-08-13T09:00,ncep_gefs_seamless,31,1,0,0,0
2026-08-12,수원시권선구,2026-08-13T09:00,ecmwf_ifs025_ensemble,51,1,0,0,0
2026-08-12,수원시권선구,2026-08-13T09:00,gem_global_ensemble,21,1,0,0,0
2026-08-12,수원시권선구,2026-08-13T10:00,ensemble,143,0.881,0.119,0,0
2026-08-12,수원시권선구,2026-08-13T10:00,icon_seamless_eps,40,1,0,0,0
2026-08-12,수원시권선구,2026-08-13T10:00,ncep_gefs_seamless,31,1,0,0,0
2026-08-12,수원시권선구,2026-08-13T10:00,ecmwf_ifs025_ensemble,51,0.667,0.333,0,0
2026-08-12,수원시권선구,2026-08-13T10:00,gem_global_ensemble,21,1,0,0,0
2026-08-12,수원시권선구,2026-08-13T11:00,ensemble,143,0.881,0.119,0,0
2026-08-12,수원시권선구,2026-08-13T11:00,icon_seamless_eps,40,1,0,0,0
2026-08-12,수원시권선구,2026-08-13T11:00,ncep_gefs_seamless,31,1,0,0,0
2026-08-12,수원시권선구,2026-08-13T11:00,ecmwf_ifs025_ensemble,51,0.667,0.333,0,0
2026-08-12,수원시권선구,2026-08-13T11:00,gem_global_ensemble,21,1,0,0,0
2026-08-12,수원시권선구,2026-08-13T12:00,ensemble,143,0.881,0.119,0,0
2026-08-12,수원시권선구,2026-08-13T12:00,icon_seamless_eps,40,1,0,0,0
2026-08-12,수원시권선구,2026-08-13T12:00,ncep_gefs_seamless,31,1,0,0,0
2026-08-12,수원시권선구,2026-08-13T12:00,ecmwf_ifs025_ensemble,51,0.667,0.333,0,0
2026-08-12,수원시권선구,2026-08-13T12:00,gem_global_ensemble,21,1,0,0,0
2026-08-12,수원시권선구,2026-08-13T13:00,ensemble,143,0.741,0.245,0.014,0
2026-08-12,수원시권선구,2026-08-13T13:00,icon_seamless_eps,40,1,0,0,0
2026-08-12,수원시권선구,2026-08-13T13:00,ncep_gefs_seamless,31,0.742,0.258,0,0
2026-08-12,수원시권선구,2026-08-13T13:00,ecmwf_ifs025_ensemble,51,0.451,0.51,0.039,0
2026-08-12,수원시권선구,2026-08-13T13:00,gem_global_ensemble,21,0.952,0.048,0,0
2026-08-12,수원시권선구,2026-08-13T14:00,ensemble,143,0.741,0.245,0.014,0
2026-08-12,수원시권선구,2026-08-13T14:00,icon_seamless_eps,40,1,0,0,0
2026-08-12,수원시권선구,2026-08-13T14:00,ncep_gefs_seamless,31,0.742,0.258,0,0
2026-08-12,수원시권선구,2026-08-13T14:00,ecmwf_ifs025_ensemble,51,0.451,0.51,0.039,0
2026-08-12,수원시권선구,2026-08-13T14:00,gem_global_ensemble,21,0.952,0.048,0,0
2026-08-12,수원시권선구,2026-08-13T15:00,ensemble,143,0.734,0.252,0.014,0
2026-08-12,수원시권선구,2026-08-13T15:00,icon_seamless_eps,40,0.975,0.025,0,0
2026-08-12,수원시권선구,2026-08-13T15:00,ncep_gefs_seamless,31,0.742,0.258,0,0
2026-08-12,수원시권선구,2026-08-13T15:00,ecmwf_ifs025_ensemble,51,0.451,0.51,0.039,0
2026-08-12,수원시권선구,2026-08-13T15:00,gem_global_ensemble,21,0.952,0.048,0,0
2026-08-12,수원시권선구,2026-08-13T16:00,ensemble,143,0.72,0.266,0.014,0
2026-08-12,수원시권선구,2026-08-13T16:00,icon_seamless_eps,40,1,0,0,0
2026-08-12,수원시권선구,2026-08-13T16:00,ncep_gefs_seamless,31,0.613,0.387,0,0
2026-08-12,수원시권선구,2026-08-13T16:00,ecmwf_ifs025_ensemble,51,0.471,0.49,0.039,0
2026-08-12,수원시권선구,2026-08-13T16:00,gem_global_ensemble,21,0.952,0.048,0,0
2026-08-12,수원시권선구,2026-08-13T17:00,ensemble,143,0.72,0.266,0.014,0
2026-08-12,수원시권선구,2026-08-13T17:00,icon_seamless_eps,40,1,0,0,0
2026-08-12,수원시권선구,2026-08-13T17:00,ncep_gefs_seamless,31,0.613,0.387,0,0
2026-08-12,수원시권선구,2026-08-13T17:00,ecmwf_ifs025_ensemble,51,0.471,0.49,0.039,0
2026-08-12,수원시권선구,2026-08-13T17:00,gem_global_ensemble,21,0.952,0.048,0,0
2026-08-12,수원시권선구,2026-08-13T18:00,ensemble,143,0.72,0.266,0.014,0
2026-08-12,수원시권선구,2026-08-13T18:00,icon_seamless_eps,40,1,0,0,0
2026-08-12,수원시권선구,2026-08-13T18:00,ncep_gefs_seamless,31,0.613,0.387,0,0
2026-08-12,수원시권선구,2026-08-13T18:00,ecmwf_ifs025_ensemble,51,0.471,0.49,0.039,0
2026-08-12,수원시권선구,2026-08-13T18:00,gem_global_ensemble,21,0.952,0.048,0,0
2026-08-12,수원시권선구,2026-08-13T19:00,ensemble,143,0.958,0.035,0.007,0
2026-08-12,수원시권선구,2026-08-13T19:00,icon_seamless_eps,40,1,0,0,0
2026-08-12,수원시권선구,2026-08-13T19:00,ncep_gefs_seamless,31,1,0,0,0
2026-08-12,수원시권선구,2026-08-13T19:00,ecmwf_ifs025_ensemble,51,0.882,0.098,0.02,0
2026-08-12,수원시권선구,2026-08-13T19:00,gem_global_ensemble,21,1,0,0,0
2026-08-12,수원시권선구,2026-08-13T20:00,ensemble,143,0.958,0.035,0.007,0
2026-08-12,수원시권선구,2026-08-13T20:00,icon_seamless_eps,40,1,0,0,0
2026-08-12,수원시권선구,2026-08-13T20:00,ncep_gefs_seamless,31,1,0,0,0
2026-08-12,수원시권선구,2026-08-13T20:00,ecmwf_ifs025_ensemble,51,0.882,0.098,0.02,0
2026-08-12,수원시권선구,2026-08-13T20:00,gem_global_ensemble,21,1,0,0,0
2026-08-12,수원시권선구,2026-08-13T21:00,ensemble,143,0.958,0.035,0.007,0
2026-08-12,수원시권선구,2026-08-13T21:00,icon_seamless_eps,40,1,0,0,0
2026-08-12,수원시권선구,2026-08-13T21:00,ncep_gefs_seamless,31,1,0,0,0
2026-08-12,수원시권선구,2026-08-13T21:00,ecmwf_ifs025_ensemble,51,0.882,0.098,0.02,0
2026-08-12,수원시권선구,2026-08-13T21:00,gem_global_ensemble,21,1,0,0,0
2026-08-12,수원시권선구,2026-08-13T22:00,ensemble,143,1,0,0,0
2026-08-12,수원시권선구,2026-08-13T22:00,icon_seamless_eps,40,1,0,0,0
2026-08-12,수원시권선구,2026-08-13T22:00,ncep_gefs_seamless,31,1,0,0,0
2026-08-12,수원시권선구,2026-08-13T22:00,ecmwf_ifs025_ensemble,51,1,0,0,0
2026-08-12,수원시권선구,2026-08-13T22:00,gem_global_ensemble,21,1,0,0,0
2026-08-12,수원시권선구,2026-08-13T23:00,ensemble,143,1,0,0,0
2026-08-12,수원시권선구,2026-08-13T23:00,icon_seamless_eps,40,1,0,0,0
2026-08-12,수원시권선구,2026-08-13T23:00,ncep_gefs_seamless,31,1,0,0,0
2026-08-12,수원시권선구,2026-08-13T23:00,ecmwf_ifs025_ensemble,51,1,0,0,0
2026-08-12,수원시권선구,2026-08-13T23:00,gem_global_ensemble,21,1,0,0,0
2026-08-12,성남시수정구,2026-08-12T00:00,ensemble,143,1,0,0,0
2026-08-12,성남시수정구,2026-08-12T00:00,icon_seamless_eps,40,1,0,0,0
2026-08-12,성남시수정구,2026-08-12T00:00,ncep_gefs_seamless,31,1,0,0,0
2026-08-12,성남시수정구,2026-08-12T00:00,ecmwf_ifs025_ensemble,51,1,0,0,0
2026-08-12,성남시수정구,2026-08-12T00:00,gem_global_ensemble,21,1,0,0,0
2026-08-12,성남시수정구,2026-08-12T01:00,ensemble,143,1,0,0,0
2026-08-12,성남시수정구,2026-08-12T01:00,icon_seamless_eps,40,1,0,0,0
2026-08-12,성남시수정구,2026-08-12T01:00,ncep_gefs_seamless,31,1,0,0,0
2026-08-12,성남시수정구,2026-08-12T01:00,ecmwf_ifs025_ensemble,51,1,0,0,0
2026-08-12,성남시수정구,2026-08-12T01:00,gem_global_ensemble,21,1,0,0,0
2026-08-12,성남시수정구,2026-08-12T02:00,ensemble,143,1,0,0,0
2026-08-12,성남시수정구,2026-08-12T02:00,icon_seamless_eps,40,1,0,0,0
2026-08-12,성남시수정구,2026-08-12T02:00,ncep_gefs_seamless,31,1,0,0,0
2026-08-12,성남시수정구,2026-08-12T02:00,ecmwf_ifs025_ensemble,51,1,0,0,0
2026-08-12,성남시수정구,2026-08-12T02:00,gem_global_ensemble,21,1,0,0,0
2026-08-12,성남시수정구,2026-08-12T03:00,ensemble,143,1,0,0,0
2026-08-12,성남시수정구,2026-08-12T03:00,icon_seamless_eps,40,1,0,0,0
2026-08-12,성남시수정구,2026-08-12T03:00,ncep_gefs_seamless,31,1,0,0,0
2026-08-12,성남시수정구,2026-08-12T03:00,ecmwf_ifs025_ensemble,51,1,0,0,0
2026-08-12,성남시수정구,2026-08-12T03:00,gem_global_ensemble,21,1,0,0,0
2026-08-12,성남시수정구,2026-08-12T04:00,ensemble,143,1,0,0,0
2026-08-12,성남시수정구,2026-08-12T04:00,icon_seamless_eps,40,1,0,0,0
2026-08-12,성남시수정구,2026-08-12T04:00,ncep_gefs_seamless,31,1,0,0,0
2026-08-12,성남시수정구,2026-08-12T04:00,ecmwf_ifs025_ensemble,51,1,0,0,0
2026-08-12,성남시수정구,2026-08-12T04:00,gem_global_ensemble,21,1,0,0,0
2026-08-12,성남시수정구,2026-08-12T05:00,ensemble,143,1,0,0,0
2026-08-12,성남시수정구,2026-08-12T05:00,icon_seamless_eps,40,1,0,0,0
2026-08-12,성남시수정구,2026-08-12T05:00,ncep_gefs_seamless,31,1,0,0,0
2026-08-12,성남시수정구,2026-08-12T05:00,ecmwf_ifs025_ensemble,51,1,0,0,0
2026-08-12,성남시수정구,2026-08-12T05:00,gem_global_ensemble,21,1,0,0,0
2026-08-12,성남시수정구,2026-08-12T06:00,ensemble,143,1,0,0,0
2026-08-12,성남시수정구,2026-08-12T06:00,icon_seamless_eps,40,1,0,0,0
2026-08-12,성남시수정구,2026-08-12T06:00,ncep_gefs_seamless,31,1,0,0,0
2026-08-12,성남시수정구,2026-08-12T06:00,ecmwf_ifs025_ensemble,51,1,0,0,0
2026-08-12,성남시수정구,2026-08-12T06:00,gem_global_ensemble,21,1,0,0,0
2026-08-12,성남시수정구,2026-08-12T07:00,ensemble,143,1,0,0,0
2026-08-12,성남시수정구,2026-08-12T07:00,icon_seamless_eps,40,1,0,0,0
2026-08-12,성남시수정구,2026-08-12T07:00,ncep_gefs_seamless,31,1,0,0,0
2026-08-12,성남시수정구,2026-08-12T07:00,ecmwf_ifs025_ensemble,51,1,0,0,0
2026-08-12,성남시수정구,2026-08-12T07:00,gem_global_ensemble,21,1,0,0,0
2026-08-12,성남시수정구,2026-08-12T08:00,ensemble,143,1,0,0,0
2026-08-12,성남시수정구,2026-08-12T08:00,icon_seamless_eps,40,1,0,0,0
2026-08-12,성남시수정구,2026-08-12T08:00,ncep_gefs_seamless,31,1,0,0,0
2026-08-12,성남시수정구,2026-08-12T08:00,ecmwf_ifs025_ensemble,51,1,0,0,0
2026-08-12,성남시수정구,2026-08-12T08:00,gem_global_ensemble,21,1,0,0,0
2026-08-12,성남시수정구,2026-08-12T09:00,ensemble,143,1,0,0,0
2026-08-12,성남시수정구,2026-08-12T09:00,icon_seamless_eps,40,1,0,0,0
2026-08-12,성남시수정구,2026-08-12T09:00,ncep_gefs_seamless,31,1,0,0,0
2026-08-12,성남시수정구,2026-08-12T09:00,ecmwf_ifs025_ensemble,51,1,0,0,0
2026-08-12,성남시수정구,2026-08-12T09:00,gem_global_ensemble,21,1,0,0,0
2026-08-12,성남시수정구,2026-08-12T10:00,ensemble,143,1,0,0,0
2026-08-12,성남시수정구,2026-08-12T10:00,icon_seamless_eps,40,1,0,0,0
2026-08-12,성남시수정구,2026-08-12T10:00,ncep_gefs_seamless,31,1,0,0,0
2026-08-12,성남시수정구,2026-08-12T10:00,ecmwf_ifs025_ensemble,51,1,0,0,0
2026-08-12,성남시수정구,2026-08-12T10:00,gem_global_ensemble,21,1,0,0,0
2026-08-12,성남시수정구,2026-08-12T11:00,ensemble,143,1,0,0,0
2026-08-12,성남시수정구,2026-08-12T11:00,icon_seamless_eps,40,1,0,0,0
2026-08-12,성남시수정구,2026-08-12T11:00,ncep_gefs_seamless,31,1,0,0,0
2026-08-12,성남시수정구,2026-08-12T11:00,ecmwf_ifs025_ensemble,51,1,0,0,0
2026-08-12,성남시수정구,2026-08-12T11:00,gem_global_ensemble,21,1,0,0,0
2026-08-12,성남시수정구,2026-08-12T12:00,ensemble,143,1,0,0,0
2026-08-12,성남시수정구,2026-08-12T12:00,icon_seamless_eps,40,1,0,0,0
2026-08-12,성남시수정구,2026-08-12T12:00,ncep_gefs_seamless,31,1,0,0,0
2026-08-12,성남시수정구,2026-08-12T12:00,ecmwf_ifs025_ensemble,51,1,0,0,0
2026-08-12,성남시수정구,2026-08-12T12:00,gem_global_ensemble,21,1,0,0,0
2026-08-12,성남시수정구,2026-08-12T13:00,ensemble,143,1,0,0,0
2026-08-12,성남시수정구,2026-08-12T13:00,icon_seamless_eps,40,1,0,0,0
2026-08-12,성남시수정구,2026-08-12T13:00,ncep_gefs_seamless,31,1,0,0,0
2026-08-12,성남시수정구,2026-08-12T13:00,ecmwf_ifs025_ensemble,51,1,0,0,0
2026-08-12,성남시수정구,2026-08-12T13:00,gem_global_ensemble,21,1,0,0,0
2026-08-12,성남시수정구,2026-08-12T14:00,ensemble,143,1,0,0,0
2026-08-12,성남시수정구,2026-08-12T14:00,icon_seamless_eps,40,1,0,0,0
2026-08-12,성남시수정구,2026-08-12T14:00,ncep_gefs_seamless,31,1,0,0,0
2026-08-12,성남시수정구,2026-08-12T14:00,ecmwf_ifs025_ensemble,51,1,0,0,0
2026-08-12,성남시수정구,2026-08-12T14:00,gem_global_ensemble,21,1,0,0,0
2026-08-12,성남시수정구,2026-08-12T15:00,ensemble,143,1,0,0,0
2026-08-12,성남시수정구,2026-08-12T15:00,icon_seamless_eps,40,1,0,0,0
2026-08-12,성남시수정구,2026-08-12T15:00,ncep_gefs_seamless,31,1,0,0,0
2026-08-12,성남시수정구,2026-08-12T15:00,ecmwf_ifs025_ensemble,51,1,0,0,0
2026-08-12,성남시수정구,2026-08-12T15:00,gem_global_ensemble,21,1,0,0,0
2026-08-12,성남시수정구,2026-08-12T16:00,ensemble,143,1,0,0,0
2026-08-12,성남시수정구,2026-08-12T16:00,icon_seamless_eps,40,1,0,0,0
2026-08-12,성남시수정구,2026-08-12T16:00,ncep_gefs_seamless,31,1,0,0,0
2026-08-12,성남시수정구,2026-08-12T16:00,ecmwf_ifs025_ensemble,51,1,0,0,0
2026-08-12,성남시수정구,2026-08-12T16:00,gem_global_ensemble,21,1,0,0,0
2026-08-12,성남시수정구,2026-08-12T17:00,ensemble,143,1,0,0,0
2026-08-12,성남시수정구,2026-08-12T17:00,icon_seamless_eps,40,1,0,0,0
2026-08-12,성남시수정구,2026-08-12T17:00,ncep_gefs_seamless,31,1,0,0,0
2026-08-12,성남시수정구,2026-08-12T17:00,ecmwf_ifs025_ensemble,51,1,0,0,0
2026-08-12,성남시수정구,2026-08-12T17:00,gem_global_ensemble,21,1,0,0,0
2026-08-12,성남시수정구,2026-08-12T18:00,ensemble,143,1,0,0,0
2026-08-12,성남시수정구,2026-08-12T18:00,icon_seamless_eps,40,1,0,0,0
2026-08-12,성남시수정구,2026-08-12T18:00,ncep_gefs_seamless,31,1,0,0,0
2026-08-12,성남시수정구,2026-08-12T18:00,ecmwf_ifs025_ensemble,51,1,0,0,0
2026-08-12,성남시수정구,2026-08-12T18:00,gem_global_ensemble,21,1,0,0,0
2026-08-12,성남시수정구,2026-08-12T19:00,ensemble,143,1,0,0,0
2026-08-12,성남시수정구,2026-08-12T19:00,icon_seamless_eps,40,1,0,0,0
2026-08-12,성남시수정구,2026-08-12T19:00,ncep_gefs_seamless,31,1,0,0,0
2026-08-12,성남시수정구,2026-08-12T19:00,ecmwf_ifs025_ensemble,51,1,0,0,0
2026-08-12,성남시수정구,2026-08-12T19:00,gem_global_ensemble,21,1,0,0,0
2026-08-12,성남시수정구,2026-08-12T20:00,ensemble,143,1,0,0,0
2026-08-12,성남시수정구,2026-08-12T20:00,icon_seamless_eps,40,1,0,0,0
2026-08-12,성남시수정구,2026-08-12T20:00,ncep_gefs_seamless,31,1,0,0,0
2026-08-12,성남시수정구,2026-08-12T20:00,ecmwf_ifs025_ensemble,51,1,0,0,0
2026-08-12,성남시수정구,2026-08-12T20:00,gem_global_ensemble,21,1,0,0,0
2026-08-12,성남시수정구,2026-08-12T21:00,ensemble,143,1,0,0,0
2026-08-12,성남시수정구,2026-08-12T21:00,icon_seamless_eps,40,1,0,0,0
2026-08-12,성남시수정구,2026-08-12T21:00,ncep_gefs_seamless,31,1,0,0,0
2026-08-12,성남시수정구,2026-08-12T21:00,ecmwf_ifs025_ensemble,51,1,0,0,0
2026-08-12,성남시수정구,2026-08-12T21:00,gem_global_ensemble,21,1,0,0,0
2026-08-12,성남시수정구,2026-08-12T22:00,ensemble,143,1,0,0,0
2026-08-12,성남시수정구,2026-08-12T22:00,icon_seamless_eps,40,1,0,0,0
2026-08-12,성남시수정구,2026-08-12T22:00,ncep_gefs_seamless,31,1,0,0,0
2026-08-12,성남시수정구,2026-08-12T22:00,ecmwf_ifs025_ensemble,51,1,0,0,0
2026-08-12,성남시수정구,2026-08-12T22:00,gem_global_ensemble,21,1,0,0,0
2026-08-12,성남시수정구,2026-08-12T23:00,ensemble,143,1,0,0,0
2026-08-12,성남시수정구,2026-08-12T23:00,icon_seamless_eps,40,1,0,0,0
2026-08-12,성남시수정구,2026-08-12T23:00,ncep_gefs_seamless,31,1,0,0,0
2026-08-12,성남시수정구,2026-08-12T23:00,ecmwf_ifs025_ensemble,51,1,0,0,0
2026-08-12,성남시수정구,2026-08-12T23:00,gem_global_ensemble,21,1,0,0,0
2026-08-12,성남시수정구,2026-08-13T00:00,ensemble,143,1,0,0,0
2026-08-12,성남시수정구,2026-08-13T00:00,icon_seamless_eps,40,1,0,0,0
2026-08-12,성남시수정구,2026-08-13T00:00,ncep_gefs_seamless,31,1,0,0,0
2026-08-12,성남시수정구,2026-08-13T00:00,ecmwf_ifs025_ensemble,51,1,0,0,0
2026-08-12,성남시수정구,2026-08-13T00:00,gem_global_ensemble,21,1,0,0,0
2026-08-12,성남시수정구,2026-08-13T01:00,ensemble,143,1,0,0,0
2026-08-12,성남시수정구,2026-08-13T01:00,icon_seamless_eps,40,1,0,0,0
2026-08-12,성남시수정구,2026-08-13T01:00,ncep_gefs_seamless,31,1,0,0,0
2026-08-12,성남시수정구,2026-08-13T01:00,ecmwf_ifs025_ensemble,51,1,0,0,0
2026-08-12,성남시수정구,2026-08-13T01:00,gem_global_ensemble,21,1,0,0,0
2026-08-12,성남시수정구,2026-08-13T02:00,ensemble,143,1,0,0,0
2026-08-12,성남시수정구,2026-08-13T02:00,icon_seamless_eps,40,1,0,0,0
2026-08-12,성남시수정구,2026-08-13T02:00,ncep_gefs_seamless,31,1,0,0,0
2026-08-12,성남시수정구,2026-08-13T02:00,ecmwf_ifs025_ensemble,51,1,0,0,0
2026-08-12,성남시수정구,2026-08-13T02:00,gem_global_ensemble,21,1,0,0,0
2026-08-12,성남시수정구,2026-08-13T03:00,ensemble,143,1,0,0,0
2026-08-12,성남시수정구,2026-08-13T03:00,icon_seamless_eps,40,1,0,0,0
2026-08-12,성남시수정구,2026-08-13T03:00,ncep_gefs_seamless,31,1,0,0,0
2026-08-12,성남시수정구,2026-08-13T03:00,ecmwf_ifs025_ensemble,51,1,0,0,0
2026-08-12,성남시수정구,2026-08-13T03:00,gem_global_ensemble,21,1,0,0,0
2026-08-12,성남시수정구,2026-08-13T04:00,ensemble,143,1,0,0,0
2026-08-12,성남시수정구,2026-08-13T04:00,icon_seamless_eps,40,1,0,0,0
2026-08-12,성남시수정구,2026-08-13T04:00,ncep_gefs_seamless,31,1,0,0,0
2026-08-12,성남시수정구,2026-08-13T04:00,ecmwf_ifs025_ensemble,51,1,0,0,0
2026-08-12,성남시수정구,2026-08-13T04:00,gem_global_ensemble,21,1,0,0,0
2026-08-12,성남시수정구,2026-08-13T05:00,ensemble,143,1,0,0,0
2026-08-12,성남시수정구,2026-08-13T05:00,icon_seamless_eps,40,1,0,0,0
2026-08-12,성남시수정구,2026-08-13T05:00,ncep_gefs_seamless,31,1,0,0,0
2026-08-12,성남시수정구,2026-08-13T05:00,ecmwf_ifs025_ensemble,51,1,0,0,0
2026-08-12,성남시수정구,2026-08-13T05:00,gem_global_ensemble,21,1,0,0,0
2026-08-12,성남시수정구,2026-08-13T06:00,ensemble,143,1,0,0,0
2026-08-12,성남시수정구,2026-08-13T06:00,icon_seamless_eps,40,1,0,0,0
2026-08-12,성남시수정구,2026-08-13T06:00,ncep_gefs_seamless,31,1,0,0,0
2026-08-12,성남시수정구,2026-08-13T06:00,ecmwf_ifs025_ensemble,51,1,0,0,0
2026-08-12,성남시수정구,2026-08-13T06:00,gem_global_ensemble,21,1,0,0,0
2026-08-12,성남시수정구,2026-08-13T07:00,ensemble,143,1,0,0,0
2026-08-12,성남시수정구,2026-08-13T07:00,icon_seamless_eps,40,1,0,0,0
2026-08-12,성남시수정구,2026-08-13T07:00,ncep_gefs_seamless,31,1,0,0,0
2026-08-12,성남시수정구,2026-08-13T07:00,ecmwf_ifs025_ensemble,51,1,0,0,0
2026-08-12,성남시수정구,2026-08-13T07:00,gem_global_ensemble,21,1,0,0,0
2026-08-12,성남시수정구,2026-08-13T08:00,ensemble,143,1,0,0,0
2026-08-12,성남시수정구,2026-08-13T08:00,icon_seamless_eps,40,1,0,0,0
2026-08-12,성남시수정구,2026-08-13T08:00,ncep_gefs_seamless,31,1,0,0,0
2026-08-12,성남시수정구,2026-08-13T08:00,ecmwf_ifs025_ensemble,51,1,0,0,0
2026-08-12,성남시수정구,2026-08-13T08:00,gem_global_ensemble,21,1,0,0,0
2026-08-12,성남시수정구,2026-08-13T09:00,ensemble,143,1,0,0,0
2026-08-12,성남시수정구,2026-08-13T09:00,icon_seamless_eps,40,1,0,0,0
2026-08-12,성남시수정구,2026-08-13T09:00,ncep_gefs_seamless,31,1,0,0,0
2026-08-12,성남시수정구,2026-08-13T09:00,ecmwf_ifs025_ensemble,51,1,0,0,0
2026-08-12,성남시수정구,2026-08-13T09:00,gem_global_ensemble,21,1,0,0,0
2026-08-12,성남시수정구,2026-08-13T10:00,ensemble,143,0.93,0.07,0,0
2026-08-12,성남시수정구,2026-08-13T10:00,icon_seamless_eps,40,1,0,0,0
2026-08-12,성남시수정구,2026-08-13T10:00,ncep_gefs_seamless,31,1,0,0,0
2026-08-12,성남시수정구,2026-08-13T10:00,ecmwf_ifs025_ensemble,51,0.804,0.196,0,0
2026-08-12,성남시수정구,2026-08-13T10:00,gem_global_ensemble,21,1,0,0,0
2026-08-12,성남시수정구,2026-08-13T11:00,ensemble,143,0.93,0.07,0,0
2026-08-12,성남시수정구,2026-08-13T11:00,icon_seamless_eps,40,1,0,0,0
2026-08-12,성남시수정구,2026-08-13T11:00,ncep_gefs_seamless,31,1,0,0,0
2026-08-12,성남시수정구,2026-08-13T11:00,ecmwf_ifs025_ensemble,51,0.804,0.196,0,0
2026-08-12,성남시수정구,2026-08-13T11:00,gem_global_ensemble,21,1,0,0,0
2026-08-12,성남시수정구,2026-08-13T12:00,ensemble,143,0.93,0.07,0,0
2026-08-12,성남시수정구,2026-08-13T12:00,icon_seamless_eps,40,1,0,0,0
2026-08-12,성남시수정구,2026-08-13T12:00,ncep_gefs_seamless,31,1,0,0,0
2026-08-12,성남시수정구,2026-08-13T12:00,ecmwf_ifs025_ensemble,51,0.804,0.196,0,0
2026-08-12,성남시수정구,2026-08-13T12:00,gem_global_ensemble,21,1,0,0,0
2026-08-12,성남시수정구,2026-08-13T13:00,ensemble,143,0.741,0.259,0,0
2026-08-12,성남시수정구,2026-08-13T13:00,icon_seamless_eps,40,1,0,0,0
2026-08-12,성남시수정구,2026-08-13T13:00,ncep_gefs_seamless,31,0.806,0.194,0,0
2026-08-12,성남시수정구,2026-08-13T13:00,ecmwf_ifs025_ensemble,51,0.412,0.588,0,0
2026-08-12,성남시수정구,2026-08-13T13:00,gem_global_ensemble,21,0.952,0.048,0,0
2026-08-12,성남시수정구,2026-08-13T14:00,ensemble,143,0.741,0.259,0,0
2026-08-12,성남시수정구,2026-08-13T14:00,icon_seamless_eps,40,1,0,0,0
2026-08-12,성남시수정구,2026-08-13T14:00,ncep_gefs_seamless,31,0.806,0.194,0,0
2026-08-12,성남시수정구,2026-08-13T14:00,ecmwf_ifs025_ensemble,51,0.412,0.588,0,0
2026-08-12,성남시수정구,2026-08-13T14:00,gem_global_ensemble,21,0.952,0.048,0,0
2026-08-12,성남시수정구,2026-08-13T15:00,ensemble,143,0.741,0.259,0,0
2026-08-12,성남시수정구,2026-08-13T15:00,icon_seamless_eps,40,1,0,0,0
2026-08-12,성남시수정구,2026-08-13T15:00,ncep_gefs_seamless,31,0.806,0.194,0,0
2026-08-12,성남시수정구,2026-08-13T15:00,ecmwf_ifs025_ensemble,51,0.412,0.588,0,0
2026-08-12,성남시수정구,2026-08-13T15:00,gem_global_ensemble,21,0.952,0.048,0,0
2026-08-12,성남시수정구,2026-08-13T16:00,ensemble,143,0.818,0.182,0,0
2026-08-12,성남시수정구,2026-08-13T16:00,icon_seamless_eps,40,0.975,0.025,0,0
2026-08-12,성남시수정구,2026-08-13T16:00,ncep_gefs_seamless,31,0.871,0.129,0,0
2026-08-12,성남시수정구,2026-08-13T16:00,ecmwf_ifs025_ensemble,51,0.608,0.392,0,0
2026-08-12,성남시수정구,2026-08-13T16:00,gem_global_ensemble,21,0.952,0.048,0,0
2026-08-12,성남시수정구,2026-08-13T17:00,ensemble,143,0.818,0.182,0,0
2026-08-12,성남시수정구,2026-08-13T17:00,icon_seamless_eps,40,0.975,0.025,0,0
2026-08-12,성남시수정구,2026-08-13T17:00,ncep_gefs_seamless,31,0.871,0.129,0,0
2026-08-12,성남시수정구,2026-08-13T17:00,ecmwf_ifs025_ensemble,51,0.608,0.392,0,0
2026-08-12,성남시수정구,2026-08-13T17:00,gem_global_ensemble,21,0.952,0.048,0,0
2026-08-12,성남시수정구,2026-08-13T18:00,ensemble,143,0.825,0.175,0,0
2026-08-12,성남시수정구,2026-08-13T18:00,icon_seamless_eps,40,1,0,0,0
2026-08-12,성남시수정구,2026-08-13T18:00,ncep_gefs_seamless,31,0.871,0.129,0,0
2026-08-12,성남시수정구,2026-08-13T18:00,ecmwf_ifs025_ensemble,51,0.608,0.392,0,0
2026-08-12,성남시수정구,2026-08-13T18:00,gem_global_ensemble,21,0.952,0.048,0,0
2026-08-12,성남시수정구,2026-08-13T19:00,ensemble,143,0.986,0.014,0,0
2026-08-12,성남시수정구,2026-08-13T19:00,icon_seamless_eps,40,0.975,0.025,0,0
2026-08-12,성남시수정구,2026-08-13T19:00,ncep_gefs_seamless,31,1,0,0,0
2026-08-12,성남시수정구,2026-08-13T19:00,ecmwf_ifs025_ensemble,51,0.98,0.02,0,0
2026-08-12,성남시수정구,2026-08-13T19:00,gem_global_ensemble,21,1,0,0,0
2026-08-12,성남시수정구,2026-08-13T20:00,ensemble,143,0.993,0.007,0,0
2026-08-12,성남시수정구,2026-08-13T20:00,icon_seamless_eps,40,1,0,0,0
2026-08-12,성남시수정구,2026-08-13T20:00,ncep_gefs_seamless,31,1,0,0,0
2026-08-12,성남시수정구,2026-08-13T20:00,ecmwf_ifs025_ensemble,51,0.98,0.02,0,0
2026-08-12,성남시수정구,2026-08-13T20:00,gem_global_ensemble,21,1,0,0,0
2026-08-12,성남시수정구,2026-08-13T21:00,ensemble,143,0.993,0.007,0,0
2026-08-12,성남시수정구,2026-08-13T21:00,icon_seamless_eps,40,1,0,0,0
2026-08-12,성남시수정구,2026-08-13T21:00,ncep_gefs_seamless,31,1,0,0,0
2026-08-12,성남시수정구,2026-08-13T21:00,ecmwf_ifs025_ensemble,51,0.98,0.02,0,0
2026-08-12,성남시수정구,2026-08-13T21:00,gem_global_ensemble,21,1,0,0,0
2026-08-12,성남시수정구,2026-08-13T22:00,ensemble,143,0.986,0.014,0,0
2026-08-12,성남시수정구,2026-08-13T22:00,icon_seamless_eps,40,1,0,0,0
2026-08-12,성남시수정구,2026-08-13T22:00,ncep_gefs_seamless,31,1,0,0,0
2026-08-12,성남시수정구,2026-08-13T22:00,ecmwf_ifs025_ensemble,51,0.961,0.039,0,0
2026-08-12,성남시수정구,2026-08-13T22:00,gem_global_ensemble,21,1,0,0,0
2026-08-12,성남시수정구,2026-08-13T23:00,ensemble,143,0.986,0.014,0,0
2026-08-12,성남시수정구,2026-08-13T23:00,icon_seamless_eps,40,1,0,0,0
2026-08-12,성남시수정구,2026-08-13T23:00,ncep_gefs_seamless,31,1,0,0,0
2026-08-12,성남시수정구,2026-08-13T23:00,ecmwf_ifs025_ensemble,51,0.961,0.039,0,0
2026-08-12,성남시수정구,2026-08-13T23:00,gem_global_ensemble,21,1,0,0,0
2026-08-13,수원시권선구,2026-08-13T00:00,ensemble,143,1,0,0,0
2026-08-13,수원시권선구,2026-08-13T00:00,icon_seamless_eps,40,1,0,0,0
2026-08-13,수원시권선구,2026-08-13T00:00,ncep_gefs_seamless,31,1,0,0,0
2026-08-13,수원시권선구,2026-08-13T00:00,ecmwf_ifs025_ensemble,51,1,0,0,0
2026-08-13,수원시권선구,2026-08-13T00:00,gem_global_ensemble,21,1,0,0,0
2026-08-13,수원시권선구,2026-08-13T01:00,ensemble,143,1,0,0,0
2026-08-13,수원시권선구,2026-08-13T01:00,icon_seamless_eps,40,1,0,0,0
2026-08-13,수원시권선구,2026-08-13T01:00,ncep_gefs_seamless,31,1,0,0,0
2026-08-13,수원시권선구,2026-08-13T01:00,ecmwf_ifs025_ensemble,51,1,0,0,0
2026-08-13,수원시권선구,2026-08-13T01:00,gem_global_ensemble,21,1,0,0,0
2026-08-13,수원시권선구,2026-08-13T02:00,ensemble,143,1,0,0,0
2026-08-13,수원시권선구,2026-08-13T02:00,icon_seamless_eps,40,1,0,0,0
2026-08-13,수원시권선구,2026-08-13T02:00,ncep_gefs_seamless,31,1,0,0,0
2026-08-13,수원시권선구,2026-08-13T02:00,ecmwf_ifs025_ensemble,51,1,0,0,0
2026-08-13,수원시권선구,2026-08-13T02:00,gem_global_ensemble,21,1,0,0,0
2026-08-13,수원시권선구,2026-08-13T03:00,ensemble,143,1,0,0,0
2026-08-13,수원시권선구,2026-08-13T03:00,icon_seamless_eps,40,1,0,0,0
2026-08-13,수원시권선구,2026-08-13T03:00,ncep_gefs_seamless,31,1,0,0,0
2026-08-13,수원시권선구,2026-08-13T03:00,ecmwf_ifs025_ensemble,51,1,0,0,0
2026-08-13,수원시권선구,2026-08-13T03:00,gem_global_ensemble,21,1,0,0,0
2026-08-13,수원시권선구,2026-08-13T04:00,ensemble,143,1,0,0,0
2026-08-13,수원시권선구,2026-08-13T04:00,icon_seamless_eps,40,1,0,0,0
2026-08-13,수원시권선구,2026-08-13T04:00,ncep_gefs_seamless,31,1,0,0,0
2026-08-13,수원시권선구,2026-08-13T04:00,ecmwf_ifs025_ensemble,51,1,0,0,0
2026-08-13,수원시권선구,2026-08-13T04:00,gem_global_ensemble,21,1,0,0,0
2026-08-13,수원시권선구,2026-08-13T05:00,ensemble,143,1,0,0,0
2026-08-13,수원시권선구,2026-08-13T05:00,icon_seamless_eps,40,1,0,0,0
2026-08-13,수원시권선구,2026-08-13T05:00,ncep_gefs_seamless,31,1,0,0,0
2026-08-13,수원시권선구,2026-08-13T05:00,ecmwf_ifs025_ensemble,51,1,0,0,0
2026-08-13,수원시권선구,2026-08-13T05:00,gem_global_ensemble,21,1,0,0,0
2026-08-13,수원시권선구,2026-08-13T06:00,ensemble,143,1,0,0,0
2026-08-13,수원시권선구,2026-08-13T06:00,icon_seamless_eps,40,1,0,0,0
2026-08-13,수원시권선구,2026-08-13T06:00,ncep_gefs_seamless,31,1,0,0,0
2026-08-13,수원시권선구,2026-08-13T06:00,ecmwf_ifs025_ensemble,51,1,0,0,0
2026-08-13,수원시권선구,2026-08-13T06:00,gem_global_ensemble,21,1,0,0,0
2026-08-13,수원시권선구,2026-08-13T07:00,ensemble,143,1,0,0,0
2026-08-13,수원시권선구,2026-08-13T07:00,icon_seamless_eps,40,1,0,0,0
2026-08-13,수원시권선구,2026-08-13T07:00,ncep_gefs_seamless,31,1,0,0,0
2026-08-13,수원시권선구,2026-08-13T07:00,ecmwf_ifs025_ensemble,51,1,0,0,0
2026-08-13,수원시권선구,2026-08-13T07:00,gem_global_ensemble,21,1,0,0,0
2026-08-13,수원시권선구,2026-08-13T08:00,ensemble,143,1,0,0,0
2026-08-13,수원시권선구,2026-08-13T08:00,icon_seamless_eps,40,1,0,0,0
2026-08-13,수원시권선구,2026-08-13T08:00,ncep_gefs_seamless,31,1,0,0,0
2026-08-13,수원시권선구,2026-08-13T08:00,ecmwf_ifs025_ensemble,51,1,0,0,0
2026-08-13,수원시권선구,2026-08-13T08:00,gem_global_ensemble,21,1,0,0,0
2026-08-13,수원시권선구,2026-08-13T09:00,ensemble,143,1,0,0,0
2026-08-13,수원시권선구,2026-08-13T09:00,icon_seamless_eps,40,1,0,0,0
2026-08-13,수원시권선구,2026-08-13T09:00,ncep_gefs_seamless,31,1,0,0,0
2026-08-13,수원시권선구,2026-08-13T09:00,ecmwf_ifs025_ensemble,51,1,0,0,0
2026-08-13,수원시권선구,2026-08-13T09:00,gem_global_ensemble,21,1,0,0,0
2026-08-13,수원시권선구,2026-08-13T10:00,ensemble,143,0.881,0.119,0,0
2026-08-13,수원시권선구,2026-08-13T10:00,icon_seamless_eps,40,1,0,0,0
2026-08-13,수원시권선구,2026-08-13T10:00,ncep_gefs_seamless,31,1,0,0,0
2026-08-13,수원시권선구,2026-08-13T10:00,ecmwf_ifs025_ensemble,51,0.667,0.333,0,0
2026-08-13,수원시권선구,2026-08-13T10:00,gem_global_ensemble,21,1,0,0,0
2026-08-13,수원시권선구,2026-08-13T11:00,ensemble,143,0.881,0.119,0,0
2026-08-13,수원시권선구,2026-08-13T11:00,icon_seamless_eps,40,1,0,0,0
2026-08-13,수원시권선구,2026-08-13T11:00,ncep_gefs_seamless,31,1,0,0,0
2026-08-13,수원시권선구,2026-08-13T11:00,ecmwf_ifs025_ensemble,51,0.667,0.333,0,0
2026-08-13,수원시권선구,2026-08-13T11:00,gem_global_ensemble,21,1,0,0,0
2026-08-13,수원시권선구,2026-08-13T12:00,ensemble,143,0.881,0.119,0,0
2026-08-13,수원시권선구,2026-08-13T12:00,icon_seamless_eps,40,1,0,0,0
2026-08-13,수원시권선구,2026-08-13T12:00,ncep_gefs_seamless,31,1,0,0,0
2026-08-13,수원시권선구,2026-08-13T12:00,ecmwf_ifs025_ensemble,51,0.667,0.333,0,0
2026-08-13,수원시권선구,2026-08-13T12:00,gem_global_ensemble,21,1,0,0,0
2026-08-13,수원시권선구,2026-08-13T13:00,ensemble,143,0.797,0.203,0,0
2026-08-13,수원시권선구,2026-08-13T13:00,icon_seamless_eps,40,1,0,0,0
2026-08-13,수원시권선구,2026-08-13T13:00,ncep_gefs_seamless,31,0.774,0.226,0,0
2026-08-13,수원시권선구,2026-08-13T13:00,ecmwf_ifs025_ensemble,51,0.588,0.412,0,0
2026-08-13,수원시권선구,2026-08-13T13:00,gem_global_ensemble,21,0.952,0.048,0,0
2026-08-13,수원시권선구,2026-08-13T14:00,ensemble,143,0.797,0.203,0,0
2026-08-13,수원시권선구,2026-08-13T14:00,icon_seamless_eps,40,1,0,0,0
2026-08-13,수원시권선구,2026-08-13T14:00,ncep_gefs_seamless,31,0.774,0.226,0,0
2026-08-13,수원시권선구,2026-08-13T14:00,ecmwf_ifs025_ensemble,51,0.588,0.412,0,0
2026-08-13,수원시권선구,2026-08-13T14:00,gem_global_ensemble,21,0.952,0.048,0,0
2026-08-13,수원시권선구,2026-08-13T15:00,ensemble,143,0.797,0.203,0,0
2026-08-13,수원시권선구,2026-08-13T15:00,icon_seamless_eps,40,1,0,0,0
2026-08-13,수원시권선구,2026-08-13T15:00,ncep_gefs_seamless,31,0.774,0.226,0,0
2026-08-13,수원시권선구,2026-08-13T15:00,ecmwf_ifs025_ensemble,51,0.588,0.412,0,0
2026-08-13,수원시권선구,2026-08-13T15:00,gem_global_ensemble,21,0.952,0.048,0,0
2026-08-13,수원시권선구,2026-08-13T16:00,ensemble,143,0.762,0.231,0.007,0
2026-08-13,수원시권선구,2026-08-13T16:00,icon_seamless_eps,40,1,0,0,0
2026-08-13,수원시권선구,2026-08-13T16:00,ncep_gefs_seamless,31,0.903,0.097,0,0
2026-08-13,수원시권선구,2026-08-13T16:00,ecmwf_ifs025_ensemble,51,0.471,0.529,0,0
2026-08-13,수원시권선구,2026-08-13T16:00,gem_global_ensemble,21,0.81,0.143,0.048,0
2026-08-13,수원시권선구,2026-08-13T17:00,ensemble,143,0.755,0.238,0.007,0
2026-08-13,수원시권선구,2026-08-13T17:00,icon_seamless_eps,40,0.975,0.025,0,0
2026-08-13,수원시권선구,2026-08-13T17:00,ncep_gefs_seamless,31,0.903,0.097,0,0
2026-08-13,수원시권선구,2026-08-13T17:00,ecmwf_ifs025_ensemble,51,0.471,0.529,0,0
2026-08-13,수원시권선구,2026-08-13T17:00,gem_global_ensemble,21,0.81,0.143,0.048,0
2026-08-13,수원시권선구,2026-08-13T18:00,ensemble,143,0.762,0.231,0.007,0
2026-08-13,수원시권선구,2026-08-13T18:00,icon_seamless_eps,40,1,0,0,0
2026-08-13,수원시권선구,2026-08-13T18:00,ncep_gefs_seamless,31,0.903,0.097,0,0
2026-08-13,수원시권선구,2026-08-13T18:00,ecmwf_ifs025_ensemble,51,0.471,0.529,0,0
2026-08-13,수원시권선구,2026-08-13T18:00,gem_global_ensemble,21,0.81,0.143,0.048,0
2026-08-13,수원시권선구,2026-08-13T19:00,ensemble,143,0.937,0.063,0,0
2026-08-13,수원시권선구,2026-08-13T19:00,icon_seamless_eps,40,1,0,0,0
2026-08-13,수원시권선구,2026-08-13T19:00,ncep_gefs_seamless,31,0.968,0.032,0,0
2026-08-13,수원시권선구,2026-08-13T19:00,ecmwf_ifs025_ensemble,51,0.902,0.098,0,0
2026-08-13,수원시권선구,2026-08-13T19:00,gem_global_ensemble,21,0.857,0.143,0,0
2026-08-13,수원시권선구,2026-08-13T20:00,ensemble,143,0.937,0.063,0,0
2026-08-13,수원시권선구,2026-08-13T20:00,icon_seamless_eps,40,1,0,0,0
2026-08-13,수원시권선구,2026-08-13T20:00,ncep_gefs_seamless,31,0.968,0.032,0,0
2026-08-13,수원시권선구,2026-08-13T20:00,ecmwf_ifs025_ensemble,51,0.902,0.098,0,0
2026-08-13,수원시권선구,2026-08-13T20:00,gem_global_ensemble,21,0.857,0.143,0,0
2026-08-13,수원시권선구,2026-08-13T21:00,ensemble,143,0.937,0.063,0,0
2026-08-13,수원시권선구,2026-08-13T21:00,icon_seamless_eps,40,1,0,0,0
2026-08-13,수원시권선구,2026-08-13T21:00,ncep_gefs_seamless,31,0.968,0.032,0,0
2026-08-13,수원시권선구,2026-08-13T21:00,ecmwf_ifs025_ensemble,51,0.902,0.098,0,0
2026-08-13,수원시권선구,2026-08-13T21:00,gem_global_ensemble,21,0.857,0.143,0,0
2026-08-13,수원시권선구,2026-08-13T22:00,ensemble,143,0.993,0.007,0,0
2026-08-13,수원시권선구,2026-08-13T22:00,icon_seamless_eps,40,0.975,0.025,0,0
2026-08-13,수원시권선구,2026-08-13T22:00,ncep_gefs_seamless,31,1,0,0,0
2026-08-13,수원시권선구,2026-08-13T22:00,ecmwf_ifs025_ensemble,51,1,0,0,0
2026-08-13,수원시권선구,2026-08-13T22:00,gem_global_ensemble,21,1,0,0,0
2026-08-13,수원시권선구,2026-08-13T23:00,ensemble,143,1,0,0,0
2026-08-13,수원시권선구,2026-08-13T23:00,icon_seamless_eps,40,1,0,0,0
2026-08-13,수원시권선구,2026-08-13T23:00,ncep_gefs_seamless,31,1,0,0,0
2026-08-13,수원시권선구,2026-08-13T23:00,ecmwf_ifs025_ensemble,51,1,0,0,0
2026-08-13,수원시권선구,2026-08-13T23:00,gem_global_ensemble,21,1,0,0,0
2026-08-13,수원시권선구,2026-08-14T00:00,ensemble,143,0.993,0.007,0,0
2026-08-13,수원시권선구,2026-08-14T00:00,icon_seamless_eps,40,0.975,0.025,0,0
2026-08-13,수원시권선구,2026-08-14T00:00,ncep_gefs_seamless,31,1,0,0,0
2026-08-13,수원시권선구,2026-08-14T00:00,ecmwf_ifs025_ensemble,51,1,0,0,0
2026-08-13,수원시권선구,2026-08-14T00:00,gem_global_ensemble,21,1,0,0,0
2026-08-13,수원시권선구,2026-08-14T01:00,ensemble,143,0.986,0.014,0,0
2026-08-13,수원시권선구,2026-08-14T01:00,icon_seamless_eps,40,1,0,0,0
2026-08-13,수원시권선구,2026-08-14T01:00,ncep_gefs_seamless,31,0.968,0.032,0,0
2026-08-13,수원시권선구,2026-08-14T01:00,ecmwf_ifs025_ensemble,51,0.98,0.02,0,0
2026-08-13,수원시권선구,2026-08-14T01:00,gem_global_ensemble,21,1,0,0,0
2026-08-13,수원시권선구,2026-08-14T02:00,ensemble,143,0.986,0.014,0,0
2026-08-13,수원시권선구,2026-08-14T02:00,icon_seamless_eps,40,1,0,0,0
2026-08-13,수원시권선구,2026-08-14T02:00,ncep_gefs_seamless,31,0.968,0.032,0,0
2026-08-13,수원시권선구,2026-08-14T02:00,ecmwf_ifs025_ensemble,51,0.98,0.02,0,0
2026-08-13,수원시권선구,2026-08-14T02:00,gem_global_ensemble,21,1,0,0,0
2026-08-13,수원시권선구,2026-08-14T03:00,ensemble,143,0.986,0.014,0,0
2026-08-13,수원시권선구,2026-08-14T03:00,icon_seamless_eps,40,1,0,0,0
2026-08-13,수원시권선구,2026-08-14T03:00,ncep_gefs_seamless,31,0.968,0.032,0,0
2026-08-13,수원시권선구,2026-08-14T03:00,ecmwf_ifs025_ensemble,51,0.98,0.02,0,0
2026-08-13,수원시권선구,2026-08-14T03:00,gem_global_ensemble,21,1,0,0,0
2026-08-13,수원시권선구,2026-08-14T04:00,ensemble,143,0.986,0.014,0,0
2026-08-13,수원시권선구,2026-08-14T04:00,icon_seamless_eps,40,1,0,0,0
2026-08-13,수원시권선구,2026-08-14T04:00,ncep_gefs_seamless,31,1,0,0,0
2026-08-13,수원시권선구,2026-08-14T04:00,ecmwf_ifs025_ensemble,51,0.961,0.039,0,0
2026-08-13,수원시권선구,2026-08-14T04:00,gem_global_ensemble,21,1,0,0,0
2026-08-13,수원시권선구,2026-08-14T05:00,ensemble,143,0.986,0.014,0,0
2026-08-13,수원시권선구,2026-08-14T05:00,icon_seamless_eps,40,1,0,0,0
2026-08-13,수원시권선구,2026-08-14T05:00,ncep_gefs_seamless,31,1,0,0,0
2026-08-13,수원시권선구,2026-08-14T05:00,ecmwf_ifs025_ensemble,51,0.961,0.039,0,0
2026-08-13,수원시권선구,2026-08-14T05:00,gem_global_ensemble,21,1,0,0,0
2026-08-13,수원시권선구,2026-08-14T06:00,ensemble,143,0.986,0.014,0,0
2026-08-13,수원시권선구,2026-08-14T06:00,icon_seamless_eps,40,1,0,0,0
2026-08-13,수원시권선구,2026-08-14T06:00,ncep_gefs_seamless,31,1,0,0,0
2026-08-13,수원시권선구,2026-08-14T06:00,ecmwf_ifs025_ensemble,51,0.961,0.039,0,0
2026-08-13,수원시권선구,2026-08-14T06:00,gem_global_ensemble,21,1,0,0,0
2026-08-13,수원시권선구,2026-08-14T07:00,ensemble,143,0.965,0.035,0,0
2026-08-13,수원시권선구,2026-08-14T07:00,icon_seamless_eps,40,0.975,0.025,0,0
2026-08-13,수원시권선구,2026-08-14T07:00,ncep_gefs_seamless,31,0.968,0.032,0,0
2026-08-13,수원시권선구,2026-08-14T07:00,ecmwf_ifs025_ensemble,51,0.941,0.059,0,0
2026-08-13,수원시권선구,2026-08-14T07:00,gem_global_ensemble,21,1,0,0,0
2026-08-13,수원시권선구,2026-08-14T08:00,ensemble,143,0.972,0.028,0,0
2026-08-13,수원시권선구,2026-08-14T08:00,icon_seamless_eps,40,1,0,0,0
2026-08-13,수원시권선구,2026-08-14T08:00,ncep_gefs_seamless,31,0.968,0.032,0,0
2026-08-13,수원시권선구,2026-08-14T08:00,ecmwf_ifs025_ensemble,51,0.941,0.059,0,0
2026-08-13,수원시권선구,2026-08-14T08:00,gem_global_ensemble,21,1,0,0,0
2026-08-13,수원시권선구,2026-08-14T09:00,ensemble,143,0.965,0.035,0,0
2026-08-13,수원시권선구,2026-08-14T09:00,icon_seamless_eps,40,0.975,0.025,0,0
2026-08-13,수원시권선구,2026-08-14T09:00,ncep_gefs_seamless,31,0.968,0.032,0,0
2026-08-13,수원시권선구,2026-08-14T09:00,ecmwf_ifs025_ensemble,51,0.941,0.059,0,0
2026-08-13,수원시권선구,2026-08-14T09:00,gem_global_ensemble,21,1,0,0,0
2026-08-13,수원시권선구,2026-08-14T10:00,ensemble,143,0.783,0.217,0,0
2026-08-13,수원시권선구,2026-08-14T10:00,icon_seamless_eps,40,1,0,0,0
2026-08-13,수원시권선구,2026-08-14T10:00,ncep_gefs_seamless,31,0.774,0.226,0,0
2026-08-13,수원시권선구,2026-08-14T10:00,ecmwf_ifs025_ensemble,51,0.529,0.471,0,0
2026-08-13,수원시권선구,2026-08-14T10:00,gem_global_ensemble,21,1,0,0,0
2026-08-13,수원시권선구,2026-08-14T11:00,ensemble,143,0.783,0.217,0,0
2026-08-13,수원시권선구,2026-08-14T11:00,icon_seamless_eps,40,1,0,0,0
2026-08-13,수원시권선구,2026-08-14T11:00,ncep_gefs_seamless,31,0.774,0.226,0,0
2026-08-13,수원시권선구,2026-08-14T11:00,ecmwf_ifs025_ensemble,51,0.529,0.471,0,0
2026-08-13,수원시권선구,2026-08-14T11:00,gem_global_ensemble,21,1,0,0,0
2026-08-13,수원시권선구,2026-08-14T12:00,ensemble,143,0.783,0.217,0,0
2026-08-13,수원시권선구,2026-08-14T12:00,icon_seamless_eps,40,1,0,0,0
2026-08-13,수원시권선구,2026-08-14T12:00,ncep_gefs_seamless,31,0.774,0.226,0,0
2026-08-13,수원시권선구,2026-08-14T12:00,ecmwf_ifs025_ensemble,51,0.529,0.471,0,0
2026-08-13,수원시권선구,2026-08-14T12:00,gem_global_ensemble,21,1,0,0,0
2026-08-13,수원시권선구,2026-08-14T13:00,ensemble,143,0.65,0.336,0.014,0
2026-08-13,수원시권선구,2026-08-14T13:00,icon_seamless_eps,40,1,0,0,0
2026-08-13,수원시권선구,2026-08-14T13:00,ncep_gefs_seamless,31,0.645,0.323,0.032,0
2026-08-13,수원시권선구,2026-08-14T13:00,ecmwf_ifs025_ensemble,51,0.373,0.608,0.02,0
2026-08-13,수원시권선구,2026-08-14T13:00,gem_global_ensemble,21,0.667,0.333,0,0
2026-08-13,수원시권선구,2026-08-14T14:00,ensemble,143,0.65,0.336,0.014,0
2026-08-13,수원시권선구,2026-08-14T14:00,icon_seamless_eps,40,1,0,0,0
2026-08-13,수원시권선구,2026-08-14T14:00,ncep_gefs_seamless,31,0.645,0.323,0.032,0
2026-08-13,수원시권선구,2026-08-14T14:00,ecmwf_ifs025_ensemble,51,0.373,0.608,0.02,0
2026-08-13,수원시권선구,2026-08-14T14:00,gem_global_ensemble,21,0.667,0.333,0,0
2026-08-13,수원시권선구,2026-08-14T15:00,ensemble,143,0.65,0.336,0.014,0
2026-08-13,수원시권선구,2026-08-14T15:00,icon_seamless_eps,40,1,0,0,0
2026-08-13,수원시권선구,2026-08-14T15:00,ncep_gefs_seamless,31,0.645,0.323,0.032,0
2026-08-13,수원시권선구,2026-08-14T15:00,ecmwf_ifs025_ensemble,51,0.373,0.608,0.02,0
2026-08-13,수원시권선구,2026-08-14T15:00,gem_global_ensemble,21,0.667,0.333,0,0
2026-08-13,수원시권선구,2026-08-14T16:00,ensemble,143,0.678,0.322,0,0
2026-08-13,수원시권선구,2026-08-14T16:00,icon_seamless_eps,40,1,0,0,0
2026-08-13,수원시권선구,2026-08-14T16:00,ncep_gefs_seamless,31,0.419,0.581,0,0
2026-08-13,수원시권선구,2026-08-14T16:00,ecmwf_ifs025_ensemble,51,0.549,0.451,0,0
2026-08-13,수원시권선구,2026-08-14T16:00,gem_global_ensemble,21,0.762,0.238,0,0
2026-08-13,수원시권선구,2026-08-14T17:00,ensemble,143,0.664,0.336,0,0
2026-08-13,수원시권선구,2026-08-14T17:00,icon_seamless_eps,40,0.95,0.05,0,0
2026-08-13,수원시권선구,2026-08-14T17:00,ncep_gefs_seamless,31,0.419,0.581,0,0
2026-08-13,수원시권선구,2026-08-14T17:00,ecmwf_ifs025_ensemble,51,0.549,0.451,0,0
2026-08-13,수원시권선구,2026-08-14T17:00,gem_global_ensemble,21,0.762,0.238,0,0
2026-08-13,수원시권선구,2026-08-14T18:00,ensemble,143,0.657,0.343,0,0
2026-08-13,수원시권선구,2026-08-14T18:00,icon_seamless_eps,40,0.925,0.075,0,0
2026-08-13,수원시권선구,2026-08-14T18:00,ncep_gefs_seamless,31,0.419,0.581,0,0
2026-08-13,수원시권선구,2026-08-14T18:00,ecmwf_ifs025_ensemble,51,0.549,0.451,0,0
2026-08-13,수원시권선구,2026-08-14T18:00,gem_global_ensemble,21,0.762,0.238,0,0
2026-08-13,수원시권선구,2026-08-14T19:00,ensemble,143,0.895,0.105,0,0
2026-08-13,수원시권선구,2026-08-14T19:00,icon_seamless_eps,40,0.95,0.05,0,0
2026-08-13,수원시권선구,2026-08-14T19:00,ncep_gefs_seamless,31,0.806,0.194,0,0
2026-08-13,수원시권선구,2026-08-14T19:00,ecmwf_ifs025_ensemble,51,0.941,0.059,0,0
2026-08-13,수원시권선구,2026-08-14T19:00,gem_global_ensemble,21,0.81,0.19,0,0
2026-08-13,수원시권선구,2026-08-14T20:00,ensemble,143,0.895,0.105,0,0
2026-08-13,수원시권선구,2026-08-14T20:00,icon_seamless_eps,40,0.95,0.05,0,0
2026-08-13,수원시권선구,2026-08-14T20:00,ncep_gefs_seamless,31,0.806,0.194,0,0
2026-08-13,수원시권선구,2026-08-14T20:00,ecmwf_ifs025_ensemble,51,0.941,0.059,0,0
2026-08-13,수원시권선구,2026-08-14T20:00,gem_global_ensemble,21,0.81,0.19,0,0
2026-08-13,수원시권선구,2026-08-14T21:00,ensemble,143,0.902,0.098,0,0
2026-08-13,수원시권선구,2026-08-14T21:00,icon_seamless_eps,40,0.975,0.025,0,0
2026-08-13,수원시권선구,2026-08-14T21:00,ncep_gefs_seamless,31,0.806,0.194,0,0
2026-08-13,수원시권선구,2026-08-14T21:00,ecmwf_ifs025_ensemble,51,0.941,0.059,0,0
2026-08-13,수원시권선구,2026-08-14T21:00,gem_global_ensemble,21,0.81,0.19,0,0
2026-08-13,수원시권선구,2026-08-14T22:00,ensemble,143,0.93,0.07,0,0
2026-08-13,수원시권선구,2026-08-14T22:00,icon_seamless_eps,40,1,0,0,0
2026-08-13,수원시권선구,2026-08-14T22:00,ncep_gefs_seamless,31,0.774,0.226,0,0
2026-08-13,수원시권선구,2026-08-14T22:00,ecmwf_ifs025_ensemble,51,0.98,0.02,0,0
2026-08-13,수원시권선구,2026-08-14T22:00,gem_global_ensemble,21,0.905,0.095,0,0
2026-08-13,수원시권선구,2026-08-14T23:00,ensemble,143,0.93,0.07,0,0
2026-08-13,수원시권선구,2026-08-14T23:00,icon_seamless_eps,40,1,0,0,0
2026-08-13,수원시권선구,2026-08-14T23:00,ncep_gefs_seamless,31,0.774,0.226,0,0
2026-08-13,수원시권선구,2026-08-14T23:00,ecmwf_ifs025_ensemble,51,0.98,0.02,0,0
2026-08-13,수원시권선구,2026-08-14T23:00,gem_global_ensemble,21,0.905,0.095,0,0
2026-08-13,성남시수정구,2026-08-13T00:00,ensemble,143,1,0,0,0
2026-08-13,성남시수정구,2026-08-13T00:00,icon_seamless_eps,40,1,0,0,0
2026-08-13,성남시수정구,2026-08-13T00:00,ncep_gefs_seamless,31,1,0,0,0
2026-08-13,성남시수정구,2026-08-13T00:00,ecmwf_ifs025_ensemble,51,1,0,0,0
2026-08-13,성남시수정구,2026-08-13T00:00,gem_global_ensemble,21,1,0,0,0
2026-08-13,성남시수정구,2026-08-13T01:00,ensemble,143,1,0,0,0
2026-08-13,성남시수정구,2026-08-13T01:00,icon_seamless_eps,40,1,0,0,0
2026-08-13,성남시수정구,2026-08-13T01:00,ncep_gefs_seamless,31,1,0,0,0
2026-08-13,성남시수정구,2026-08-13T01:00,ecmwf_ifs025_ensemble,51,1,0,0,0
2026-08-13,성남시수정구,2026-08-13T01:00,gem_global_ensemble,21,1,0,0,0
2026-08-13,성남시수정구,2026-08-13T02:00,ensemble,143,1,0,0,0
2026-08-13,성남시수정구,2026-08-13T02:00,icon_seamless_eps,40,1,0,0,0
2026-08-13,성남시수정구,2026-08-13T02:00,ncep_gefs_seamless,31,1,0,0,0
2026-08-13,성남시수정구,2026-08-13T02:00,ecmwf_ifs025_ensemble,51,1,0,0,0
2026-08-13,성남시수정구,2026-08-13T02:00,gem_global_ensemble,21,1,0,0,0
2026-08-13,성남시수정구,2026-08-13T03:00,ensemble,143,1,0,0,0
2026-08-13,성남시수정구,2026-08-13T03:00,icon_seamless_eps,40,1,0,0,0
2026-08-13,성남시수정구,2026-08-13T03:00,ncep_gefs_seamless,31,1,0,0,0
2026-08-13,성남시수정구,2026-08-13T03:00,ecmwf_ifs025_ensemble,51,1,0,0,0
2026-08-13,성남시수정구,2026-08-13T03:00,gem_global_ensemble,21,1,0,0,0
2026-08-13,성남시수정구,2026-08-13T04:00,ensemble,143,1,0,0,0
2026-08-13,성남시수정구,2026-08-13T04:00,icon_seamless_eps,40,1,0,0,0
2026-08-13,성남시수정구,2026-08-13T04:00,ncep_gefs_seamless,31,1,0,0,0
2026-08-13,성남시수정구,2026-08-13T04:00,ecmwf_ifs025_ensemble,51,1,0,0,0
2026-08-13,성남시수정구,2026-08-13T04:00,gem_global_ensemble,21,1,0,0,0
2026-08-13,성남시수정구,2026-08-13T05:00,ensemble,143,1,0,0,0
2026-08-13,성남시수정구,2026-08-13T05:00,icon_seamless_eps,40,1,0,0,0
2026-08-13,성남시수정구,2026-08-13T05:00,ncep_gefs_seamless,31,1,0,0,0
2026-08-13,성남시수정구,2026-08-13T05:00,ecmwf_ifs025_ensemble,51,1,0,0,0
2026-08-13,성남시수정구,2026-08-13T05:00,gem_global_ensemble,21,1,0,0,0
2026-08-13,성남시수정구,2026-08-13T06:00,ensemble,143,1,0,0,0
2026-08-13,성남시수정구,2026-08-13T06:00,icon_seamless_eps,40,1,0,0,0
2026-08-13,성남시수정구,2026-08-13T06:00,ncep_gefs_seamless,31,1,0,0,0
2026-08-13,성남시수정구,2026-08-13T06:00,ecmwf_ifs025_ensemble,51,1,0,0,0
2026-08-13,성남시수정구,2026-08-13T06:00,gem_global_ensemble,21,1,0,0,0
2026-08-13,성남시수정구,2026-08-13T07:00,ensemble,143,1,0,0,0
2026-08-13,성남시수정구,2026-08-13T07:00,icon_seamless_eps,40,1,0,0,0
2026-08-13,성남시수정구,2026-08-13T07:00,ncep_gefs_seamless,31,1,0,0,0
2026-08-13,성남시수정구,2026-08-13T07:00,ecmwf_ifs025_ensemble,51,1,0,0,0
2026-08-13,성남시수정구,2026-08-13T07:00,gem_global_ensemble,21,1,0,0,0
2026-08-13,성남시수정구,2026-08-13T08:00,ensemble,143,1,0,0,0
2026-08-13,성남시수정구,2026-08-13T08:00,icon_seamless_eps,40,1,0,0,0
2026-08-13,성남시수정구,2026-08-13T08:00,ncep_gefs_seamless,31,1,0,0,0
2026-08-13,성남시수정구,2026-08-13T08:00,ecmwf_ifs025_ensemble,51,1,0,0,0
2026-08-13,성남시수정구,2026-08-13T08:00,gem_global_ensemble,21,1,0,0,0
2026-08-13,성남시수정구,2026-08-13T09:00,ensemble,143,1,0,0,0
2026-08-13,성남시수정구,2026-08-13T09:00,icon_seamless_eps,40,1,0,0,0
2026-08-13,성남시수정구,2026-08-13T09:00,ncep_gefs_seamless,31,1,0,0,0
2026-08-13,성남시수정구,2026-08-13T09:00,ecmwf_ifs025_ensemble,51,1,0,0,0
2026-08-13,성남시수정구,2026-08-13T09:00,gem_global_ensemble,21,1,0,0,0
2026-08-13,성남시수정구,2026-08-13T10:00,ensemble,143,0.832,0.168,0,0
2026-08-13,성남시수정구,2026-08-13T10:00,icon_seamless_eps,40,1,0,0,0
2026-08-13,성남시수정구,2026-08-13T10:00,ncep_gefs_seamless,31,0.968,0.032,0,0
2026-08-13,성남시수정구,2026-08-13T10:00,ecmwf_ifs025_ensemble,51,0.549,0.451,0,0
2026-08-13,성남시수정구,2026-08-13T10:00,gem_global_ensemble,21,1,0,0,0
2026-08-13,성남시수정구,2026-08-13T11:00,ensemble,143,0.832,0.168,0,0
2026-08-13,성남시수정구,2026-08-13T11:00,icon_seamless_eps,40,1,0,0,0
2026-08-13,성남시수정구,2026-08-13T11:00,ncep_gefs_seamless,31,0.968,0.032,0,0
2026-08-13,성남시수정구,2026-08-13T11:00,ecmwf_ifs025_ensemble,51,0.549,0.451,0,0
2026-08-13,성남시수정구,2026-08-13T11:00,gem_global_ensemble,21,1,0,0,0
2026-08-13,성남시수정구,2026-08-13T12:00,ensemble,143,0.832,0.168,0,0
2026-08-13,성남시수정구,2026-08-13T12:00,icon_seamless_eps,40,1,0,0,0
2026-08-13,성남시수정구,2026-08-13T12:00,ncep_gefs_seamless,31,0.968,0.032,0,0
2026-08-13,성남시수정구,2026-08-13T12:00,ecmwf_ifs025_ensemble,51,0.549,0.451,0,0
2026-08-13,성남시수정구,2026-08-13T12:00,gem_global_ensemble,21,1,0,0,0
2026-08-13,성남시수정구,2026-08-13T13:00,ensemble,143,0.734,0.266,0,0
2026-08-13,성남시수정구,2026-08-13T13:00,icon_seamless_eps,40,1,0,0,0
2026-08-13,성남시수정구,2026-08-13T13:00,ncep_gefs_seamless,31,0.903,0.097,0,0
2026-08-13,성남시수정구,2026-08-13T13:00,ecmwf_ifs025_ensemble,51,0.333,0.667,0,0
2026-08-13,성남시수정구,2026-08-13T13:00,gem_global_ensemble,21,0.952,0.048,0,0
2026-08-13,성남시수정구,2026-08-13T14:00,ensemble,143,0.734,0.266,0,0
2026-08-13,성남시수정구,2026-08-13T14:00,icon_seamless_eps,40,1,0,0,0
2026-08-13,성남시수정구,2026-08-13T14:00,ncep_gefs_seamless,31,0.903,0.097,0,0
2026-08-13,성남시수정구,2026-08-13T14:00,ecmwf_ifs025_ensemble,51,0.333,0.667,0,0
2026-08-13,성남시수정구,2026-08-13T14:00,gem_global_ensemble,21,0.952,0.048,0,0
2026-08-13,성남시수정구,2026-08-13T15:00,ensemble,143,0.734,0.266,0,0
2026-08-13,성남시수정구,2026-08-13T15:00,icon_seamless_eps,40,1,0,0,0
2026-08-13,성남시수정구,2026-08-13T15:00,ncep_gefs_seamless,31,0.903,0.097,0,0
2026-08-13,성남시수정구,2026-08-13T15:00,ecmwf_ifs025_ensemble,51,0.333,0.667,0,0
2026-08-13,성남시수정구,2026-08-13T15:00,gem_global_ensemble,21,0.952,0.048,0,0
2026-08-13,성남시수정구,2026-08-13T16:00,ensemble,143,0.769,0.217,0.014,0
2026-08-13,성남시수정구,2026-08-13T16:00,icon_seamless_eps,40,1,0,0,0
2026-08-13,성남시수정구,2026-08-13T16:00,ncep_gefs_seamless,31,0.968,0.032,0,0
2026-08-13,성남시수정구,2026-08-13T16:00,ecmwf_ifs025_ensemble,51,0.451,0.529,0.02,0
2026-08-13,성남시수정구,2026-08-13T16:00,gem_global_ensemble,21,0.81,0.143,0.048,0
2026-08-13,성남시수정구,2026-08-13T17:00,ensemble,143,0.769,0.217,0.014,0
2026-08-13,성남시수정구,2026-08-13T17:00,icon_seamless_eps,40,1,0,0,0
2026-08-13,성남시수정구,2026-08-13T17:00,ncep_gefs_seamless,31,0.968,0.032,0,0
2026-08-13,성남시수정구,2026-08-13T17:00,ecmwf_ifs025_ensemble,51,0.451,0.529,0.02,0
2026-08-13,성남시수정구,2026-08-13T17:00,gem_global_ensemble,21,0.81,0.143,0.048,0
2026-08-13,성남시수정구,2026-08-13T18:00,ensemble,143,0.769,0.217,0.014,0
2026-08-13,성남시수정구,2026-08-13T18:00,icon_seamless_eps,40,1,0,0,0
2026-08-13,성남시수정구,2026-08-13T18:00,ncep_gefs_seamless,31,0.968,0.032,0,0
2026-08-13,성남시수정구,2026-08-13T18:00,ecmwf_ifs025_ensemble,51,0.451,0.529,0.02,0
2026-08-13,성남시수정구,2026-08-13T18:00,gem_global_ensemble,21,0.81,0.143,0.048,0
2026-08-13,성남시수정구,2026-08-13T19:00,ensemble,143,0.951,0.049,0,0
2026-08-13,성남시수정구,2026-08-13T19:00,icon_seamless_eps,40,1,0,0,0
2026-08-13,성남시수정구,2026-08-13T19:00,ncep_gefs_seamless,31,0.935,0.065,0,0
2026-08-13,성남시수정구,2026-08-13T19:00,ecmwf_ifs025_ensemble,51,0.961,0.039,0,0
2026-08-13,성남시수정구,2026-08-13T19:00,gem_global_ensemble,21,0.857,0.143,0,0
2026-08-13,성남시수정구,2026-08-13T20:00,ensemble,143,0.951,0.049,0,0
2026-08-13,성남시수정구,2026-08-13T20:00,icon_seamless_eps,40,1,0,0,0
2026-08-13,성남시수정구,2026-08-13T20:00,ncep_gefs_seamless,31,0.935,0.065,0,0
2026-08-13,성남시수정구,2026-08-13T20:00,ecmwf_ifs025_ensemble,51,0.961,0.039,0,0
2026-08-13,성남시수정구,2026-08-13T20:00,gem_global_ensemble,21,0.857,0.143,0,0
2026-08-13,성남시수정구,2026-08-13T21:00,ensemble,143,0.951,0.049,0,0
2026-08-13,성남시수정구,2026-08-13T21:00,icon_seamless_eps,40,1,0,0,0
2026-08-13,성남시수정구,2026-08-13T21:00,ncep_gefs_seamless,31,0.935,0.065,0,0
2026-08-13,성남시수정구,2026-08-13T21:00,ecmwf_ifs025_ensemble,51,0.961,0.039,0,0
2026-08-13,성남시수정구,2026-08-13T21:00,gem_global_ensemble,21,0.857,0.143,0,0
2026-08-13,성남시수정구,2026-08-13T22:00,ensemble,143,0.979,0.014,0.007,0
2026-08-13,성남시수정구,2026-08-13T22:00,icon_seamless_eps,40,1,0,0,0
2026-08-13,성남시수정구,2026-08-13T22:00,ncep_gefs_seamless,31,0.968,0.032,0,0
2026-08-13,성남시수정구,2026-08-13T22:00,ecmwf_ifs025_ensemble,51,0.961,0.02,0.02,0
2026-08-13,성남시수정구,2026-08-13T22:00,gem_global_ensemble,21,1,0,0,0
2026-08-13,성남시수정구,2026-08-13T23:00,ensemble,143,0.979,0.014,0.007,0
2026-08-13,성남시수정구,2026-08-13T23:00,icon_seamless_eps,40,1,0,0,0
2026-08-13,성남시수정구,2026-08-13T23:00,ncep_gefs_seamless,31,0.968,0.032,0,0
2026-08-13,성남시수정구,2026-08-13T23:00,ecmwf_ifs025_ensemble,51,0.961,0.02,0.02,0
2026-08-13,성남시수정구,2026-08-13T23:00,gem_global_ensemble,21,1,0,0,0
2026-08-13,성남시수정구,2026-08-14T00:00,ensemble,143,0.979,0.014,0.007,0
2026-08-13,성남시수정구,2026-08-14T00:00,icon_seamless_eps,40,1,0,0,0
2026-08-13,성남시수정구,2026-08-14T00:00,ncep_gefs_seamless,31,0.968,0.032,0,0
2026-08-13,성남시수정구,2026-08-14T00:00,ecmwf_ifs025_ensemble,51,0.961,0.02,0.02,0
2026-08-13,성남시수정구,2026-08-14T00:00,gem_global_ensemble,21,1,0,0,0
2026-08-13,성남시수정구,2026-08-14T01:00,ensemble,143,0.979,0.021,0,0
2026-08-13,성남시수정구,2026-08-14T01:00,icon_seamless_eps,40,1,0,0,0
2026-08-13,성남시수정구,2026-08-14T01:00,ncep_gefs_seamless,31,1,0,0,0
2026-08-13,성남시수정구,2026-08-14T01:00,ecmwf_ifs025_ensemble,51,0.941,0.059,0,0
2026-08-13,성남시수정구,2026-08-14T01:00,gem_global_ensemble,21,1,0,0,0
2026-08-13,성남시수정구,2026-08-14T02:00,ensemble,143,0.979,0.021,0,0
2026-08-13,성남시수정구,2026-08-14T02:00,icon_seamless_eps,40,1,0,0,0
2026-08-13,성남시수정구,2026-08-14T02:00,ncep_gefs_seamless,31,1,0,0,0
2026-08-13,성남시수정구,2026-08-14T02:00,ecmwf_ifs025_ensemble,51,0.941,0.059,0,0
2026-08-13,성남시수정구,2026-08-14T02:00,gem_global_ensemble,21,1,0,0,0
2026-08-13,성남시수정구,2026-08-14T03:00,ensemble,143,0.979,0.021,0,0
2026-08-13,성남시수정구,2026-08-14T03:00,icon_seamless_eps,40,1,0,0,0
2026-08-13,성남시수정구,2026-08-14T03:00,ncep_gefs_seamless,31,1,0,0,0
2026-08-13,성남시수정구,2026-08-14T03:00,ecmwf_ifs025_ensemble,51,0.941,0.059,0,0
2026-08-13,성남시수정구,2026-08-14T03:00,gem_global_ensemble,21,1,0,0,0
2026-08-13,성남시수정구,2026-08-14T04:00,ensemble,143,0.972,0.028,0,0
2026-08-13,성남시수정구,2026-08-14T04:00,icon_seamless_eps,40,1,0,0,0
2026-08-13,성남시수정구,2026-08-14T04:00,ncep_gefs_seamless,31,0.968,0.032,0,0
2026-08-13,성남시수정구,2026-08-14T04:00,ecmwf_ifs025_ensemble,51,0.941,0.059,0,0
2026-08-13,성남시수정구,2026-08-14T04:00,gem_global_ensemble,21,1,0,0,0
2026-08-13,성남시수정구,2026-08-14T05:00,ensemble,143,0.972,0.028,0,0
2026-08-13,성남시수정구,2026-08-14T05:00,icon_seamless_eps,40,1,0,0,0
2026-08-13,성남시수정구,2026-08-14T05:00,ncep_gefs_seamless,31,0.968,0.032,0,0
2026-08-13,성남시수정구,2026-08-14T05:00,ecmwf_ifs025_ensemble,51,0.941,0.059,0,0
2026-08-13,성남시수정구,2026-08-14T05:00,gem_global_ensemble,21,1,0,0,0
2026-08-13,성남시수정구,2026-08-14T06:00,ensemble,143,0.965,0.035,0,0
2026-08-13,성남시수정구,2026-08-14T06:00,icon_seamless_eps,40,0.975,0.025,0,0
2026-08-13,성남시수정구,2026-08-14T06:00,ncep_gefs_seamless,31,0.968,0.032,0,0
2026-08-13,성남시수정구,2026-08-14T06:00,ecmwf_ifs025_ensemble,51,0.941,0.059,0,0
2026-08-13,성남시수정구,2026-08-14T06:00,gem_global_ensemble,21,1,0,0,0
2026-08-13,성남시수정구,2026-08-14T07:00,ensemble,143,0.979,0.021,0,0
2026-08-13,성남시수정구,2026-08-14T07:00,icon_seamless_eps,40,1,0,0,0
2026-08-13,성남시수정구,2026-08-14T07:00,ncep_gefs_seamless,31,0.935,0.065,0,0
2026-08-13,성남시수정구,2026-08-14T07:00,ecmwf_ifs025_ensemble,51,0.98,0.02,0,0
2026-08-13,성남시수정구,2026-08-14T07:00,gem_global_ensemble,21,1,0,0,0
2026-08-13,성남시수정구,2026-08-14T08:00,ensemble,143,0.979,0.021,0,0
2026-08-13,성남시수정구,2026-08-14T08:00,icon_seamless_eps,40,1,0,0,0
2026-08-13,성남시수정구,2026-08-14T08:00,ncep_gefs_seamless,31,0.935,0.065,0,0
2026-08-13,성남시수정구,2026-08-14T08:00,ecmwf_ifs025_ensemble,51,0.98,0.02,0,0
2026-08-13,성남시수정구,2026-08-14T08:00,gem_global_ensemble,21,1,0,0,0
2026-08-13,성남시수정구,2026-08-14T09:00,ensemble,143,0.979,0.021,0,0
2026-08-13,성남시수정구,2026-08-14T09:00,icon_seamless_eps,40,1,0,0,0
2026-08-13,성남시수정구,2026-08-14T09:00,ncep_gefs_seamless,31,0.935,0.065,0,0
2026-08-13,성남시수정구,2026-08-14T09:00,ecmwf_ifs025_ensemble,51,0.98,0.02,0,0
2026-08-13,성남시수정구,2026-08-14T09:00,gem_global_ensemble,21,1,0,0,0
2026-08-13,성남시수정구,2026-08-14T10:00,ensemble,143,0.79,0.21,0,0
2026-08-13,성남시수정구,2026-08-14T10:00,icon_seamless_eps,40,1,0,0,0
2026-08-13,성남시수정구,2026-08-14T10:00,ncep_gefs_seamless,31,0.645,0.355,0,0
2026-08-13,성남시수정구,2026-08-14T10:00,ecmwf_ifs025_ensemble,51,0.627,0.373,0,0
2026-08-13,성남시수정구,2026-08-14T10:00,gem_global_ensemble,21,1,0,0,0
2026-08-13,성남시수정구,2026-08-14T11:00,ensemble,143,0.79,0.21,0,0
2026-08-13,성남시수정구,2026-08-14T11:00,icon_seamless_eps,40,1,0,0,0
2026-08-13,성남시수정구,2026-08-14T11:00,ncep_gefs_seamless,31,0.645,0.355,0,0
2026-08-13,성남시수정구,2026-08-14T11:00,ecmwf_ifs025_ensemble,51,0.627,0.373,0,0
2026-08-13,성남시수정구,2026-08-14T11:00,gem_global_ensemble,21,1,0,0,0
2026-08-13,성남시수정구,2026-08-14T12:00,ensemble,143,0.79,0.21,0,0
2026-08-13,성남시수정구,2026-08-14T12:00,icon_seamless_eps,40,1,0,0,0
2026-08-13,성남시수정구,2026-08-14T12:00,ncep_gefs_seamless,31,0.645,0.355,0,0
2026-08-13,성남시수정구,2026-08-14T12:00,ecmwf_ifs025_ensemble,51,0.627,0.373,0,0
2026-08-13,성남시수정구,2026-08-14T12:00,gem_global_ensemble,21,1,0,0,0
2026-08-13,성남시수정구,2026-08-14T13:00,ensemble,143,0.587,0.378,0.035,0
2026-08-13,성남시수정구,2026-08-14T13:00,icon_seamless_eps,40,1,0,0,0
2026-08-13,성남시수정구,2026-08-14T13:00,ncep_gefs_seamless,31,0.323,0.581,0.097,0
2026-08-13,성남시수정구,2026-08-14T13:00,ecmwf_ifs025_ensemble,51,0.392,0.569,0.039,0
2026-08-13,성남시수정구,2026-08-14T13:00,gem_global_ensemble,21,0.667,0.333,0,0
2026-08-13,성남시수정구,2026-08-14T14:00,ensemble,143,0.587,0.378,0.035,0
2026-08-13,성남시수정구,2026-08-14T14:00,icon_seamless_eps,40,1,0,0,0
2026-08-13,성남시수정구,2026-08-14T14:00,ncep_gefs_seamless,31,0.323,0.581,0.097,0
2026-08-13,성남시수정구,2026-08-14T14:00,ecmwf_ifs025_ensemble,51,0.392,0.569,0.039,0
2026-08-13,성남시수정구,2026-08-14T14:00,gem_global_ensemble,21,0.667,0.333,0,0
2026-08-13,성남시수정구,2026-08-14T15:00,ensemble,143,0.58,0.385,0.035,0
2026-08-13,성남시수정구,2026-08-14T15:00,icon_seamless_eps,40,0.975,0.025,0,0
2026-08-13,성남시수정구,2026-08-14T15:00,ncep_gefs_seamless,31,0.323,0.581,0.097,0
2026-08-13,성남시수정구,2026-08-14T15:00,ecmwf_ifs025_ensemble,51,0.392,0.569,0.039,0
2026-08-13,성남시수정구,2026-08-14T15:00,gem_global_ensemble,21,0.667,0.333,0,0
2026-08-13,성남시수정구,2026-08-14T16:00,ensemble,143,0.545,0.413,0.035,0.007
2026-08-13,성남시수정구,2026-08-14T16:00,icon_seamless_eps,40,0.975,0.025,0,0
2026-08-13,성남시수정구,2026-08-14T16:00,ncep_gefs_seamless,31,0.226,0.71,0.065,0
2026-08-13,성남시수정구,2026-08-14T16:00,ecmwf_ifs025_ensemble,51,0.314,0.608,0.059,0.02
2026-08-13,성남시수정구,2026-08-14T16:00,gem_global_ensemble,21,0.762,0.238,0,0
2026-08-13,성남시수정구,2026-08-14T17:00,ensemble,143,0.524,0.434,0.035,0.007
2026-08-13,성남시수정구,2026-08-14T17:00,icon_seamless_eps,40,0.9,0.1,0,0
2026-08-13,성남시수정구,2026-08-14T17:00,ncep_gefs_seamless,31,0.226,0.71,0.065,0
2026-08-13,성남시수정구,2026-08-14T17:00,ecmwf_ifs025_ensemble,51,0.314,0.608,0.059,0.02
2026-08-13,성남시수정구,2026-08-14T17:00,gem_global_ensemble,21,0.762,0.238,0,0
2026-08-13,성남시수정구,2026-08-14T18:00,ensemble,143,0.531,0.42,0.042,0.007
2026-08-13,성남시수정구,2026-08-14T18:00,icon_seamless_eps,40,0.925,0.05,0.025,0
2026-08-13,성남시수정구,2026-08-14T18:00,ncep_gefs_seamless,31,0.226,0.71,0.065,0
2026-08-13,성남시수정구,2026-08-14T18:00,ecmwf_ifs025_ensemble,51,0.314,0.608,0.059,0.02
2026-08-13,성남시수정구,2026-08-14T18:00,gem_global_ensemble,21,0.762,0.238,0,0
2026-08-13,성남시수정구,2026-08-14T19:00,ensemble,143,0.713,0.28,0.007,0
2026-08-13,성남시수정구,2026-08-14T19:00,icon_seamless_eps,40,0.9,0.1,0,0
2026-08-13,성남시수정구,2026-08-14T19:00,ncep_gefs_seamless,31,0.548,0.452,0,0
2026-08-13,성남시수정구,2026-08-14T19:00,ecmwf_ifs025_ensemble,51,0.627,0.353,0.02,0
2026-08-13,성남시수정구,2026-08-14T19:00,gem_global_ensemble,21,0.81,0.19,0,0
2026-08-13,성남시수정구,2026-08-14T20:00,ensemble,143,0.734,0.259,0.007,0
2026-08-13,성남시수정구,2026-08-14T20:00,icon_seamless_eps,40,0.975,0.025,0,0
2026-08-13,성남시수정구,2026-08-14T20:00,ncep_gefs_seamless,31,0.548,0.452,0,0
2026-08-13,성남시수정구,2026-08-14T20:00,ecmwf_ifs025_ensemble,51,0.627,0.353,0.02,0
2026-08-13,성남시수정구,2026-08-14T20:00,gem_global_ensemble,21,0.81,0.19,0,0
2026-08-13,성남시수정구,2026-08-14T21:00,ensemble,143,0.741,0.252,0.007,0
2026-08-13,성남시수정구,2026-08-14T21:00,icon_seamless_eps,40,1,0,0,0
2026-08-13,성남시수정구,2026-08-14T21:00,ncep_gefs_seamless,31,0.548,0.452,0,0
2026-08-13,성남시수정구,2026-08-14T21:00,ecmwf_ifs025_ensemble,51,0.627,0.353,0.02,0
2026-08-13,성남시수정구,2026-08-14T21:00,gem_global_ensemble,21,0.81,0.19,0,0
2026-08-13,성남시수정구,2026-08-14T22:00,ensemble,143,0.909,0.091,0,0
2026-08-13,성남시수정구,2026-08-14T22:00,icon_seamless_eps,40,0.975,0.025,0,0
2026-08-13,성남시수정구,2026-08-14T22:00,ncep_gefs_seamless,31,0.742,0.258,0,0
2026-08-13,성남시수정구,2026-08-14T22:00,ecmwf_ifs025_ensemble,51,0.961,0.039,0,0
2026-08-13,성남시수정구,2026-08-14T22:00,gem_global_ensemble,21,0.905,0.095,0,0
2026-08-13,성남시수정구,2026-08-14T23:00,ensemble,143,0.909,0.091,0,0
2026-08-13,성남시수정구,2026-08-14T23:00,icon_seamless_eps,40,0.975,0.025,0,0
2026-08-13,성남시수정구,2026-08-14T23:00,ncep_gefs_seamless,31,0.742,0.258,0,0
2026-08-13,성남시수정구,2026-08-14T23:00,ecmwf_ifs025_ensemble,51,0.961,0.039,0,0
2026-08-13,성남시수정구,2026-08-14T23:00,gem_global_ensemble,21,0.905,0.095,0,0
2026-08-14,수원시권선구,2026-08-14T00:00,ensemble,143,0.986,0.014,0,0
2026-08-14,수원시권선구,2026-08-14T00:00,icon_seamless_eps,40,1,0,0,0
2026-08-14,수원시권선구,2026-08-14T00:00,ncep_gefs_seamless,31,1,0,0,0
2026-08-14,수원시권선구,2026-08-14T00:00,ecmwf_ifs025_ensemble,51,0.98,0.02,0,0
2026-08-14,수원시권선구,2026-08-14T00:00,gem_global_ensemble,21,0.952,0.048,0,0
2026-08-14,수원시권선구,2026-08-14T01:00,ensemble,143,0.986,0.014,0,0
2026-08-14,수원시권선구,2026-08-14T01:00,icon_seamless_eps,40,1,0,0,0
2026-08-14,수원시권선구,2026-08-14T01:00,ncep_gefs_seamless,31,1,0,0,0
2026-08-14,수원시권선구,2026-08-14T01:00,ecmwf_ifs025_ensemble,51,0.98,0.02,0,0
2026-08-14,수원시권선구,2026-08-14T01:00,gem_global_ensemble,21,0.952,0.048,0,0
2026-08-14,수원시권선구,2026-08-14T02:00,ensemble,143,0.986,0.014,0,0
2026-08-14,수원시권선구,2026-08-14T02:00,icon_seamless_eps,40,1,0,0,0
2026-08-14,수원시권선구,2026-08-14T02:00,ncep_gefs_seamless,31,1,0,0,0
2026-08-14,수원시권선구,2026-08-14T02:00,ecmwf_ifs025_ensemble,51,0.98,0.02,0,0
2026-08-14,수원시권선구,2026-08-14T02:00,gem_global_ensemble,21,0.952,0.048,0,0
2026-08-14,수원시권선구,2026-08-14T03:00,ensemble,143,0.986,0.014,0,0
2026-08-14,수원시권선구,2026-08-14T03:00,icon_seamless_eps,40,1,0,0,0
2026-08-14,수원시권선구,2026-08-14T03:00,ncep_gefs_seamless,31,1,0,0,0
2026-08-14,수원시권선구,2026-08-14T03:00,ecmwf_ifs025_ensemble,51,0.98,0.02,0,0
2026-08-14,수원시권선구,2026-08-14T03:00,gem_global_ensemble,21,0.952,0.048,0,0
2026-08-14,수원시권선구,2026-08-14T04:00,ensemble,143,0.979,0.021,0,0
2026-08-14,수원시권선구,2026-08-14T04:00,icon_seamless_eps,40,1,0,0,0
2026-08-14,수원시권선구,2026-08-14T04:00,ncep_gefs_seamless,31,1,0,0,0
2026-08-14,수원시권선구,2026-08-14T04:00,ecmwf_ifs025_ensemble,51,0.961,0.039,0,0
2026-08-14,수원시권선구,2026-08-14T04:00,gem_global_ensemble,21,0.952,0.048,0,0
2026-08-14,수원시권선구,2026-08-14T05:00,ensemble,143,0.979,0.021,0,0
2026-08-14,수원시권선구,2026-08-14T05:00,icon_seamless_eps,40,1,0,0,0
2026-08-14,수원시권선구,2026-08-14T05:00,ncep_gefs_seamless,31,1,0,0,0
2026-08-14,수원시권선구,2026-08-14T05:00,ecmwf_ifs025_ensemble,51,0.961,0.039,0,0
2026-08-14,수원시권선구,2026-08-14T05:00,gem_global_ensemble,21,0.952,0.048,0,0
2026-08-14,수원시권선구,2026-08-14T06:00,ensemble,143,0.979,0.021,0,0
2026-08-14,수원시권선구,2026-08-14T06:00,icon_seamless_eps,40,1,0,0,0
2026-08-14,수원시권선구,2026-08-14T06:00,ncep_gefs_seamless,31,1,0,0,0
2026-08-14,수원시권선구,2026-08-14T06:00,ecmwf_ifs025_ensemble,51,0.961,0.039,0,0
2026-08-14,수원시권선구,2026-08-14T06:00,gem_global_ensemble,21,0.952,0.048,0,0
2026-08-14,수원시권선구,2026-08-14T07:00,ensemble,143,0.993,0.007,0,0
2026-08-14,수원시권선구,2026-08-14T07:00,icon_seamless_eps,40,1,0,0,0
2026-08-14,수원시권선구,2026-08-14T07:00,ncep_gefs_seamless,31,1,0,0,0
2026-08-14,수원시권선구,2026-08-14T07:00,ecmwf_ifs025_ensemble,51,1,0,0,0
2026-08-14,수원시권선구,2026-08-14T07:00,gem_global_ensemble,21,0.952,0.048,0,0
2026-08-14,수원시권선구,2026-08-14T08:00,ensemble,143,0.986,0.014,0,0
2026-08-14,수원시권선구,2026-08-14T08:00,icon_seamless_eps,40,0.975,0.025,0,0
2026-08-14,수원시권선구,2026-08-14T08:00,ncep_gefs_seamless,31,1,0,0,0
2026-08-14,수원시권선구,2026-08-14T08:00,ecmwf_ifs025_ensemble,51,1,0,0,0
2026-08-14,수원시권선구,2026-08-14T08:00,gem_global_ensemble,21,0.952,0.048,0,0
2026-08-14,수원시권선구,2026-08-14T09:00,ensemble,143,0.993,0.007,0,0
2026-08-14,수원시권선구,2026-08-14T09:00,icon_seamless_eps,40,1,0,0,0
2026-08-14,수원시권선구,2026-08-14T09:00,ncep_gefs_seamless,31,1,0,0,0
2026-08-14,수원시권선구,2026-08-14T09:00,ecmwf_ifs025_ensemble,51,1,0,0,0
2026-08-14,수원시권선구,2026-08-14T09:00,gem_global_ensemble,21,0.952,0.048,0,0
2026-08-14,수원시권선구,2026-08-14T10:00,ensemble,143,0.811,0.189,0,0
2026-08-14,수원시권선구,2026-08-14T10:00,icon_seamless_eps,40,1,0,0,0
2026-08-14,수원시권선구,2026-08-14T10:00,ncep_gefs_seamless,31,0.774,0.226,0,0
2026-08-14,수원시권선구,2026-08-14T10:00,ecmwf_ifs025_ensemble,51,0.627,0.373,0,0
2026-08-14,수원시권선구,2026-08-14T10:00,gem_global_ensemble,21,0.952,0.048,0,0
2026-08-14,수원시권선구,2026-08-14T11:00,ensemble,143,0.811,0.189,0,0
2026-08-14,수원시권선구,2026-08-14T11:00,icon_seamless_eps,40,1,0,0,0
2026-08-14,수원시권선구,2026-08-14T11:00,ncep_gefs_seamless,31,0.774,0.226,0,0
2026-08-14,수원시권선구,2026-08-14T11:00,ecmwf_ifs025_ensemble,51,0.627,0.373,0,0
2026-08-14,수원시권선구,2026-08-14T11:00,gem_global_ensemble,21,0.952,0.048,0,0
2026-08-14,수원시권선구,2026-08-14T12:00,ensemble,143,0.804,0.196,0,0
2026-08-14,수원시권선구,2026-08-14T12:00,icon_seamless_eps,40,0.975,0.025,0,0
2026-08-14,수원시권선구,2026-08-14T12:00,ncep_gefs_seamless,31,0.774,0.226,0,0
2026-08-14,수원시권선구,2026-08-14T12:00,ecmwf_ifs025_ensemble,51,0.627,0.373,0,0
2026-08-14,수원시권선구,2026-08-14T12:00,gem_global_ensemble,21,0.952,0.048,0,0
2026-08-14,수원시권선구,2026-08-14T13:00,ensemble,143,0.517,0.469,0.014,0
2026-08-14,수원시권선구,2026-08-14T13:00,icon_seamless_eps,40,1,0,0,0
2026-08-14,수원시권선구,2026-08-14T13:00,ncep_gefs_seamless,31,0.419,0.548,0.032,0
2026-08-14,수원시권선구,2026-08-14T13:00,ecmwf_ifs025_ensemble,51,0.137,0.843,0.02,0
2026-08-14,수원시권선구,2026-08-14T13:00,gem_global_ensemble,21,0.667,0.333,0,0
2026-08-14,수원시권선구,2026-08-14T14:00,ensemble,143,0.476,0.51,0.014,0
2026-08-14,수원시권선구,2026-08-14T14:00,icon_seamless_eps,40,0.85,0.15,0,0
2026-08-14,수원시권선구,2026-08-14T14:00,ncep_gefs_seamless,31,0.419,0.548,0.032,0
2026-08-14,수원시권선구,2026-08-14T14:00,ecmwf_ifs025_ensemble,51,0.137,0.843,0.02,0
2026-08-14,수원시권선구,2026-08-14T14:00,gem_global_ensemble,21,0.667,0.333,0,0
2026-08-14,수원시권선구,2026-08-14T15:00,ensemble,143,0.448,0.531,0.021,0
2026-08-14,수원시권선구,2026-08-14T15:00,icon_seamless_eps,40,0.75,0.225,0.025,0
2026-08-14,수원시권선구,2026-08-14T15:00,ncep_gefs_seamless,31,0.419,0.548,0.032,0
2026-08-14,수원시권선구,2026-08-14T15:00,ecmwf_ifs025_ensemble,51,0.137,0.843,0.02,0
2026-08-14,수원시권선구,2026-08-14T15:00,gem_global_ensemble,21,0.667,0.333,0,0
2026-08-14,수원시권선구,2026-08-14T16:00,ensemble,143,0.531,0.448,0.021,0
2026-08-14,수원시권선구,2026-08-14T16:00,icon_seamless_eps,40,0.75,0.2,0.05,0
2026-08-14,수원시권선구,2026-08-14T16:00,ncep_gefs_seamless,31,0.419,0.581,0,0
2026-08-14,수원시권선구,2026-08-14T16:00,ecmwf_ifs025_ensemble,51,0.373,0.608,0.02,0
2026-08-14,수원시권선구,2026-08-14T16:00,gem_global_ensemble,21,0.667,0.333,0,0
2026-08-14,수원시권선구,2026-08-14T17:00,ensemble,143,0.503,0.469,0.028,0
2026-08-14,수원시권선구,2026-08-14T17:00,icon_seamless_eps,40,0.65,0.275,0.075,0
2026-08-14,수원시권선구,2026-08-14T17:00,ncep_gefs_seamless,31,0.419,0.581,0,0
2026-08-14,수원시권선구,2026-08-14T17:00,ecmwf_ifs025_ensemble,51,0.373,0.608,0.02,0
2026-08-14,수원시권선구,2026-08-14T17:00,gem_global_ensemble,21,0.667,0.333,0,0
2026-08-14,수원시권선구,2026-08-14T18:00,ensemble,143,0.531,0.455,0.014,0
2026-08-14,수원시권선구,2026-08-14T18:00,icon_seamless_eps,40,0.75,0.225,0.025,0
2026-08-14,수원시권선구,2026-08-14T18:00,ncep_gefs_seamless,31,0.419,0.581,0,0
2026-08-14,수원시권선구,2026-08-14T18:00,ecmwf_ifs025_ensemble,51,0.373,0.608,0.02,0
2026-08-14,수원시권선구,2026-08-14T18:00,gem_global_ensemble,21,0.667,0.333,0,0
2026-08-14,수원시권선구,2026-08-14T19:00,ensemble,143,0.797,0.196,0.007,0
2026-08-14,수원시권선구,2026-08-14T19:00,icon_seamless_eps,40,0.825,0.175,0,0
2026-08-14,수원시권선구,2026-08-14T19:00,ncep_gefs_seamless,31,0.742,0.258,0,0
2026-08-14,수원시권선구,2026-08-14T19:00,ecmwf_ifs025_ensemble,51,0.804,0.196,0,0
2026-08-14,수원시권선구,2026-08-14T19:00,gem_global_ensemble,21,0.81,0.143,0.048,0
2026-08-14,수원시권선구,2026-08-14T20:00,ensemble,143,0.811,0.182,0.007,0
2026-08-14,수원시권선구,2026-08-14T20:00,icon_seamless_eps,40,0.875,0.125,0,0
2026-08-14,수원시권선구,2026-08-14T20:00,ncep_gefs_seamless,31,0.742,0.258,0,0
2026-08-14,수원시권선구,2026-08-14T20:00,ecmwf_ifs025_ensemble,51,0.804,0.196,0,0
2026-08-14,수원시권선구,2026-08-14T20:00,gem_global_ensemble,21,0.81,0.143,0.048,0
2026-08-14,수원시권선구,2026-08-14T21:00,ensemble,143,0.825,0.168,0.007,0
2026-08-14,수원시권선구,2026-08-14T21:00,icon_seamless_eps,40,0.925,0.075,0,0
2026-08-14,수원시권선구,2026-08-14T21:00,ncep_gefs_seamless,31,0.742,0.258,0,0
2026-08-14,수원시권선구,2026-08-14T21:00,ecmwf_ifs025_ensemble,51,0.804,0.196,0,0
2026-08-14,수원시권선구,2026-08-14T21:00,gem_global_ensemble,21,0.81,0.143,0.048,0
2026-08-14,수원시권선구,2026-08-14T22:00,ensemble,143,0.916,0.077,0.007,0
2026-08-14,수원시권선구,2026-08-14T22:00,icon_seamless_eps,40,0.975,0.025,0,0
2026-08-14,수원시권선구,2026-08-14T22:00,ncep_gefs_seamless,31,0.935,0.065,0,0
2026-08-14,수원시권선구,2026-08-14T22:00,ecmwf_ifs025_ensemble,51,0.863,0.137,0,0
2026-08-14,수원시권선구,2026-08-14T22:00,gem_global_ensemble,21,0.905,0.048,0.048,0
2026-08-14,수원시권선구,2026-08-14T23:00,ensemble,143,0.916,0.077,0.007,0
2026-08-14,수원시권선구,2026-08-14T23:00,icon_seamless_eps,40,0.975,0.025,0,0
2026-08-14,수원시권선구,2026-08-14T23:00,ncep_gefs_seamless,31,0.935,0.065,0,0
2026-08-14,수원시권선구,2026-08-14T23:00,ecmwf_ifs025_ensemble,51,0.863,0.137,0,0
2026-08-14,수원시권선구,2026-08-14T23:00,gem_global_ensemble,21,0.905,0.048,0.048,0
2026-08-14,수원시권선구,2026-08-15T00:00,ensemble,143,0.916,0.07,0.014,0
2026-08-14,수원시권선구,2026-08-15T00:00,icon_seamless_eps,40,0.975,0,0.025,0
2026-08-14,수원시권선구,2026-08-15T00:00,ncep_gefs_seamless,31,0.935,0.065,0,0
2026-08-14,수원시권선구,2026-08-15T00:00,ecmwf_ifs025_ensemble,51,0.863,0.137,0,0
2026-08-14,수원시권선구,2026-08-15T00:00,gem_global_ensemble,21,0.905,0.048,0.048,0
2026-08-14,수원시권선구,2026-08-15T01:00,ensemble,143,0.923,0.07,0,0.007
2026-08-14,수원시권선구,2026-08-15T01:00,icon_seamless_eps,40,0.95,0.025,0,0.025
2026-08-14,수원시권선구,2026-08-15T01:00,ncep_gefs_seamless,31,0.935,0.065,0,0
2026-08-14,수원시권선구,2026-08-15T01:00,ecmwf_ifs025_ensemble,51,0.902,0.098,0,0
2026-08-14,수원시권선구,2026-08-15T01:00,gem_global_ensemble,21,0.905,0.095,0,0
2026-08-14,수원시권선구,2026-08-15T02:00,ensemble,143,0.916,0.077,0,0.007
2026-08-14,수원시권선구,2026-08-15T02:00,icon_seamless_eps,40,0.925,0.05,0,0.025
2026-08-14,수원시권선구,2026-08-15T02:00,ncep_gefs_seamless,31,0.935,0.065,0,0
2026-08-14,수원시권선구,2026-08-15T02:00,ecmwf_ifs025_ensemble,51,0.902,0.098,0,0
2026-08-14,수원시권선구,2026-08-15T02:00,gem_global_ensemble,21,0.905,0.095,0,0
2026-08-14,수원시권선구,2026-08-15T03:00,ensemble,143,0.895,0.098,0,0.007
2026-08-14,수원시권선구,2026-08-15T03:00,icon_seamless_eps,40,0.85,0.125,0,0.025
2026-08-14,수원시권선구,2026-08-15T03:00,ncep_gefs_seamless,31,0.935,0.065,0,0
2026-08-14,수원시권선구,2026-08-15T03:00,ecmwf_ifs025_ensemble,51,0.902,0.098,0,0
2026-08-14,수원시권선구,2026-08-15T03:00,gem_global_ensemble,21,0.905,0.095,0,0
2026-08-14,수원시권선구,2026-08-15T04:00,ensemble,143,0.895,0.084,0.014,0.007
2026-08-14,수원시권선구,2026-08-15T04:00,icon_seamless_eps,40,0.8,0.15,0.025,0.025
2026-08-14,수원시권선구,2026-08-15T04:00,ncep_gefs_seamless,31,0.935,0.065,0,0
2026-08-14,수원시권선구,2026-08-15T04:00,ecmwf_ifs025_ensemble,51,0.941,0.039,0.02,0
2026-08-14,수원시권선구,2026-08-15T04:00,gem_global_ensemble,21,0.905,0.095,0,0
2026-08-14,수원시권선구,2026-08-15T05:00,ensemble,143,0.867,0.091,0.042,0
2026-08-14,수원시권선구,2026-08-15T05:00,icon_seamless_eps,40,0.7,0.175,0.125,0
2026-08-14,수원시권선구,2026-08-15T05:00,ncep_gefs_seamless,31,0.935,0.065,0,0
2026-08-14,수원시권선구,2026-08-15T05:00,ecmwf_ifs025_ensemble,51,0.941,0.039,0.02,0
2026-08-14,수원시권선구,2026-08-15T05:00,gem_global_ensemble,21,0.905,0.095,0,0
2026-08-14,수원시권선구,2026-08-15T06:00,ensemble,143,0.853,0.098,0.042,0.007
2026-08-14,수원시권선구,2026-08-15T06:00,icon_seamless_eps,40,0.65,0.2,0.125,0.025
2026-08-14,수원시권선구,2026-08-15T06:00,ncep_gefs_seamless,31,0.935,0.065,0,0
2026-08-14,수원시권선구,2026-08-15T06:00,ecmwf_ifs025_ensemble,51,0.941,0.039,0.02,0
2026-08-14,수원시권선구,2026-08-15T06:00,gem_global_ensemble,21,0.905,0.095,0,0
2026-08-14,수원시권선구,2026-08-15T07:00,ensemble,143,0.818,0.14,0.035,0.007
2026-08-14,수원시권선구,2026-08-15T07:00,icon_seamless_eps,40,0.675,0.2,0.1,0.025
2026-08-14,수원시권선구,2026-08-15T07:00,ncep_gefs_seamless,31,0.871,0.129,0,0
2026-08-14,수원시권선구,2026-08-15T07:00,ecmwf_ifs025_ensemble,51,0.843,0.137,0.02,0
2026-08-14,수원시권선구,2026-08-15T07:00,gem_global_ensemble,21,0.952,0.048,0,0
2026-08-14,수원시권선구,2026-08-15T08:00,ensemble,143,0.832,0.126,0.035,0.007
2026-08-14,수원시권선구,2026-08-15T08:00,icon_seamless_eps,40,0.725,0.15,0.1,0.025
2026-08-14,수원시권선구,2026-08-15T08:00,ncep_gefs_seamless,31,0.871,0.129,0,0
2026-08-14,수원시권선구,2026-08-15T08:00,ecmwf_ifs025_ensemble,51,0.843,0.137,0.02,0
2026-08-14,수원시권선구,2026-08-15T08:00,gem_global_ensemble,21,0.952,0.048,0,0
2026-08-14,수원시권선구,2026-08-15T09:00,ensemble,143,0.804,0.154,0.035,0.007
2026-08-14,수원시권선구,2026-08-15T09:00,icon_seamless_eps,40,0.625,0.25,0.1,0.025
2026-08-14,수원시권선구,2026-08-15T09:00,ncep_gefs_seamless,31,0.871,0.129,0,0
2026-08-14,수원시권선구,2026-08-15T09:00,ecmwf_ifs025_ensemble,51,0.843,0.137,0.02,0
2026-08-14,수원시권선구,2026-08-15T09:00,gem_global_ensemble,21,0.952,0.048,0,0
2026-08-14,수원시권선구,2026-08-15T10:00,ensemble,143,0.517,0.462,0.014,0.007
2026-08-14,수원시권선구,2026-08-15T10:00,icon_seamless_eps,40,0.625,0.325,0.025,0.025
2026-08-14,수원시권선구,2026-08-15T10:00,ncep_gefs_seamless,31,0.452,0.548,0,0
2026-08-14,수원시권선구,2026-08-15T10:00,ecmwf_ifs025_ensemble,51,0.314,0.667,0.02,0
2026-08-14,수원시권선구,2026-08-15T10:00,gem_global_ensemble,21,0.905,0.095,0,0
2026-08-14,수원시권선구,2026-08-15T11:00,ensemble,143,0.51,0.462,0.021,0.007
2026-08-14,수원시권선구,2026-08-15T11:00,icon_seamless_eps,40,0.6,0.325,0.05,0.025
2026-08-14,수원시권선구,2026-08-15T11:00,ncep_gefs_seamless,31,0.452,0.548,0,0
2026-08-14,수원시권선구,2026-08-15T11:00,ecmwf_ifs025_ensemble,51,0.314,0.667,0.02,0
2026-08-14,수원시권선구,2026-08-15T11:00,gem_global_ensemble,21,0.905,0.095,0,0
2026-08-14,수원시권선구,2026-08-15T12:00,ensemble,143,0.51,0.476,0.014,0
2026-08-14,수원시권선구,2026-08-15T12:00,icon_seamless_eps,40,0.6,0.375,0.025,0
2026-08-14,수원시권선구,2026-08-15T12:00,ncep_gefs_seamless,31,0.452,0.548,0,0
2026-08-14,수원시권선구,2026-08-15T12:00,ecmwf_ifs025_ensemble,51,0.314,0.667,0.02,0
2026-08-14,수원시권선구,2026-08-15T12:00,gem_global_ensemble,21,0.905,0.095,0,0
2026-08-14,수원시권선구,2026-08-15T13:00,ensemble,143,0.427,0.51,0.063,0
2026-08-14,수원시권선구,2026-08-15T13:00,icon_seamless_eps,40,0.675,0.3,0.025,0
2026-08-14,수원시권선구,2026-08-15T13:00,ncep_gefs_seamless,31,0.516,0.355,0.129,0
2026-08-14,수원시권선구,2026-08-15T13:00,ecmwf_ifs025_ensemble,51,0.157,0.784,0.059,0
2026-08-14,수원시권선구,2026-08-15T13:00,gem_global_ensemble,21,0.476,0.476,0.048,0
2026-08-14,수원시권선구,2026-08-15T14:00,ensemble,143,0.448,0.497,0.056,0
2026-08-14,수원시권선구,2026-08-15T14:00,icon_seamless_eps,40,0.75,0.25,0,0
2026-08-14,수원시권선구,2026-08-15T14:00,ncep_gefs_seamless,31,0.516,0.355,0.129,0
2026-08-14,수원시권선구,2026-08-15T14:00,ecmwf_ifs025_ensemble,51,0.157,0.784,0.059,0
2026-08-14,수원시권선구,2026-08-15T14:00,gem_global_ensemble,21,0.476,0.476,0.048,0
2026-08-14,수원시권선구,2026-08-15T15:00,ensemble,143,0.462,0.483,0.056,0
2026-08-14,수원시권선구,2026-08-15T15:00,icon_seamless_eps,40,0.8,0.2,0,0
2026-08-14,수원시권선구,2026-08-15T15:00,ncep_gefs_seamless,31,0.516,0.355,0.129,0
2026-08-14,수원시권선구,2026-08-15T15:00,ecmwf_ifs025_ensemble,51,0.157,0.784,0.059,0
2026-08-14,수원시권선구,2026-08-15T15:00,gem_global_ensemble,21,0.476,0.476,0.048,0
2026-08-14,수원시권선구,2026-08-15T16:00,ensemble,143,0.524,0.42,0.049,0.007
2026-08-14,수원시권선구,2026-08-15T16:00,icon_seamless_eps,40,0.75,0.25,0,0
2026-08-14,수원시권선구,2026-08-15T16:00,ncep_gefs_seamless,31,0.548,0.355,0.097,0
2026-08-14,수원시권선구,2026-08-15T16:00,ecmwf_ifs025_ensemble,51,0.373,0.529,0.078,0.02
2026-08-14,수원시권선구,2026-08-15T16:00,gem_global_ensemble,21,0.429,0.571,0,0
2026-08-14,수원시권선구,2026-08-15T17:00,ensemble,143,0.538,0.406,0.049,0.007
2026-08-14,수원시권선구,2026-08-15T17:00,icon_seamless_eps,40,0.8,0.2,0,0
2026-08-14,수원시권선구,2026-08-15T17:00,ncep_gefs_seamless,31,0.548,0.355,0.097,0
2026-08-14,수원시권선구,2026-08-15T17:00,ecmwf_ifs025_ensemble,51,0.373,0.529,0.078,0.02
2026-08-14,수원시권선구,2026-08-15T17:00,gem_global_ensemble,21,0.429,0.571,0,0
2026-08-14,수원시권선구,2026-08-15T18:00,ensemble,143,0.545,0.399,0.049,0.007
2026-08-14,수원시권선구,2026-08-15T18:00,icon_seamless_eps,40,0.825,0.175,0,0
2026-08-14,수원시권선구,2026-08-15T18:00,ncep_gefs_seamless,31,0.548,0.355,0.097,0
2026-08-14,수원시권선구,2026-08-15T18:00,ecmwf_ifs025_ensemble,51,0.373,0.529,0.078,0.02
2026-08-14,수원시권선구,2026-08-15T18:00,gem_global_ensemble,21,0.429,0.571,0,0
2026-08-14,수원시권선구,2026-08-15T19:00,ensemble,143,0.769,0.224,0.007,0
2026-08-14,수원시권선구,2026-08-15T19:00,icon_seamless_eps,40,0.8,0.2,0,0
2026-08-14,수원시권선구,2026-08-15T19:00,ncep_gefs_seamless,31,0.613,0.387,0,0
2026-08-14,수원시권선구,2026-08-15T19:00,ecmwf_ifs025_ensemble,51,0.843,0.137,0.02,0
2026-08-14,수원시권선구,2026-08-15T19:00,gem_global_ensemble,21,0.762,0.238,0,0
2026-08-14,수원시권선구,2026-08-15T20:00,ensemble,143,0.748,0.231,0.021,0
2026-08-14,수원시권선구,2026-08-15T20:00,icon_seamless_eps,40,0.725,0.225,0.05,0
2026-08-14,수원시권선구,2026-08-15T20:00,ncep_gefs_seamless,31,0.613,0.387,0,0
2026-08-14,수원시권선구,2026-08-15T20:00,ecmwf_ifs025_ensemble,51,0.843,0.137,0.02,0
2026-08-14,수원시권선구,2026-08-15T20:00,gem_global_ensemble,21,0.762,0.238,0,0
2026-08-14,수원시권선구,2026-08-15T21:00,ensemble,143,0.727,0.245,0.028,0
2026-08-14,수원시권선구,2026-08-15T21:00,icon_seamless_eps,40,0.65,0.275,0.075,0
2026-08-14,수원시권선구,2026-08-15T21:00,ncep_gefs_seamless,31,0.613,0.387,0,0
2026-08-14,수원시권선구,2026-08-15T21:00,ecmwf_ifs025_ensemble,51,0.843,0.137,0.02,0
2026-08-14,수원시권선구,2026-08-15T21:00,gem_global_ensemble,21,0.762,0.238,0,0
2026-08-14,수원시권선구,2026-08-15T22:00,ensemble,143,0.524,0.336,0.112,0.028
2026-08-14,수원시권선구,2026-08-15T22:00,icon_seamless_eps,40,0.25,0.45,0.225,0.075
2026-08-14,수원시권선구,2026-08-15T22:00,ncep_gefs_seamless,31,0.581,0.323,0.097,0
2026-08-14,수원시권선구,2026-08-15T22:00,ecmwf_ifs025_ensemble,51,0.647,0.275,0.059,0.02
2026-08-14,수원시권선구,2026-08-15T22:00,gem_global_ensemble,21,0.667,0.286,0.048,0
2026-08-14,수원시권선구,2026-08-15T23:00,ensemble,143,0.524,0.336,0.112,0.028
2026-08-14,수원시권선구,2026-08-15T23:00,icon_seamless_eps,40,0.25,0.45,0.225,0.075
2026-08-14,수원시권선구,2026-08-15T23:00,ncep_gefs_seamless,31,0.581,0.323,0.097,0
2026-08-14,수원시권선구,2026-08-15T23:00,ecmwf_ifs025_ensemble,51,0.647,0.275,0.059,0.02
2026-08-14,수원시권선구,2026-08-15T23:00,gem_global_ensemble,21,0.667,0.286,0.048,0
2026-08-14,성남시수정구,2026-08-14T00:00,ensemble,143,0.965,0.035,0,0
2026-08-14,성남시수정구,2026-08-14T00:00,icon_seamless_eps,40,1,0,0,0
2026-08-14,성남시수정구,2026-08-14T00:00,ncep_gefs_seamless,31,1,0,0,0
2026-08-14,성남시수정구,2026-08-14T00:00,ecmwf_ifs025_ensemble,51,0.922,0.078,0,0
2026-08-14,성남시수정구,2026-08-14T00:00,gem_global_ensemble,21,0.952,0.048,0,0
2026-08-14,성남시수정구,2026-08-14T01:00,ensemble,143,0.937,0.056,0.007,0
2026-08-14,성남시수정구,2026-08-14T01:00,icon_seamless_eps,40,1,0,0,0
2026-08-14,성남시수정구,2026-08-14T01:00,ncep_gefs_seamless,31,1,0,0,0
2026-08-14,성남시수정구,2026-08-14T01:00,ecmwf_ifs025_ensemble,51,0.843,0.137,0.02,0
2026-08-14,성남시수정구,2026-08-14T01:00,gem_global_ensemble,21,0.952,0.048,0,0
2026-08-14,성남시수정구,2026-08-14T02:00,ensemble,143,0.937,0.056,0.007,0
2026-08-14,성남시수정구,2026-08-14T02:00,icon_seamless_eps,40,1,0,0,0
2026-08-14,성남시수정구,2026-08-14T02:00,ncep_gefs_seamless,31,1,0,0,0
2026-08-14,성남시수정구,2026-08-14T02:00,ecmwf_ifs025_ensemble,51,0.843,0.137,0.02,0
2026-08-14,성남시수정구,2026-08-14T02:00,gem_global_ensemble,21,0.952,0.048,0,0
2026-08-14,성남시수정구,2026-08-14T03:00,ensemble,143,0.937,0.056,0.007,0
2026-08-14,성남시수정구,2026-08-14T03:00,icon_seamless_eps,40,1,0,0,0
2026-08-14,성남시수정구,2026-08-14T03:00,ncep_gefs_seamless,31,1,0,0,0
2026-08-14,성남시수정구,2026-08-14T03:00,ecmwf_ifs025_ensemble,51,0.843,0.137,0.02,0
2026-08-14,성남시수정구,2026-08-14T03:00,gem_global_ensemble,21,0.952,0.048,0,0
2026-08-14,성남시수정구,2026-08-14T04:00,ensemble,143,0.951,0.049,0,0
2026-08-14,성남시수정구,2026-08-14T04:00,icon_seamless_eps,40,1,0,0,0
2026-08-14,성남시수정구,2026-08-14T04:00,ncep_gefs_seamless,31,1,0,0,0
2026-08-14,성남시수정구,2026-08-14T04:00,ecmwf_ifs025_ensemble,51,0.882,0.118,0,0
2026-08-14,성남시수정구,2026-08-14T04:00,gem_global_ensemble,21,0.952,0.048,0,0
2026-08-14,성남시수정구,2026-08-14T05:00,ensemble,143,0.951,0.049,0,0
2026-08-14,성남시수정구,2026-08-14T05:00,icon_seamless_eps,40,1,0,0,0
2026-08-14,성남시수정구,2026-08-14T05:00,ncep_gefs_seamless,31,1,0,0,0
2026-08-14,성남시수정구,2026-08-14T05:00,ecmwf_ifs025_ensemble,51,0.882,0.118,0,0
2026-08-14,성남시수정구,2026-08-14T05:00,gem_global_ensemble,21,0.952,0.048,0,0
2026-08-14,성남시수정구,2026-08-14T06:00,ensemble,143,0.951,0.049,0,0
2026-08-14,성남시수정구,2026-08-14T06:00,icon_seamless_eps,40,1,0,0,0
2026-08-14,성남시수정구,2026-08-14T06:00,ncep_gefs_seamless,31,1,0,0,0
2026-08-14,성남시수정구,2026-08-14T06:00,ecmwf_ifs025_ensemble,51,0.882,0.118,0,0
2026-08-14,성남시수정구,2026-08-14T06:00,gem_global_ensemble,21,0.952,0.048,0,0
2026-08-14,성남시수정구,2026-08-14T07:00,ensemble,143,0.958,0.042,0,0
2026-08-14,성남시수정구,2026-08-14T07:00,icon_seamless_eps,40,1,0,0,0
2026-08-14,성남시수정구,2026-08-14T07:00,ncep_gefs_seamless,31,1,0,0,0
2026-08-14,성남시수정구,2026-08-14T07:00,ecmwf_ifs025_ensemble,51,0.902,0.098,0,0
2026-08-14,성남시수정구,2026-08-14T07:00,gem_global_ensemble,21,0.952,0.048,0,0
2026-08-14,성남시수정구,2026-08-14T08:00,ensemble,143,0.958,0.042,0,0
2026-08-14,성남시수정구,2026-08-14T08:00,icon_seamless_eps,40,1,0,0,0
2026-08-14,성남시수정구,2026-08-14T08:00,ncep_gefs_seamless,31,1,0,0,0
2026-08-14,성남시수정구,2026-08-14T08:00,ecmwf_ifs025_ensemble,51,0.902,0.098,0,0
2026-08-14,성남시수정구,2026-08-14T08:00,gem_global_ensemble,21,0.952,0.048,0,0
2026-08-14,성남시수정구,2026-08-14T09:00,ensemble,143,0.958,0.042,0,0
2026-08-14,성남시수정구,2026-08-14T09:00,icon_seamless_eps,40,1,0,0,0
2026-08-14,성남시수정구,2026-08-14T09:00,ncep_gefs_seamless,31,1,0,0,0
2026-08-14,성남시수정구,2026-08-14T09:00,ecmwf_ifs025_ensemble,51,0.902,0.098,0,0
2026-08-14,성남시수정구,2026-08-14T09:00,gem_global_ensemble,21,0.952,0.048,0,0
2026-08-14,성남시수정구,2026-08-14T10:00,ensemble,143,0.678,0.322,0,0
2026-08-14,성남시수정구,2026-08-14T10:00,icon_seamless_eps,40,1,0,0,0
2026-08-14,성남시수정구,2026-08-14T10:00,ncep_gefs_seamless,31,0.419,0.581,0,0
2026-08-14,성남시수정구,2026-08-14T10:00,ecmwf_ifs025_ensemble,51,0.471,0.529,0,0
2026-08-14,성남시수정구,2026-08-14T10:00,gem_global_ensemble,21,0.952,0.048,0,0
2026-08-14,성남시수정구,2026-08-14T11:00,ensemble,143,0.678,0.322,0,0
2026-08-14,성남시수정구,2026-08-14T11:00,icon_seamless_eps,40,1,0,0,0
2026-08-14,성남시수정구,2026-08-14T11:00,ncep_gefs_seamless,31,0.419,0.581,0,0
2026-08-14,성남시수정구,2026-08-14T11:00,ecmwf_ifs025_ensemble,51,0.471,0.529,0,0
2026-08-14,성남시수정구,2026-08-14T11:00,gem_global_ensemble,21,0.952,0.048,0,0
2026-08-14,성남시수정구,2026-08-14T12:00,ensemble,143,0.664,0.336,0,0
2026-08-14,성남시수정구,2026-08-14T12:00,icon_seamless_eps,40,0.95,0.05,0,0
2026-08-14,성남시수정구,2026-08-14T12:00,ncep_gefs_seamless,31,0.419,0.581,0,0
2026-08-14,성남시수정구,2026-08-14T12:00,ecmwf_ifs025_ensemble,51,0.471,0.529,0,0
2026-08-14,성남시수정구,2026-08-14T12:00,gem_global_ensemble,21,0.952,0.048,0,0
2026-08-14,성남시수정구,2026-08-14T13:00,ensemble,143,0.538,0.434,0.028,0
2026-08-14,성남시수정구,2026-08-14T13:00,icon_seamless_eps,40,0.925,0.075,0,0
2026-08-14,성남시수정구,2026-08-14T13:00,ncep_gefs_seamless,31,0.258,0.645,0.097,0
2026-08-14,성남시수정구,2026-08-14T13:00,ecmwf_ifs025_ensemble,51,0.353,0.627,0.02,0
2026-08-14,성남시수정구,2026-08-14T13:00,gem_global_ensemble,21,0.667,0.333,0,0
2026-08-14,성남시수정구,2026-08-14T14:00,ensemble,143,0.531,0.441,0.028,0
2026-08-14,성남시수정구,2026-08-14T14:00,icon_seamless_eps,40,0.9,0.1,0,0
2026-08-14,성남시수정구,2026-08-14T14:00,ncep_gefs_seamless,31,0.258,0.645,0.097,0
2026-08-14,성남시수정구,2026-08-14T14:00,ecmwf_ifs025_ensemble,51,0.353,0.627,0.02,0
2026-08-14,성남시수정구,2026-08-14T14:00,gem_global_ensemble,21,0.667,0.333,0,0
2026-08-14,성남시수정구,2026-08-14T15:00,ensemble,143,0.483,0.49,0.028,0
2026-08-14,성남시수정구,2026-08-14T15:00,icon_seamless_eps,40,0.725,0.275,0,0
2026-08-14,성남시수정구,2026-08-14T15:00,ncep_gefs_seamless,31,0.258,0.645,0.097,0
2026-08-14,성남시수정구,2026-08-14T15:00,ecmwf_ifs025_ensemble,51,0.353,0.627,0.02,0
2026-08-14,성남시수정구,2026-08-14T15:00,gem_global_ensemble,21,0.667,0.333,0,0
2026-08-14,성남시수정구,2026-08-14T16:00,ensemble,143,0.49,0.441,0.07,0
2026-08-14,성남시수정구,2026-08-14T16:00,icon_seamless_eps,40,0.75,0.225,0.025,0
2026-08-14,성남시수정구,2026-08-14T16:00,ncep_gefs_seamless,31,0.194,0.677,0.129,0
2026-08-14,성남시수정구,2026-08-14T16:00,ecmwf_ifs025_ensemble,51,0.392,0.51,0.098,0
2026-08-14,성남시수정구,2026-08-14T16:00,gem_global_ensemble,21,0.667,0.333,0,0
2026-08-14,성남시수정구,2026-08-14T17:00,ensemble,143,0.469,0.462,0.07,0
2026-08-14,성남시수정구,2026-08-14T17:00,icon_seamless_eps,40,0.675,0.3,0.025,0
2026-08-14,성남시수정구,2026-08-14T17:00,ncep_gefs_seamless,31,0.194,0.677,0.129,0
2026-08-14,성남시수정구,2026-08-14T17:00,ecmwf_ifs025_ensemble,51,0.392,0.51,0.098,0
2026-08-14,성남시수정구,2026-08-14T17:00,gem_global_ensemble,21,0.667,0.333,0,0
2026-08-14,성남시수정구,2026-08-14T18:00,ensemble,143,0.469,0.455,0.077,0
2026-08-14,성남시수정구,2026-08-14T18:00,icon_seamless_eps,40,0.675,0.275,0.05,0
2026-08-14,성남시수정구,2026-08-14T18:00,ncep_gefs_seamless,31,0.194,0.677,0.129,0
2026-08-14,성남시수정구,2026-08-14T18:00,ecmwf_ifs025_ensemble,51,0.392,0.51,0.098,0
2026-08-14,성남시수정구,2026-08-14T18:00,gem_global_ensemble,21,0.667,0.333,0,0
2026-08-14,성남시수정구,2026-08-14T19:00,ensemble,143,0.615,0.336,0.049,0
2026-08-14,성남시수정구,2026-08-14T19:00,icon_seamless_eps,40,0.7,0.275,0.025,0
2026-08-14,성남시수정구,2026-08-14T19:00,ncep_gefs_seamless,31,0.387,0.613,0,0
2026-08-14,성남시수정구,2026-08-14T19:00,ecmwf_ifs025_ensemble,51,0.608,0.294,0.098,0
2026-08-14,성남시수정구,2026-08-14T19:00,gem_global_ensemble,21,0.81,0.143,0.048,0
2026-08-14,성남시수정구,2026-08-14T20:00,ensemble,143,0.657,0.294,0.049,0
2026-08-14,성남시수정구,2026-08-14T20:00,icon_seamless_eps,40,0.85,0.125,0.025,0
2026-08-14,성남시수정구,2026-08-14T20:00,ncep_gefs_seamless,31,0.387,0.613,0,0
2026-08-14,성남시수정구,2026-08-14T20:00,ecmwf_ifs025_ensemble,51,0.608,0.294,0.098,0
2026-08-14,성남시수정구,2026-08-14T20:00,gem_global_ensemble,21,0.81,0.143,0.048,0
2026-08-14,성남시수정구,2026-08-14T21:00,ensemble,143,0.678,0.28,0.042,0
2026-08-14,성남시수정구,2026-08-14T21:00,icon_seamless_eps,40,0.925,0.075,0,0
2026-08-14,성남시수정구,2026-08-14T21:00,ncep_gefs_seamless,31,0.387,0.613,0,0
2026-08-14,성남시수정구,2026-08-14T21:00,ecmwf_ifs025_ensemble,51,0.608,0.294,0.098,0
2026-08-14,성남시수정구,2026-08-14T21:00,gem_global_ensemble,21,0.81,0.143,0.048,0
2026-08-14,성남시수정구,2026-08-14T22:00,ensemble,143,0.846,0.147,0.007,0
2026-08-14,성남시수정구,2026-08-14T22:00,icon_seamless_eps,40,0.9,0.1,0,0
2026-08-14,성남시수정구,2026-08-14T22:00,ncep_gefs_seamless,31,0.903,0.097,0,0
2026-08-14,성남시수정구,2026-08-14T22:00,ecmwf_ifs025_ensemble,51,0.745,0.255,0,0
2026-08-14,성남시수정구,2026-08-14T22:00,gem_global_ensemble,21,0.905,0.048,0.048,0
2026-08-14,성남시수정구,2026-08-14T23:00,ensemble,143,0.874,0.119,0.007,0
2026-08-14,성남시수정구,2026-08-14T23:00,icon_seamless_eps,40,1,0,0,0
2026-08-14,성남시수정구,2026-08-14T23:00,ncep_gefs_seamless,31,0.903,0.097,0,0
2026-08-14,성남시수정구,2026-08-14T23:00,ecmwf_ifs025_ensemble,51,0.745,0.255,0,0
2026-08-14,성남시수정구,2026-08-14T23:00,gem_global_ensemble,21,0.905,0.048,0.048,0
2026-08-14,성남시수정구,2026-08-15T00:00,ensemble,143,0.874,0.119,0.007,0
2026-08-14,성남시수정구,2026-08-15T00:00,icon_seamless_eps,40,1,0,0,0
2026-08-14,성남시수정구,2026-08-15T00:00,ncep_gefs_seamless,31,0.903,0.097,0,0
2026-08-14,성남시수정구,2026-08-15T00:00,ecmwf_ifs025_ensemble,51,0.745,0.255,0,0
2026-08-14,성남시수정구,2026-08-15T00:00,gem_global_ensemble,21,0.905,0.048,0.048,0
2026-08-14,성남시수정구,2026-08-15T01:00,ensemble,143,0.874,0.112,0.014,0
2026-08-14,성남시수정구,2026-08-15T01:00,icon_seamless_eps,40,0.95,0.025,0.025,0
2026-08-14,성남시수정구,2026-08-15T01:00,ncep_gefs_seamless,31,0.839,0.161,0,0
2026-08-14,성남시수정구,2026-08-15T01:00,ecmwf_ifs025_ensemble,51,0.824,0.157,0.02,0
2026-08-14,성남시수정구,2026-08-15T01:00,gem_global_ensemble,21,0.905,0.095,0,0
2026-08-14,성남시수정구,2026-08-15T02:00,ensemble,143,0.86,0.126,0.007,0.007
2026-08-14,성남시수정구,2026-08-15T02:00,icon_seamless_eps,40,0.9,0.075,0,0.025
2026-08-14,성남시수정구,2026-08-15T02:00,ncep_gefs_seamless,31,0.839,0.161,0,0
2026-08-14,성남시수정구,2026-08-15T02:00,ecmwf_ifs025_ensemble,51,0.824,0.157,0.02,0
2026-08-14,성남시수정구,2026-08-15T02:00,gem_global_ensemble,21,0.905,0.095,0,0
2026-08-14,성남시수정구,2026-08-15T03:00,ensemble,143,0.853,0.133,0.007,0.007
2026-08-14,성남시수정구,2026-08-15T03:00,icon_seamless_eps,40,0.875,0.1,0,0.025
2026-08-14,성남시수정구,2026-08-15T03:00,ncep_gefs_seamless,31,0.839,0.161,0,0
2026-08-14,성남시수정구,2026-08-15T03:00,ecmwf_ifs025_ensemble,51,0.824,0.157,0.02,0
2026-08-14,성남시수정구,2026-08-15T03:00,gem_global_ensemble,21,0.905,0.095,0,0
2026-08-14,성남시수정구,2026-08-15T04:00,ensemble,143,0.804,0.182,0.014,0
2026-08-14,성남시수정구,2026-08-15T04:00,icon_seamless_eps,40,0.75,0.225,0.025,0
2026-08-14,성남시수정구,2026-08-15T04:00,ncep_gefs_seamless,31,0.871,0.129,0,0
2026-08-14,성남시수정구,2026-08-15T04:00,ecmwf_ifs025_ensemble,51,0.765,0.216,0.02,0
2026-08-14,성남시수정구,2026-08-15T04:00,gem_global_ensemble,21,0.905,0.095,0,0
2026-08-14,성남시수정구,2026-08-15T05:00,ensemble,143,0.797,0.168,0.035,0
2026-08-14,성남시수정구,2026-08-15T05:00,icon_seamless_eps,40,0.725,0.175,0.1,0
2026-08-14,성남시수정구,2026-08-15T05:00,ncep_gefs_seamless,31,0.871,0.129,0,0
2026-08-14,성남시수정구,2026-08-15T05:00,ecmwf_ifs025_ensemble,51,0.765,0.216,0.02,0
2026-08-14,성남시수정구,2026-08-15T05:00,gem_global_ensemble,21,0.905,0.095,0,0
2026-08-14,성남시수정구,2026-08-15T06:00,ensemble,143,0.797,0.168,0.035,0
2026-08-14,성남시수정구,2026-08-15T06:00,icon_seamless_eps,40,0.725,0.175,0.1,0
2026-08-14,성남시수정구,2026-08-15T06:00,ncep_gefs_seamless,31,0.871,0.129,0,0
2026-08-14,성남시수정구,2026-08-15T06:00,ecmwf_ifs025_ensemble,51,0.765,0.216,0.02,0
2026-08-14,성남시수정구,2026-08-15T06:00,gem_global_ensemble,21,0.905,0.095,0,0
2026-08-14,성남시수정구,2026-08-15T07:00,ensemble,143,0.804,0.161,0.028,0.007
2026-08-14,성남시수정구,2026-08-15T07:00,icon_seamless_eps,40,0.75,0.125,0.1,0.025
2026-08-14,성남시수정구,2026-08-15T07:00,ncep_gefs_seamless,31,0.839,0.161,0,0
2026-08-14,성남시수정구,2026-08-15T07:00,ecmwf_ifs025_ensemble,51,0.765,0.235,0,0
2026-08-14,성남시수정구,2026-08-15T07:00,gem_global_ensemble,21,0.952,0.048,0,0
2026-08-14,성남시수정구,2026-08-15T08:00,ensemble,143,0.797,0.175,0.021,0.007
2026-08-14,성남시수정구,2026-08-15T08:00,icon_seamless_eps,40,0.725,0.175,0.075,0.025
2026-08-14,성남시수정구,2026-08-15T08:00,ncep_gefs_seamless,31,0.839,0.161,0,0
2026-08-14,성남시수정구,2026-08-15T08:00,ecmwf_ifs025_ensemble,51,0.765,0.235,0,0
2026-08-14,성남시수정구,2026-08-15T08:00,gem_global_ensemble,21,0.952,0.048,0,0
2026-08-14,성남시수정구,2026-08-15T09:00,ensemble,143,0.79,0.189,0.014,0.007
2026-08-14,성남시수정구,2026-08-15T09:00,icon_seamless_eps,40,0.7,0.225,0.05,0.025
2026-08-14,성남시수정구,2026-08-15T09:00,ncep_gefs_seamless,31,0.839,0.161,0,0
2026-08-14,성남시수정구,2026-08-15T09:00,ecmwf_ifs025_ensemble,51,0.765,0.235,0,0
2026-08-14,성남시수정구,2026-08-15T09:00,gem_global_ensemble,21,0.952,0.048,0,0
2026-08-14,성남시수정구,2026-08-15T10:00,ensemble,143,0.566,0.413,0.014,0.007
2026-08-14,성남시수정구,2026-08-15T10:00,icon_seamless_eps,40,0.7,0.225,0.05,0.025
2026-08-14,성남시수정구,2026-08-15T10:00,ncep_gefs_seamless,31,0.548,0.452,0,0
2026-08-14,성남시수정구,2026-08-15T10:00,ecmwf_ifs025_ensemble,51,0.333,0.667,0,0
2026-08-14,성남시수정구,2026-08-15T10:00,gem_global_ensemble,21,0.905,0.095,0,0
2026-08-14,성남시수정구,2026-08-15T11:00,ensemble,143,0.545,0.441,0.014,0
2026-08-14,성남시수정구,2026-08-15T11:00,icon_seamless_eps,40,0.625,0.325,0.05,0
2026-08-14,성남시수정구,2026-08-15T11:00,ncep_gefs_seamless,31,0.548,0.452,0,0
2026-08-14,성남시수정구,2026-08-15T11:00,ecmwf_ifs025_ensemble,51,0.333,0.667,0,0
2026-08-14,성남시수정구,2026-08-15T11:00,gem_global_ensemble,21,0.905,0.095,0,0
2026-08-14,성남시수정구,2026-08-15T12:00,ensemble,143,0.545,0.441,0.014,0
2026-08-14,성남시수정구,2026-08-15T12:00,icon_seamless_eps,40,0.625,0.325,0.05,0
2026-08-14,성남시수정구,2026-08-15T12:00,ncep_gefs_seamless,31,0.548,0.452,0,0
2026-08-14,성남시수정구,2026-08-15T12:00,ecmwf_ifs025_ensemble,51,0.333,0.667,0,0
2026-08-14,성남시수정구,2026-08-15T12:00,gem_global_ensemble,21,0.905,0.095,0,0
2026-08-14,성남시수정구,2026-08-15T13:00,ensemble,143,0.392,0.51,0.091,0.007
2026-08-14,성남시수정구,2026-08-15T13:00,icon_seamless_eps,40,0.625,0.375,0,0
2026-08-14,성남시수정구,2026-08-15T13:00,ncep_gefs_seamless,31,0.355,0.516,0.129,0
2026-08-14,성남시수정구,2026-08-15T13:00,ecmwf_ifs025_ensemble,51,0.196,0.627,0.157,0.02
2026-08-14,성남시수정구,2026-08-15T13:00,gem_global_ensemble,21,0.476,0.476,0.048,0
2026-08-14,성남시수정구,2026-08-15T14:00,ensemble,143,0.434,0.455,0.105,0.007
2026-08-14,성남시수정구,2026-08-15T14:00,icon_seamless_eps,40,0.775,0.175,0.05,0
2026-08-14,성남시수정구,2026-08-15T14:00,ncep_gefs_seamless,31,0.355,0.516,0.129,0
2026-08-14,성남시수정구,2026-08-15T14:00,ecmwf_ifs025_ensemble,51,0.196,0.627,0.157,0.02
2026-08-14,성남시수정구,2026-08-15T14:00,gem_global_ensemble,21,0.476,0.476,0.048,0
2026-08-14,성남시수정구,2026-08-15T15:00,ensemble,143,0.448,0.455,0.091,0.007
2026-08-14,성남시수정구,2026-08-15T15:00,icon_seamless_eps,40,0.825,0.175,0,0
2026-08-14,성남시수정구,2026-08-15T15:00,ncep_gefs_seamless,31,0.355,0.516,0.129,0
2026-08-14,성남시수정구,2026-08-15T15:00,ecmwf_ifs025_ensemble,51,0.196,0.627,0.157,0.02
2026-08-14,성남시수정구,2026-08-15T15:00,gem_global_ensemble,21,0.476,0.476,0.048,0
2026-08-14,성남시수정구,2026-08-15T16:00,ensemble,143,0.524,0.364,0.112,0
2026-08-14,성남시수정구,2026-08-15T16:00,icon_seamless_eps,40,0.775,0.225,0,0
2026-08-14,성남시수정구,2026-08-15T16:00,ncep_gefs_seamless,31,0.548,0.226,0.226,0
2026-08-14,성남시수정구,2026-08-15T16:00,ecmwf_ifs025_ensemble,51,0.353,0.471,0.176,0
2026-08-14,성남시수정구,2026-08-15T16:00,gem_global_ensemble,21,0.429,0.571,0,0
2026-08-14,성남시수정구,2026-08-15T17:00,ensemble,143,0.531,0.357,0.112,0
2026-08-14,성남시수정구,2026-08-15T17:00,icon_seamless_eps,40,0.8,0.2,0,0
2026-08-14,성남시수정구,2026-08-15T17:00,ncep_gefs_seamless,31,0.548,0.226,0.226,0
2026-08-14,성남시수정구,2026-08-15T17:00,ecmwf_ifs025_ensemble,51,0.353,0.471,0.176,0
2026-08-14,성남시수정구,2026-08-15T17:00,gem_global_ensemble,21,0.429,0.571,0,0
2026-08-14,성남시수정구,2026-08-15T18:00,ensemble,143,0.545,0.343,0.112,0
2026-08-14,성남시수정구,2026-08-15T18:00,icon_seamless_eps,40,0.85,0.15,0,0
2026-08-14,성남시수정구,2026-08-15T18:00,ncep_gefs_seamless,31,0.548,0.226,0.226,0
2026-08-14,성남시수정구,2026-08-15T18:00,ecmwf_ifs025_ensemble,51,0.353,0.471,0.176,0
2026-08-14,성남시수정구,2026-08-15T18:00,gem_global_ensemble,21,0.429,0.571,0,0
2026-08-14,성남시수정구,2026-08-15T19:00,ensemble,143,0.72,0.252,0.021,0.007
2026-08-14,성남시수정구,2026-08-15T19:00,icon_seamless_eps,40,0.85,0.125,0.025,0
2026-08-14,성남시수정구,2026-08-15T19:00,ncep_gefs_seamless,31,0.548,0.419,0.032,0
2026-08-14,성남시수정구,2026-08-15T19:00,ecmwf_ifs025_ensemble,51,0.706,0.255,0.02,0.02
2026-08-14,성남시수정구,2026-08-15T19:00,gem_global_ensemble,21,0.762,0.238,0,0
2026-08-14,성남시수정구,2026-08-15T20:00,ensemble,143,0.706,0.266,0.021,0.007
2026-08-14,성남시수정구,2026-08-15T20:00,icon_seamless_eps,40,0.8,0.175,0.025,0
2026-08-14,성남시수정구,2026-08-15T20:00,ncep_gefs_seamless,31,0.548,0.419,0.032,0
2026-08-14,성남시수정구,2026-08-15T20:00,ecmwf_ifs025_ensemble,51,0.706,0.255,0.02,0.02
2026-08-14,성남시수정구,2026-08-15T20:00,gem_global_ensemble,21,0.762,0.238,0,0
2026-08-14,성남시수정구,2026-08-15T21:00,ensemble,143,0.692,0.28,0.021,0.007
2026-08-14,성남시수정구,2026-08-15T21:00,icon_seamless_eps,40,0.75,0.225,0.025,0
2026-08-14,성남시수정구,2026-08-15T21:00,ncep_gefs_seamless,31,0.548,0.419,0.032,0
2026-08-14,성남시수정구,2026-08-15T21:00,ecmwf_ifs025_ensemble,51,0.706,0.255,0.02,0.02
2026-08-14,성남시수정구,2026-08-15T21:00,gem_global_ensemble,21,0.762,0.238,0,0
2026-08-14,성남시수정구,2026-08-15T22:00,ensemble,143,0.476,0.378,0.133,0.014
2026-08-14,성남시수정구,2026-08-15T22:00,icon_seamless_eps,40,0.225,0.475,0.25,0.05
2026-08-14,성남시수정구,2026-08-15T22:00,ncep_gefs_seamless,31,0.419,0.484,0.097,0
2026-08-14,성남시수정구,2026-08-15T22:00,ecmwf_ifs025_ensemble,51,0.627,0.275,0.098,0
2026-08-14,성남시수정구,2026-08-15T22:00,gem_global_ensemble,21,0.667,0.286,0.048,0
2026-08-14,성남시수정구,2026-08-15T23:00,ensemble,143,0.476,0.378,0.133,0.014
2026-08-14,성남시수정구,2026-08-15T23:00,icon_seamless_eps,40,0.225,0.475,0.25,0.05
2026-08-14,성남시수정구,2026-08-15T23:00,ncep_gefs_seamless,31,0.419,0.484,0.097,0
2026-08-14,성남시수정구,2026-08-15T23:00,ecmwf_ifs025_ensemble,51,0.627,0.275,0.098,0
2026-08-14,성남시수정구,2026-08-15T23:00,gem_global_ensemble,21,0.667,0.286,0.048,0
2026-08-16,수원시권선구,2026-08-16T00:00,ensemble,143,0.462,0.364,0.161,0.014
2026-08-16,수원시권선구,2026-08-16T00:00,icon_seamless_eps,40,0.2,0.4,0.375,0.025
2026-08-16,수원시권선구,2026-08-16T00:00,ncep_gefs_seamless,31,0.645,0.355,0,0
2026-08-16,수원시권선구,2026-08-16T00:00,ecmwf_ifs025_ensemble,51,0.529,0.373,0.078,0.02
2026-08-16,수원시권선구,2026-08-16T00:00,gem_global_ensemble,21,0.524,0.286,0.19,0
2026-08-16,수원시권선구,2026-08-16T01:00,ensemble,143,0.189,0.35,0.413,0.049
2026-08-16,수원시권선구,2026-08-16T01:00,icon_seamless_eps,40,0.1,0.275,0.575,0.05
2026-08-16,수원시권선구,2026-08-16T01:00,ncep_gefs_seamless,31,0.355,0.581,0.065,0
2026-08-16,수원시권선구,2026-08-16T01:00,ecmwf_ifs025_ensemble,51,0.078,0.314,0.529,0.078
2026-08-16,수원시권선구,2026-08-16T01:00,gem_global_ensemble,21,0.381,0.238,0.333,0.048
2026-08-16,수원시권선구,2026-08-16T02:00,ensemble,143,0.182,0.378,0.385,0.056
2026-08-16,수원시권선구,2026-08-16T02:00,icon_seamless_eps,40,0.075,0.375,0.475,0.075
2026-08-16,수원시권선구,2026-08-16T02:00,ncep_gefs_seamless,31,0.355,0.581,0.065,0
2026-08-16,수원시권선구,2026-08-16T02:00,ecmwf_ifs025_ensemble,51,0.078,0.314,0.529,0.078
2026-08-16,수원시권선구,2026-08-16T02:00,gem_global_ensemble,21,0.381,0.238,0.333,0.048
2026-08-16,수원시권선구,2026-08-16T03:00,ensemble,143,0.175,0.378,0.399,0.049
2026-08-16,수원시권선구,2026-08-16T03:00,icon_seamless_eps,40,0.05,0.375,0.525,0.05
2026-08-16,수원시권선구,2026-08-16T03:00,ncep_gefs_seamless,31,0.355,0.581,0.065,0
2026-08-16,수원시권선구,2026-08-16T03:00,ecmwf_ifs025_ensemble,51,0.078,0.314,0.529,0.078
2026-08-16,수원시권선구,2026-08-16T03:00,gem_global_ensemble,21,0.381,0.238,0.333,0.048
2026-08-16,수원시권선구,2026-08-16T04:00,ensemble,143,0.091,0.357,0.42,0.133
2026-08-16,수원시권선구,2026-08-16T04:00,icon_seamless_eps,40,0.025,0.25,0.525,0.2
2026-08-16,수원시권선구,2026-08-16T04:00,ncep_gefs_seamless,31,0.097,0.613,0.29,0
2026-08-16,수원시권선구,2026-08-16T04:00,ecmwf_ifs025_ensemble,51,0.078,0.314,0.431,0.176
2026-08-16,수원시권선구,2026-08-16T04:00,gem_global_ensemble,21,0.238,0.286,0.381,0.095
2026-08-16,수원시권선구,2026-08-16T05:00,ensemble,143,0.105,0.322,0.427,0.147
2026-08-16,수원시권선구,2026-08-16T05:00,icon_seamless_eps,40,0.075,0.125,0.55,0.25
2026-08-16,수원시권선구,2026-08-16T05:00,ncep_gefs_seamless,31,0.097,0.613,0.29,0
2026-08-16,수원시권선구,2026-08-16T05:00,ecmwf_ifs025_ensemble,51,0.078,0.314,0.431,0.176
2026-08-16,수원시권선구,2026-08-16T05:00,gem_global_ensemble,21,0.238,0.286,0.381,0.095
2026-08-16,수원시권선구,2026-08-16T06:00,ensemble,143,0.098,0.329,0.35,0.224
2026-08-16,수원시권선구,2026-08-16T06:00,icon_seamless_eps,40,0.05,0.15,0.275,0.525
2026-08-16,수원시권선구,2026-08-16T06:00,ncep_gefs_seamless,31,0.097,0.613,0.29,0
2026-08-16,수원시권선구,2026-08-16T06:00,ecmwf_ifs025_ensemble,51,0.078,0.314,0.431,0.176
2026-08-16,수원시권선구,2026-08-16T06:00,gem_global_ensemble,21,0.238,0.286,0.381,0.095
2026-08-16,수원시권선구,2026-08-16T07:00,ensemble,143,0.063,0.287,0.385,0.266
2026-08-16,수원시권선구,2026-08-16T07:00,icon_seamless_eps,40,0.05,0.1,0.375,0.475
2026-08-16,수원시권선구,2026-08-16T07:00,ncep_gefs_seamless,31,0.065,0.484,0.387,0.065
2026-08-16,수원시권선구,2026-08-16T07:00,ecmwf_ifs025_ensemble,51,0.059,0.275,0.412,0.255
2026-08-16,수원시권선구,2026-08-16T07:00,gem_global_ensemble,21,0.095,0.381,0.333,0.19
2026-08-16,수원시권선구,2026-08-16T08:00,ensemble,143,0.063,0.301,0.406,0.231
2026-08-16,수원시권선구,2026-08-16T08:00,icon_seamless_eps,40,0.05,0.15,0.45,0.35
2026-08-16,수원시권선구,2026-08-16T08:00,ncep_gefs_seamless,31,0.065,0.484,0.387,0.065
2026-08-16,수원시권선구,2026-08-16T08:00,ecmwf_ifs025_ensemble,51,0.059,0.275,0.412,0.255
2026-08-16,수원시권선구,2026-08-16T08:00,gem_global_ensemble,21,0.095,0.381,0.333,0.19
2026-08-16,수원시권선구,2026-08-16T09:00,ensemble,143,0.077,0.322,0.385,0.217
2026-08-16,수원시권선구,2026-08-16T09:00,icon_seamless_eps,40,0.1,0.225,0.375,0.3
2026-08-16,수원시권선구,2026-08-16T09:00,ncep_gefs_seamless,31,0.065,0.484,0.387,0.065
2026-08-16,수원시권선구,2026-08-16T09:00,ecmwf_ifs025_ensemble,51,0.059,0.275,0.412,0.255
2026-08-16,수원시권선구,2026-08-16T09:00,gem_global_ensemble,21,0.095,0.381,0.333,0.19
2026-08-16,수원시권선구,2026-08-16T10:00,ensemble,143,0.077,0.524,0.315,0.084
2026-08-16,수원시권선구,2026-08-16T10:00,icon_seamless_eps,40,0.125,0.325,0.3,0.25
2026-08-16,수원시권선구,2026-08-16T10:00,ncep_gefs_seamless,31,0.097,0.677,0.226,0
2026-08-16,수원시권선구,2026-08-16T10:00,ecmwf_ifs025_ensemble,51,0.059,0.549,0.373,0.02
2026-08-16,수원시권선구,2026-08-16T10:00,gem_global_ensemble,21,0,0.619,0.333,0.048
2026-08-16,수원시권선구,2026-08-16T11:00,ensemble,143,0.119,0.51,0.308,0.063
2026-08-16,수원시권선구,2026-08-16T11:00,icon_seamless_eps,40,0.275,0.275,0.275,0.175
2026-08-16,수원시권선구,2026-08-16T11:00,ncep_gefs_seamless,31,0.097,0.677,0.226,0
2026-08-16,수원시권선구,2026-08-16T11:00,ecmwf_ifs025_ensemble,51,0.059,0.549,0.373,0.02
2026-08-16,수원시권선구,2026-08-16T11:00,gem_global_ensemble,21,0,0.619,0.333,0.048
2026-08-16,수원시권선구,2026-08-16T12:00,ensemble,143,0.14,0.524,0.308,0.028
2026-08-16,수원시권선구,2026-08-16T12:00,icon_seamless_eps,40,0.35,0.325,0.275,0.05
2026-08-16,수원시권선구,2026-08-16T12:00,ncep_gefs_seamless,31,0.097,0.677,0.226,0
2026-08-16,수원시권선구,2026-08-16T12:00,ecmwf_ifs025_ensemble,51,0.059,0.549,0.373,0.02
2026-08-16,수원시권선구,2026-08-16T12:00,gem_global_ensemble,21,0,0.619,0.333,0.048
2026-08-16,수원시권선구,2026-08-16T13:00,ensemble,143,0.308,0.497,0.189,0.007
2026-08-16,수원시권선구,2026-08-16T13:00,icon_seamless_eps,40,0.45,0.25,0.275,0.025
2026-08-16,수원시권선구,2026-08-16T13:00,ncep_gefs_seamless,31,0.484,0.484,0.032,0
2026-08-16,수원시권선구,2026-08-16T13:00,ecmwf_ifs025_ensemble,51,0.118,0.706,0.176,0
2026-08-16,수원시권선구,2026-08-16T13:00,gem_global_ensemble,21,0.238,0.476,0.286,0
2026-08-16,수원시권선구,2026-08-16T14:00,ensemble,143,0.329,0.483,0.182,0.007
2026-08-16,수원시권선구,2026-08-16T14:00,icon_seamless_eps,40,0.525,0.2,0.25,0.025
2026-08-16,수원시권선구,2026-08-16T14:00,ncep_gefs_seamless,31,0.484,0.484,0.032,0
2026-08-16,수원시권선구,2026-08-16T14:00,ecmwf_ifs025_ensemble,51,0.118,0.706,0.176,0
2026-08-16,수원시권선구,2026-08-16T14:00,gem_global_ensemble,21,0.238,0.476,0.286,0
2026-08-16,수원시권선구,2026-08-16T15:00,ensemble,143,0.35,0.476,0.161,0.014
2026-08-16,수원시권선구,2026-08-16T15:00,icon_seamless_eps,40,0.6,0.175,0.175,0.05
2026-08-16,수원시권선구,2026-08-16T15:00,ncep_gefs_seamless,31,0.484,0.484,0.032,0
2026-08-16,수원시권선구,2026-08-16T15:00,ecmwf_ifs025_ensemble,51,0.118,0.706,0.176,0
2026-08-16,수원시권선구,2026-08-16T15:00,gem_global_ensemble,21,0.238,0.476,0.286,0
2026-08-16,수원시권선구,2026-08-16T16:00,ensemble,143,0.448,0.378,0.133,0.042
2026-08-16,수원시권선구,2026-08-16T16:00,icon_seamless_eps,40,0.575,0.275,0.1,0.05
2026-08-16,수원시권선구,2026-08-16T16:00,ncep_gefs_seamless,31,0.613,0.323,0.065,0
2026-08-16,수원시권선구,2026-08-16T16:00,ecmwf_ifs025_ensemble,51,0.333,0.471,0.118,0.078
2026-08-16,수원시권선구,2026-08-16T16:00,gem_global_ensemble,21,0.238,0.429,0.333,0
2026-08-16,수원시권선구,2026-08-16T17:00,ensemble,143,0.476,0.329,0.161,0.035
2026-08-16,수원시권선구,2026-08-16T17:00,icon_seamless_eps,40,0.675,0.1,0.2,0.025
2026-08-16,수원시권선구,2026-08-16T17:00,ncep_gefs_seamless,31,0.613,0.323,0.065,0
2026-08-16,수원시권선구,2026-08-16T17:00,ecmwf_ifs025_ensemble,51,0.333,0.471,0.118,0.078
2026-08-16,수원시권선구,2026-08-16T17:00,gem_global_ensemble,21,0.238,0.429,0.333,0
2026-08-16,수원시권선구,2026-08-16T18:00,ensemble,143,0.476,0.336,0.154,0.035
2026-08-16,수원시권선구,2026-08-16T18:00,icon_seamless_eps,40,0.675,0.125,0.175,0.025
2026-08-16,수원시권선구,2026-08-16T18:00,ncep_gefs_seamless,31,0.613,0.323,0.065,0
2026-08-16,수원시권선구,2026-08-16T18:00,ecmwf_ifs025_ensemble,51,0.333,0.471,0.118,0.078
2026-08-16,수원시권선구,2026-08-16T18:00,gem_global_ensemble,21,0.238,0.429,0.333,0
2026-08-16,수원시권선구,2026-08-16T19:00,ensemble,143,0.573,0.343,0.077,0.007
2026-08-16,수원시권선구,2026-08-16T19:00,icon_seamless_eps,40,0.7,0.175,0.1,0.025
2026-08-16,수원시권선구,2026-08-16T19:00,ncep_gefs_seamless,31,0.871,0.129,0,0
2026-08-16,수원시권선구,2026-08-16T19:00,ecmwf_ifs025_ensemble,51,0.431,0.49,0.078,0
2026-08-16,수원시권선구,2026-08-16T19:00,gem_global_ensemble,21,0.238,0.619,0.143,0
2026-08-16,수원시권선구,2026-08-16T20:00,ensemble,143,0.573,0.329,0.091,0.007
2026-08-16,수원시권선구,2026-08-16T20:00,icon_seamless_eps,40,0.7,0.125,0.15,0.025
2026-08-16,수원시권선구,2026-08-16T20:00,ncep_gefs_seamless,31,0.871,0.129,0,0
2026-08-16,수원시권선구,2026-08-16T20:00,ecmwf_ifs025_ensemble,51,0.431,0.49,0.078,0
2026-08-16,수원시권선구,2026-08-16T20:00,gem_global_ensemble,21,0.238,0.619,0.143,0
2026-08-16,수원시권선구,2026-08-16T21:00,ensemble,143,0.573,0.336,0.077,0.014
2026-08-16,수원시권선구,2026-08-16T21:00,icon_seamless_eps,40,0.7,0.15,0.1,0.05
2026-08-16,수원시권선구,2026-08-16T21:00,ncep_gefs_seamless,31,0.871,0.129,0,0
2026-08-16,수원시권선구,2026-08-16T21:00,ecmwf_ifs025_ensemble,51,0.431,0.49,0.078,0
2026-08-16,수원시권선구,2026-08-16T21:00,gem_global_ensemble,21,0.238,0.619,0.143,0
2026-08-16,수원시권선구,2026-08-16T22:00,ensemble,143,0.643,0.245,0.105,0.007
2026-08-16,수원시권선구,2026-08-16T22:00,icon_seamless_eps,40,0.675,0.125,0.175,0.025
2026-08-16,수원시권선구,2026-08-16T22:00,ncep_gefs_seamless,31,0.806,0.194,0,0
2026-08-16,수원시권선구,2026-08-16T22:00,ecmwf_ifs025_ensemble,51,0.647,0.275,0.078,0
2026-08-16,수원시권선구,2026-08-16T22:00,gem_global_ensemble,21,0.333,0.476,0.19,0
2026-08-16,수원시권선구,2026-08-16T23:00,ensemble,143,0.636,0.259,0.091,0.014
2026-08-16,수원시권선구,2026-08-16T23:00,icon_seamless_eps,40,0.65,0.175,0.125,0.05
2026-08-16,수원시권선구,2026-08-16T23:00,ncep_gefs_seamless,31,0.806,0.194,0,0
2026-08-16,수원시권선구,2026-08-16T23:00,ecmwf_ifs025_ensemble,51,0.647,0.275,0.078,0
2026-08-16,수원시권선구,2026-08-16T23:00,gem_global_ensemble,21,0.333,0.476,0.19,0
2026-08-16,수원시권선구,2026-08-17T00:00,ensemble,143,0.629,0.259,0.105,0.007
2026-08-16,수원시권선구,2026-08-17T00:00,icon_seamless_eps,40,0.625,0.175,0.175,0.025
2026-08-16,수원시권선구,2026-08-17T00:00,ncep_gefs_seamless,31,0.806,0.194,0,0
2026-08-16,수원시권선구,2026-08-17T00:00,ecmwf_ifs025_ensemble,51,0.647,0.275,0.078,0
2026-08-16,수원시권선구,2026-08-17T00:00,gem_global_ensemble,21,0.333,0.476,0.19,0
2026-08-16,수원시권선구,2026-08-17T01:00,ensemble,143,0.58,0.266,0.133,0.021
2026-08-16,수원시권선구,2026-08-17T01:00,icon_seamless_eps,40,0.625,0.175,0.175,0.025
2026-08-16,수원시권선구,2026-08-17T01:00,ncep_gefs_seamless,31,0.742,0.258,0,0
2026-08-16,수원시권선구,2026-08-17T01:00,ecmwf_ifs025_ensemble,51,0.608,0.255,0.118,0.02
2026-08-16,수원시권선구,2026-08-17T01:00,gem_global_ensemble,21,0.19,0.476,0.286,0.048
2026-08-16,수원시권선구,2026-08-17T02:00,ensemble,143,0.573,0.28,0.126,0.021
2026-08-16,수원시권선구,2026-08-17T02:00,icon_seamless_eps,40,0.6,0.225,0.15,0.025
2026-08-16,수원시권선구,2026-08-17T02:00,ncep_gefs_seamless,31,0.742,0.258,0,0
2026-08-16,수원시권선구,2026-08-17T02:00,ecmwf_ifs025_ensemble,51,0.608,0.255,0.118,0.02
2026-08-16,수원시권선구,2026-08-17T02:00,gem_global_ensemble,21,0.19,0.476,0.286,0.048
2026-08-16,수원시권선구,2026-08-17T03:00,ensemble,143,0.587,0.259,0.126,0.028
2026-08-16,수원시권선구,2026-08-17T03:00,icon_seamless_eps,40,0.65,0.15,0.15,0.05
2026-08-16,수원시권선구,2026-08-17T03:00,ncep_gefs_seamless,31,0.742,0.258,0,0
2026-08-16,수원시권선구,2026-08-17T03:00,ecmwf_ifs025_ensemble,51,0.608,0.255,0.118,0.02
2026-08-16,수원시권선구,2026-08-17T03:00,gem_global_ensemble,21,0.19,0.476,0.286,0.048
2026-08-16,수원시권선구,2026-08-17T04:00,ensemble,143,0.552,0.329,0.112,0.007
2026-08-16,수원시권선구,2026-08-17T04:00,icon_seamless_eps,40,0.675,0.175,0.125,0.025
2026-08-16,수원시권선구,2026-08-17T04:00,ncep_gefs_seamless,31,0.677,0.29,0.032,0
2026-08-16,수원시권선구,2026-08-17T04:00,ecmwf_ifs025_ensemble,51,0.51,0.431,0.059,0
2026-08-16,수원시권선구,2026-08-17T04:00,gem_global_ensemble,21,0.238,0.429,0.333,0
2026-08-16,수원시권선구,2026-08-17T05:00,ensemble,143,0.545,0.343,0.112,0
2026-08-16,수원시권선구,2026-08-17T05:00,icon_seamless_eps,40,0.65,0.225,0.125,0
2026-08-16,수원시권선구,2026-08-17T05:00,ncep_gefs_seamless,31,0.677,0.29,0.032,0
2026-08-16,수원시권선구,2026-08-17T05:00,ecmwf_ifs025_ensemble,51,0.51,0.431,0.059,0
2026-08-16,수원시권선구,2026-08-17T05:00,gem_global_ensemble,21,0.238,0.429,0.333,0
2026-08-16,수원시권선구,2026-08-17T06:00,ensemble,143,0.573,0.308,0.119,0
2026-08-16,수원시권선구,2026-08-17T06:00,icon_seamless_eps,40,0.75,0.1,0.15,0
2026-08-16,수원시권선구,2026-08-17T06:00,ncep_gefs_seamless,31,0.677,0.29,0.032,0
2026-08-16,수원시권선구,2026-08-17T06:00,ecmwf_ifs025_ensemble,51,0.51,0.431,0.059,0
2026-08-16,수원시권선구,2026-08-17T06:00,gem_global_ensemble,21,0.238,0.429,0.333,0
2026-08-16,수원시권선구,2026-08-17T07:00,ensemble,143,0.699,0.231,0.063,0.007
2026-08-16,수원시권선구,2026-08-17T07:00,icon_seamless_eps,40,0.85,0.05,0.075,0.025
2026-08-16,수원시권선구,2026-08-17T07:00,ncep_gefs_seamless,31,0.839,0.161,0,0
2026-08-16,수원시권선구,2026-08-17T07:00,ecmwf_ifs025_ensemble,51,0.667,0.314,0.02,0
2026-08-16,수원시권선구,2026-08-17T07:00,gem_global_ensemble,21,0.286,0.476,0.238,0
2026-08-16,수원시권선구,2026-08-17T08:00,ensemble,143,0.713,0.224,0.063,0
2026-08-16,수원시권선구,2026-08-17T08:00,icon_seamless_eps,40,0.9,0.025,0.075,0
2026-08-16,수원시권선구,2026-08-17T08:00,ncep_gefs_seamless,31,0.839,0.161,0,0
2026-08-16,수원시권선구,2026-08-17T08:00,ecmwf_ifs025_ensemble,51,0.667,0.314,0.02,0
2026-08-16,수원시권선구,2026-08-17T08:00,gem_global_ensemble,21,0.286,0.476,0.238,0
2026-08-16,수원시권선구,2026-08-17T09:00,ensemble,143,0.706,0.238,0.056,0
2026-08-16,수원시권선구,2026-08-17T09:00,icon_seamless_eps,40,0.875,0.075,0.05,0
2026-08-16,수원시권선구,2026-08-17T09:00,ncep_gefs_seamless,31,0.839,0.161,0,0
2026-08-16,수원시권선구,2026-08-17T09:00,ecmwf_ifs025_ensemble,51,0.667,0.314,0.02,0
2026-08-16,수원시권선구,2026-08-17T09:00,gem_global_ensemble,21,0.286,0.476,0.238,0
2026-08-16,수원시권선구,2026-08-17T10:00,ensemble,143,0.629,0.343,0.028,0
2026-08-16,수원시권선구,2026-08-17T10:00,icon_seamless_eps,40,0.9,0.075,0.025,0
2026-08-16,수원시권선구,2026-08-17T10:00,ncep_gefs_seamless,31,0.774,0.226,0,0
2026-08-16,수원시권선구,2026-08-17T10:00,ecmwf_ifs025_ensemble,51,0.373,0.608,0.02,0
2026-08-16,수원시권선구,2026-08-17T10:00,gem_global_ensemble,21,0.524,0.381,0.095,0
2026-08-16,수원시권선구,2026-08-17T11:00,ensemble,143,0.629,0.343,0.028,0
2026-08-16,수원시권선구,2026-08-17T11:00,icon_seamless_eps,40,0.9,0.075,0.025,0
2026-08-16,수원시권선구,2026-08-17T11:00,ncep_gefs_seamless,31,0.774,0.226,0,0
2026-08-16,수원시권선구,2026-08-17T11:00,ecmwf_ifs025_ensemble,51,0.373,0.608,0.02,0
2026-08-16,수원시권선구,2026-08-17T11:00,gem_global_ensemble,21,0.524,0.381,0.095,0
2026-08-16,수원시권선구,2026-08-17T12:00,ensemble,143,0.629,0.343,0.028,0
2026-08-16,수원시권선구,2026-08-17T12:00,icon_seamless_eps,40,0.9,0.075,0.025,0
2026-08-16,수원시권선구,2026-08-17T12:00,ncep_gefs_seamless,31,0.774,0.226,0,0
2026-08-16,수원시권선구,2026-08-17T12:00,ecmwf_ifs025_ensemble,51,0.373,0.608,0.02,0
2026-08-16,수원시권선구,2026-08-17T12:00,gem_global_ensemble,21,0.524,0.381,0.095,0
2026-08-16,수원시권선구,2026-08-17T13:00,ensemble,143,0.406,0.559,0.035,0
2026-08-16,수원시권선구,2026-08-17T13:00,icon_seamless_eps,40,0.825,0.15,0.025,0
2026-08-16,수원시권선구,2026-08-17T13:00,ncep_gefs_seamless,31,0.323,0.645,0.032,0
2026-08-16,수원시권선구,2026-08-17T13:00,ecmwf_ifs025_ensemble,51,0.078,0.902,0.02,0
2026-08-16,수원시권선구,2026-08-17T13:00,gem_global_ensemble,21,0.524,0.381,0.095,0
2026-08-16,수원시권선구,2026-08-17T14:00,ensemble,143,0.406,0.559,0.035,0
2026-08-16,수원시권선구,2026-08-17T14:00,icon_seamless_eps,40,0.825,0.15,0.025,0
2026-08-16,수원시권선구,2026-08-17T14:00,ncep_gefs_seamless,31,0.323,0.645,0.032,0
2026-08-16,수원시권선구,2026-08-17T14:00,ecmwf_ifs025_ensemble,51,0.078,0.902,0.02,0
2026-08-16,수원시권선구,2026-08-17T14:00,gem_global_ensemble,21,0.524,0.381,0.095,0
2026-08-16,수원시권선구,2026-08-17T15:00,ensemble,143,0.406,0.559,0.035,0
2026-08-16,수원시권선구,2026-08-17T15:00,icon_seamless_eps,40,0.825,0.15,0.025,0
2026-08-16,수원시권선구,2026-08-17T15:00,ncep_gefs_seamless,31,0.323,0.645,0.032,0
2026-08-16,수원시권선구,2026-08-17T15:00,ecmwf_ifs025_ensemble,51,0.078,0.902,0.02,0
2026-08-16,수원시권선구,2026-08-17T15:00,gem_global_ensemble,21,0.524,0.381,0.095,0
2026-08-16,수원시권선구,2026-08-17T16:00,ensemble,143,0.476,0.476,0.042,0.007
2026-08-16,수원시권선구,2026-08-17T16:00,icon_seamless_eps,40,0.875,0.125,0,0
2026-08-16,수원시권선구,2026-08-17T16:00,ncep_gefs_seamless,31,0.226,0.71,0.065,0
2026-08-16,수원시권선구,2026-08-17T16:00,ecmwf_ifs025_ensemble,51,0.275,0.667,0.059,0
2026-08-16,수원시권선구,2026-08-17T16:00,gem_global_ensemble,21,0.571,0.333,0.048,0.048
2026-08-16,수원시권선구,2026-08-17T17:00,ensemble,143,0.476,0.476,0.042,0.007
2026-08-16,수원시권선구,2026-08-17T17:00,icon_seamless_eps,40,0.875,0.125,0,0
2026-08-16,수원시권선구,2026-08-17T17:00,ncep_gefs_seamless,31,0.226,0.71,0.065,0
2026-08-16,수원시권선구,2026-08-17T17:00,ecmwf_ifs025_ensemble,51,0.275,0.667,0.059,0
2026-08-16,수원시권선구,2026-08-17T17:00,gem_global_ensemble,21,0.571,0.333,0.048,0.048
2026-08-16,수원시권선구,2026-08-17T18:00,ensemble,143,0.476,0.476,0.042,0.007
2026-08-16,수원시권선구,2026-08-17T18:00,icon_seamless_eps,40,0.875,0.125,0,0
2026-08-16,수원시권선구,2026-08-17T18:00,ncep_gefs_seamless,31,0.226,0.71,0.065,0
2026-08-16,수원시권선구,2026-08-17T18:00,ecmwf_ifs025_ensemble,51,0.275,0.667,0.059,0
2026-08-16,수원시권선구,2026-08-17T18:00,gem_global_ensemble,21,0.571,0.333,0.048,0.048
2026-08-16,수원시권선구,2026-08-17T19:00,ensemble,143,0.699,0.252,0.049,0
2026-08-16,수원시권선구,2026-08-17T19:00,icon_seamless_eps,40,0.95,0.05,0,0
2026-08-16,수원시권선구,2026-08-17T19:00,ncep_gefs_seamless,31,0.419,0.516,0.065,0
2026-08-16,수원시권선구,2026-08-17T19:00,ecmwf_ifs025_ensemble,51,0.686,0.255,0.059,0
2026-08-16,수원시권선구,2026-08-17T19:00,gem_global_ensemble,21,0.667,0.238,0.095,0
2026-08-16,수원시권선구,2026-08-17T20:00,ensemble,143,0.699,0.252,0.049,0
2026-08-16,수원시권선구,2026-08-17T20:00,icon_seamless_eps,40,0.95,0.05,0,0
2026-08-16,수원시권선구,2026-08-17T20:00,ncep_gefs_seamless,31,0.419,0.516,0.065,0
2026-08-16,수원시권선구,2026-08-17T20:00,ecmwf_ifs025_ensemble,51,0.686,0.255,0.059,0
2026-08-16,수원시권선구,2026-08-17T20:00,gem_global_ensemble,21,0.667,0.238,0.095,0
2026-08-16,수원시권선구,2026-08-17T21:00,ensemble,143,0.699,0.252,0.049,0
2026-08-16,수원시권선구,2026-08-17T21:00,icon_seamless_eps,40,0.95,0.05,0,0
2026-08-16,수원시권선구,2026-08-17T21:00,ncep_gefs_seamless,31,0.419,0.516,0.065,0
2026-08-16,수원시권선구,2026-08-17T21:00,ecmwf_ifs025_ensemble,51,0.686,0.255,0.059,0
2026-08-16,수원시권선구,2026-08-17T21:00,gem_global_ensemble,21,0.667,0.238,0.095,0
2026-08-16,수원시권선구,2026-08-17T22:00,ensemble,143,0.797,0.175,0.028,0
2026-08-16,수원시권선구,2026-08-17T22:00,icon_seamless_eps,40,0.925,0.05,0.025,0
2026-08-16,수원시권선구,2026-08-17T22:00,ncep_gefs_seamless,31,0.806,0.194,0,0
2026-08-16,수원시권선구,2026-08-17T22:00,ecmwf_ifs025_ensemble,51,0.804,0.176,0.02,0
2026-08-16,수원시권선구,2026-08-17T22:00,gem_global_ensemble,21,0.524,0.381,0.095,0
2026-08-16,수원시권선구,2026-08-17T23:00,ensemble,143,0.797,0.175,0.028,0
2026-08-16,수원시권선구,2026-08-17T23:00,icon_seamless_eps,40,0.925,0.05,0.025,0
2026-08-16,수원시권선구,2026-08-17T23:00,ncep_gefs_seamless,31,0.806,0.194,0,0
2026-08-16,수원시권선구,2026-08-17T23:00,ecmwf_ifs025_ensemble,51,0.804,0.176,0.02,0
2026-08-16,수원시권선구,2026-08-17T23:00,gem_global_ensemble,21,0.524,0.381,0.095,0
2026-08-16,성남시수정구,2026-08-16T00:00,ensemble,143,0.51,0.357,0.126,0.007
2026-08-16,성남시수정구,2026-08-16T00:00,icon_seamless_eps,40,0.2,0.475,0.3,0.025
2026-08-16,성남시수정구,2026-08-16T00:00,ncep_gefs_seamless,31,0.742,0.258,0,0
2026-08-16,성남시수정구,2026-08-16T00:00,ecmwf_ifs025_ensemble,51,0.608,0.353,0.039,0
2026-08-16,성남시수정구,2026-08-16T00:00,gem_global_ensemble,21,0.524,0.286,0.19,0
2026-08-16,성남시수정구,2026-08-16T01:00,ensemble,143,0.203,0.392,0.364,0.042
2026-08-16,성남시수정구,2026-08-16T01:00,icon_seamless_eps,40,0.075,0.35,0.5,0.075
2026-08-16,성남시수정구,2026-08-16T01:00,ncep_gefs_seamless,31,0.452,0.484,0.065,0
2026-08-16,성남시수정구,2026-08-16T01:00,ecmwf_ifs025_ensemble,51,0.078,0.431,0.451,0.039
2026-08-16,성남시수정구,2026-08-16T01:00,gem_global_ensemble,21,0.381,0.238,0.333,0.048
2026-08-16,성남시수정구,2026-08-16T02:00,ensemble,143,0.21,0.385,0.378,0.028
2026-08-16,성남시수정구,2026-08-16T02:00,icon_seamless_eps,40,0.1,0.325,0.55,0.025
2026-08-16,성남시수정구,2026-08-16T02:00,ncep_gefs_seamless,31,0.452,0.484,0.065,0
2026-08-16,성남시수정구,2026-08-16T02:00,ecmwf_ifs025_ensemble,51,0.078,0.431,0.451,0.039
2026-08-16,성남시수정구,2026-08-16T02:00,gem_global_ensemble,21,0.381,0.238,0.333,0.048
2026-08-16,성남시수정구,2026-08-16T03:00,ensemble,143,0.21,0.385,0.371,0.035
2026-08-16,성남시수정구,2026-08-16T03:00,icon_seamless_eps,40,0.1,0.325,0.525,0.05
2026-08-16,성남시수정구,2026-08-16T03:00,ncep_gefs_seamless,31,0.452,0.484,0.065,0
2026-08-16,성남시수정구,2026-08-16T03:00,ecmwf_ifs025_ensemble,51,0.078,0.431,0.451,0.039
2026-08-16,성남시수정구,2026-08-16T03:00,gem_global_ensemble,21,0.381,0.238,0.333,0.048
2026-08-16,성남시수정구,2026-08-16T04:00,ensemble,143,0.105,0.301,0.455,0.14
2026-08-16,성남시수정구,2026-08-16T04:00,icon_seamless_eps,40,0.05,0.175,0.575,0.2
2026-08-16,성남시수정구,2026-08-16T04:00,ncep_gefs_seamless,31,0.129,0.548,0.323,0
2026-08-16,성남시수정구,2026-08-16T04:00,ecmwf_ifs025_ensemble,51,0.078,0.255,0.471,0.196
2026-08-16,성남시수정구,2026-08-16T04:00,gem_global_ensemble,21,0.238,0.286,0.381,0.095
2026-08-16,성남시수정구,2026-08-16T05:00,ensemble,143,0.098,0.308,0.448,0.147
2026-08-16,성남시수정구,2026-08-16T05:00,icon_seamless_eps,40,0.025,0.2,0.55,0.225
2026-08-16,성남시수정구,2026-08-16T05:00,ncep_gefs_seamless,31,0.129,0.548,0.323,0
2026-08-16,성남시수정구,2026-08-16T05:00,ecmwf_ifs025_ensemble,51,0.078,0.255,0.471,0.196
2026-08-16,성남시수정구,2026-08-16T05:00,gem_global_ensemble,21,0.238,0.286,0.381,0.095
2026-08-16,성남시수정구,2026-08-16T06:00,ensemble,143,0.112,0.28,0.413,0.196
2026-08-16,성남시수정구,2026-08-16T06:00,icon_seamless_eps,40,0.075,0.1,0.425,0.4
2026-08-16,성남시수정구,2026-08-16T06:00,ncep_gefs_seamless,31,0.129,0.548,0.323,0
2026-08-16,성남시수정구,2026-08-16T06:00,ecmwf_ifs025_ensemble,51,0.078,0.255,0.471,0.196
2026-08-16,성남시수정구,2026-08-16T06:00,gem_global_ensemble,21,0.238,0.286,0.381,0.095
2026-08-16,성남시수정구,2026-08-16T07:00,ensemble,143,0.049,0.28,0.406,0.266
2026-08-16,성남시수정구,2026-08-16T07:00,icon_seamless_eps,40,0.025,0.125,0.35,0.5
2026-08-16,성남시수정구,2026-08-16T07:00,ncep_gefs_seamless,31,0.065,0.484,0.419,0.032
2026-08-16,성남시수정구,2026-08-16T07:00,ecmwf_ifs025_ensemble,51,0.039,0.235,0.471,0.255
2026-08-16,성남시수정구,2026-08-16T07:00,gem_global_ensemble,21,0.095,0.381,0.333,0.19
2026-08-16,성남시수정구,2026-08-16T08:00,ensemble,143,0.049,0.294,0.427,0.231
2026-08-16,성남시수정구,2026-08-16T08:00,icon_seamless_eps,40,0.025,0.175,0.425,0.375
2026-08-16,성남시수정구,2026-08-16T08:00,ncep_gefs_seamless,31,0.065,0.484,0.419,0.032
2026-08-16,성남시수정구,2026-08-16T08:00,ecmwf_ifs025_ensemble,51,0.039,0.235,0.471,0.255
2026-08-16,성남시수정구,2026-08-16T08:00,gem_global_ensemble,21,0.095,0.381,0.333,0.19
2026-08-16,성남시수정구,2026-08-16T09:00,ensemble,143,0.063,0.322,0.399,0.217
2026-08-16,성남시수정구,2026-08-16T09:00,icon_seamless_eps,40,0.075,0.275,0.325,0.325
2026-08-16,성남시수정구,2026-08-16T09:00,ncep_gefs_seamless,31,0.065,0.484,0.419,0.032
2026-08-16,성남시수정구,2026-08-16T09:00,ecmwf_ifs025_ensemble,51,0.039,0.235,0.471,0.255
2026-08-16,성남시수정구,2026-08-16T09:00,gem_global_ensemble,21,0.095,0.381,0.333,0.19
2026-08-16,성남시수정구,2026-08-16T10:00,ensemble,143,0.07,0.497,0.336,0.098
2026-08-16,성남시수정구,2026-08-16T10:00,icon_seamless_eps,40,0.1,0.325,0.35,0.225
2026-08-16,성남시수정구,2026-08-16T10:00,ncep_gefs_seamless,31,0.129,0.645,0.226,0
2026-08-16,성남시수정구,2026-08-16T10:00,ecmwf_ifs025_ensemble,51,0.039,0.49,0.392,0.078
2026-08-16,성남시수정구,2026-08-16T10:00,gem_global_ensemble,21,0,0.619,0.333,0.048
2026-08-16,성남시수정구,2026-08-16T11:00,ensemble,143,0.098,0.503,0.315,0.084
2026-08-16,성남시수정구,2026-08-16T11:00,icon_seamless_eps,40,0.2,0.35,0.275,0.175
2026-08-16,성남시수정구,2026-08-16T11:00,ncep_gefs_seamless,31,0.129,0.645,0.226,0
2026-08-16,성남시수정구,2026-08-16T11:00,ecmwf_ifs025_ensemble,51,0.039,0.49,0.392,0.078
2026-08-16,성남시수정구,2026-08-16T11:00,gem_global_ensemble,21,0,0.619,0.333,0.048
2026-08-16,성남시수정구,2026-08-16T12:00,ensemble,143,0.147,0.497,0.28,0.077
2026-08-16,성남시수정구,2026-08-16T12:00,icon_seamless_eps,40,0.375,0.325,0.15,0.15
2026-08-16,성남시수정구,2026-08-16T12:00,ncep_gefs_seamless,31,0.129,0.645,0.226,0
2026-08-16,성남시수정구,2026-08-16T12:00,ecmwf_ifs025_ensemble,51,0.039,0.49,0.392,0.078
2026-08-16,성남시수정구,2026-08-16T12:00,gem_global_ensemble,21,0,0.619,0.333,0.048
2026-08-16,성남시수정구,2026-08-16T13:00,ensemble,143,0.273,0.483,0.231,0.014
2026-08-16,성남시수정구,2026-08-16T13:00,icon_seamless_eps,40,0.4,0.25,0.3,0.05
2026-08-16,성남시수정구,2026-08-16T13:00,ncep_gefs_seamless,31,0.419,0.516,0.065,0
2026-08-16,성남시수정구,2026-08-16T13:00,ecmwf_ifs025_ensemble,51,0.098,0.647,0.255,0
2026-08-16,성남시수정구,2026-08-16T13:00,gem_global_ensemble,21,0.238,0.476,0.286,0
2026-08-16,성남시수정구,2026-08-16T14:00,ensemble,143,0.28,0.503,0.203,0.014
2026-08-16,성남시수정구,2026-08-16T14:00,icon_seamless_eps,40,0.425,0.325,0.2,0.05
2026-08-16,성남시수정구,2026-08-16T14:00,ncep_gefs_seamless,31,0.419,0.516,0.065,0
2026-08-16,성남시수정구,2026-08-16T14:00,ecmwf_ifs025_ensemble,51,0.098,0.647,0.255,0
2026-08-16,성남시수정구,2026-08-16T14:00,gem_global_ensemble,21,0.238,0.476,0.286,0
2026-08-16,성남시수정구,2026-08-16T15:00,ensemble,143,0.322,0.455,0.217,0.007
2026-08-16,성남시수정구,2026-08-16T15:00,icon_seamless_eps,40,0.575,0.15,0.25,0.025
2026-08-16,성남시수정구,2026-08-16T15:00,ncep_gefs_seamless,31,0.419,0.516,0.065,0
2026-08-16,성남시수정구,2026-08-16T15:00,ecmwf_ifs025_ensemble,51,0.098,0.647,0.255,0
2026-08-16,성남시수정구,2026-08-16T15:00,gem_global_ensemble,21,0.238,0.476,0.286,0
2026-08-16,성남시수정구,2026-08-16T16:00,ensemble,143,0.448,0.392,0.14,0.021
2026-08-16,성남시수정구,2026-08-16T16:00,icon_seamless_eps,40,0.575,0.275,0.125,0.025
2026-08-16,성남시수정구,2026-08-16T16:00,ncep_gefs_seamless,31,0.645,0.323,0.032,0
2026-08-16,성남시수정구,2026-08-16T16:00,ecmwf_ifs025_ensemble,51,0.314,0.51,0.137,0.039
2026-08-16,성남시수정구,2026-08-16T16:00,gem_global_ensemble,21,0.238,0.429,0.333,0
2026-08-16,성남시수정구,2026-08-16T17:00,ensemble,143,0.462,0.364,0.147,0.028
2026-08-16,성남시수정구,2026-08-16T17:00,icon_seamless_eps,40,0.625,0.175,0.15,0.05
2026-08-16,성남시수정구,2026-08-16T17:00,ncep_gefs_seamless,31,0.645,0.323,0.032,0
2026-08-16,성남시수정구,2026-08-16T17:00,ecmwf_ifs025_ensemble,51,0.314,0.51,0.137,0.039
2026-08-16,성남시수정구,2026-08-16T17:00,gem_global_ensemble,21,0.238,0.429,0.333,0
2026-08-16,성남시수정구,2026-08-16T18:00,ensemble,143,0.476,0.343,0.154,0.028
2026-08-16,성남시수정구,2026-08-16T18:00,icon_seamless_eps,40,0.675,0.1,0.175,0.05
2026-08-16,성남시수정구,2026-08-16T18:00,ncep_gefs_seamless,31,0.645,0.323,0.032,0
2026-08-16,성남시수정구,2026-08-16T18:00,ecmwf_ifs025_ensemble,51,0.314,0.51,0.137,0.039
2026-08-16,성남시수정구,2026-08-16T18:00,gem_global_ensemble,21,0.238,0.429,0.333,0
2026-08-16,성남시수정구,2026-08-16T19:00,ensemble,143,0.629,0.238,0.105,0.028
2026-08-16,성남시수정구,2026-08-16T19:00,icon_seamless_eps,40,0.725,0.075,0.175,0.025
2026-08-16,성남시수정구,2026-08-16T19:00,ncep_gefs_seamless,31,0.871,0.129,0,0
2026-08-16,성남시수정구,2026-08-16T19:00,ecmwf_ifs025_ensemble,51,0.569,0.275,0.098,0.059
2026-08-16,성남시수정구,2026-08-16T19:00,gem_global_ensemble,21,0.238,0.619,0.143,0
2026-08-16,성남시수정구,2026-08-16T20:00,ensemble,143,0.615,0.266,0.084,0.035
2026-08-16,성남시수정구,2026-08-16T20:00,icon_seamless_eps,40,0.675,0.175,0.1,0.05
2026-08-16,성남시수정구,2026-08-16T20:00,ncep_gefs_seamless,31,0.871,0.129,0,0
2026-08-16,성남시수정구,2026-08-16T20:00,ecmwf_ifs025_ensemble,51,0.569,0.275,0.098,0.059
2026-08-16,성남시수정구,2026-08-16T20:00,gem_global_ensemble,21,0.238,0.619,0.143,0
2026-08-16,성남시수정구,2026-08-16T21:00,ensemble,143,0.615,0.266,0.077,0.042
2026-08-16,성남시수정구,2026-08-16T21:00,icon_seamless_eps,40,0.675,0.175,0.075,0.075
2026-08-16,성남시수정구,2026-08-16T21:00,ncep_gefs_seamless,31,0.871,0.129,0,0
2026-08-16,성남시수정구,2026-08-16T21:00,ecmwf_ifs025_ensemble,51,0.569,0.275,0.098,0.059
2026-08-16,성남시수정구,2026-08-16T21:00,gem_global_ensemble,21,0.238,0.619,0.143,0
2026-08-16,성남시수정구,2026-08-16T22:00,ensemble,143,0.671,0.224,0.084,0.021
2026-08-16,성남시수정구,2026-08-16T22:00,icon_seamless_eps,40,0.75,0.075,0.1,0.075
2026-08-16,성남시수정구,2026-08-16T22:00,ncep_gefs_seamless,31,0.806,0.194,0,0
2026-08-16,성남시수정구,2026-08-16T22:00,ecmwf_ifs025_ensemble,51,0.667,0.255,0.078,0
2026-08-16,성남시수정구,2026-08-16T22:00,gem_global_ensemble,21,0.333,0.476,0.19,0
2026-08-16,성남시수정구,2026-08-16T23:00,ensemble,143,0.657,0.245,0.077,0.021
2026-08-16,성남시수정구,2026-08-16T23:00,icon_seamless_eps,40,0.7,0.15,0.075,0.075
2026-08-16,성남시수정구,2026-08-16T23:00,ncep_gefs_seamless,31,0.806,0.194,0,0
2026-08-16,성남시수정구,2026-08-16T23:00,ecmwf_ifs025_ensemble,51,0.667,0.255,0.078,0
2026-08-16,성남시수정구,2026-08-16T23:00,gem_global_ensemble,21,0.333,0.476,0.19,0
2026-08-16,성남시수정구,2026-08-17T00:00,ensemble,143,0.622,0.266,0.105,0.007
2026-08-16,성남시수정구,2026-08-17T00:00,icon_seamless_eps,40,0.575,0.225,0.175,0.025
2026-08-16,성남시수정구,2026-08-17T00:00,ncep_gefs_seamless,31,0.806,0.194,0,0
2026-08-16,성남시수정구,2026-08-17T00:00,ecmwf_ifs025_ensemble,51,0.667,0.255,0.078,0
2026-08-16,성남시수정구,2026-08-17T00:00,gem_global_ensemble,21,0.333,0.476,0.19,0
2026-08-16,성남시수정구,2026-08-17T01:00,ensemble,143,0.573,0.294,0.112,0.021
2026-08-16,성남시수정구,2026-08-17T01:00,icon_seamless_eps,40,0.575,0.225,0.15,0.05
2026-08-16,성남시수정구,2026-08-17T01:00,ncep_gefs_seamless,31,0.774,0.226,0,0
2026-08-16,성남시수정구,2026-08-17T01:00,ecmwf_ifs025_ensemble,51,0.608,0.314,0.078,0
2026-08-16,성남시수정구,2026-08-17T01:00,gem_global_ensemble,21,0.19,0.476,0.286,0.048
2026-08-16,성남시수정구,2026-08-17T02:00,ensemble,143,0.58,0.287,0.119,0.014
2026-08-16,성남시수정구,2026-08-17T02:00,icon_seamless_eps,40,0.6,0.2,0.175,0.025
2026-08-16,성남시수정구,2026-08-17T02:00,ncep_gefs_seamless,31,0.774,0.226,0,0
2026-08-16,성남시수정구,2026-08-17T02:00,ecmwf_ifs025_ensemble,51,0.608,0.314,0.078,0
2026-08-16,성남시수정구,2026-08-17T02:00,gem_global_ensemble,21,0.19,0.476,0.286,0.048
2026-08-16,성남시수정구,2026-08-17T03:00,ensemble,143,0.587,0.294,0.098,0.021
2026-08-16,성남시수정구,2026-08-17T03:00,icon_seamless_eps,40,0.625,0.225,0.1,0.05
2026-08-16,성남시수정구,2026-08-17T03:00,ncep_gefs_seamless,31,0.774,0.226,0,0
2026-08-16,성남시수정구,2026-08-17T03:00,ecmwf_ifs025_ensemble,51,0.608,0.314,0.078,0
2026-08-16,성남시수정구,2026-08-17T03:00,gem_global_ensemble,21,0.19,0.476,0.286,0.048
2026-08-16,성남시수정구,2026-08-17T04:00,ensemble,143,0.601,0.28,0.112,0.007
2026-08-16,성남시수정구,2026-08-17T04:00,icon_seamless_eps,40,0.675,0.2,0.1,0.025
2026-08-16,성남시수정구,2026-08-17T04:00,ncep_gefs_seamless,31,0.871,0.097,0.032,0
2026-08-16,성남시수정구,2026-08-17T04:00,ecmwf_ifs025_ensemble,51,0.529,0.392,0.078,0
2026-08-16,성남시수정구,2026-08-17T04:00,gem_global_ensemble,21,0.238,0.429,0.333,0
2026-08-16,성남시수정구,2026-08-17T05:00,ensemble,143,0.629,0.252,0.112,0.007
2026-08-16,성남시수정구,2026-08-17T05:00,icon_seamless_eps,40,0.775,0.1,0.1,0.025
2026-08-16,성남시수정구,2026-08-17T05:00,ncep_gefs_seamless,31,0.871,0.097,0.032,0
2026-08-16,성남시수정구,2026-08-17T05:00,ecmwf_ifs025_ensemble,51,0.529,0.392,0.078,0
2026-08-16,성남시수정구,2026-08-17T05:00,gem_global_ensemble,21,0.238,0.429,0.333,0
2026-08-16,성남시수정구,2026-08-17T06:00,ensemble,143,0.643,0.252,0.105,0
2026-08-16,성남시수정구,2026-08-17T06:00,icon_seamless_eps,40,0.825,0.1,0.075,0
2026-08-16,성남시수정구,2026-08-17T06:00,ncep_gefs_seamless,31,0.871,0.097,0.032,0
2026-08-16,성남시수정구,2026-08-17T06:00,ecmwf_ifs025_ensemble,51,0.529,0.392,0.078,0
2026-08-16,성남시수정구,2026-08-17T06:00,gem_global_ensemble,21,0.238,0.429,0.333,0
2026-08-16,성남시수정구,2026-08-17T07:00,ensemble,143,0.678,0.266,0.056,0
2026-08-16,성남시수정구,2026-08-17T07:00,icon_seamless_eps,40,0.825,0.15,0.025,0
2026-08-16,성남시수정구,2026-08-17T07:00,ncep_gefs_seamless,31,0.774,0.194,0.032,0
2026-08-16,성남시수정구,2026-08-17T07:00,ecmwf_ifs025_ensemble,51,0.667,0.314,0.02,0
2026-08-16,성남시수정구,2026-08-17T07:00,gem_global_ensemble,21,0.286,0.476,0.238,0
2026-08-16,성남시수정구,2026-08-17T08:00,ensemble,143,0.706,0.238,0.056,0
2026-08-16,성남시수정구,2026-08-17T08:00,icon_seamless_eps,40,0.925,0.05,0.025,0
2026-08-16,성남시수정구,2026-08-17T08:00,ncep_gefs_seamless,31,0.774,0.194,0.032,0
2026-08-16,성남시수정구,2026-08-17T08:00,ecmwf_ifs025_ensemble,51,0.667,0.314,0.02,0
2026-08-16,성남시수정구,2026-08-17T08:00,gem_global_ensemble,21,0.286,0.476,0.238,0
2026-08-16,성남시수정구,2026-08-17T09:00,ensemble,143,0.706,0.231,0.063,0
2026-08-16,성남시수정구,2026-08-17T09:00,icon_seamless_eps,40,0.925,0.025,0.05,0
2026-08-16,성남시수정구,2026-08-17T09:00,ncep_gefs_seamless,31,0.774,0.194,0.032,0
2026-08-16,성남시수정구,2026-08-17T09:00,ecmwf_ifs025_ensemble,51,0.667,0.314,0.02,0
2026-08-16,성남시수정구,2026-08-17T09:00,gem_global_ensemble,21,0.286,0.476,0.238,0
2026-08-16,성남시수정구,2026-08-17T10:00,ensemble,143,0.671,0.294,0.035,0
2026-08-16,성남시수정구,2026-08-17T10:00,icon_seamless_eps,40,0.95,0.025,0.025,0
2026-08-16,성남시수정구,2026-08-17T10:00,ncep_gefs_seamless,31,0.774,0.226,0,0
2026-08-16,성남시수정구,2026-08-17T10:00,ecmwf_ifs025_ensemble,51,0.451,0.51,0.039,0
2026-08-16,성남시수정구,2026-08-17T10:00,gem_global_ensemble,21,0.524,0.381,0.095,0
2026-08-16,성남시수정구,2026-08-17T11:00,ensemble,143,0.671,0.294,0.035,0
2026-08-16,성남시수정구,2026-08-17T11:00,icon_seamless_eps,40,0.95,0.025,0.025,0
2026-08-16,성남시수정구,2026-08-17T11:00,ncep_gefs_seamless,31,0.774,0.226,0,0
2026-08-16,성남시수정구,2026-08-17T11:00,ecmwf_ifs025_ensemble,51,0.451,0.51,0.039,0
2026-08-16,성남시수정구,2026-08-17T11:00,gem_global_ensemble,21,0.524,0.381,0.095,0
2026-08-16,성남시수정구,2026-08-17T12:00,ensemble,143,0.671,0.294,0.035,0
2026-08-16,성남시수정구,2026-08-17T12:00,icon_seamless_eps,40,0.95,0.025,0.025,0
2026-08-16,성남시수정구,2026-08-17T12:00,ncep_gefs_seamless,31,0.774,0.226,0,0
2026-08-16,성남시수정구,2026-08-17T12:00,ecmwf_ifs025_ensemble,51,0.451,0.51,0.039,0
2026-08-16,성남시수정구,2026-08-17T12:00,gem_global_ensemble,21,0.524,0.381,0.095,0
2026-08-16,성남시수정구,2026-08-17T13:00,ensemble,143,0.462,0.51,0.028,0
2026-08-16,성남시수정구,2026-08-17T13:00,icon_seamless_eps,40,0.85,0.125,0.025,0
2026-08-16,성남시수정구,2026-08-17T13:00,ncep_gefs_seamless,31,0.452,0.548,0,0
2026-08-16,성남시수정구,2026-08-17T13:00,ecmwf_ifs025_ensemble,51,0.137,0.843,0.02,0
2026-08-16,성남시수정구,2026-08-17T13:00,gem_global_ensemble,21,0.524,0.381,0.095,0
2026-08-16,성남시수정구,2026-08-17T14:00,ensemble,143,0.462,0.51,0.028,0
2026-08-16,성남시수정구,2026-08-17T14:00,icon_seamless_eps,40,0.85,0.125,0.025,0
2026-08-16,성남시수정구,2026-08-17T14:00,ncep_gefs_seamless,31,0.452,0.548,0,0
2026-08-16,성남시수정구,2026-08-17T14:00,ecmwf_ifs025_ensemble,51,0.137,0.843,0.02,0
2026-08-16,성남시수정구,2026-08-17T14:00,gem_global_ensemble,21,0.524,0.381,0.095,0
2026-08-16,성남시수정구,2026-08-17T15:00,ensemble,143,0.462,0.51,0.028,0
2026-08-16,성남시수정구,2026-08-17T15:00,icon_seamless_eps,40,0.85,0.125,0.025,0
2026-08-16,성남시수정구,2026-08-17T15:00,ncep_gefs_seamless,31,0.452,0.548,0,0
2026-08-16,성남시수정구,2026-08-17T15:00,ecmwf_ifs025_ensemble,51,0.137,0.843,0.02,0
2026-08-16,성남시수정구,2026-08-17T15:00,gem_global_ensemble,21,0.524,0.381,0.095,0
2026-08-16,성남시수정구,2026-08-17T16:00,ensemble,143,0.42,0.517,0.056,0.007
2026-08-16,성남시수정구,2026-08-17T16:00,icon_seamless_eps,40,0.825,0.175,0,0
2026-08-16,성남시수정구,2026-08-17T16:00,ncep_gefs_seamless,31,0.226,0.645,0.129,0
2026-08-16,성남시수정구,2026-08-17T16:00,ecmwf_ifs025_ensemble,51,0.157,0.784,0.059,0
2026-08-16,성남시수정구,2026-08-17T16:00,gem_global_ensemble,21,0.571,0.333,0.048,0.048
2026-08-16,성남시수정구,2026-08-17T17:00,ensemble,143,0.42,0.517,0.056,0.007
2026-08-16,성남시수정구,2026-08-17T17:00,icon_seamless_eps,40,0.825,0.175,0,0
2026-08-16,성남시수정구,2026-08-17T17:00,ncep_gefs_seamless,31,0.226,0.645,0.129,0
2026-08-16,성남시수정구,2026-08-17T17:00,ecmwf_ifs025_ensemble,51,0.157,0.784,0.059,0
2026-08-16,성남시수정구,2026-08-17T17:00,gem_global_ensemble,21,0.571,0.333,0.048,0.048
2026-08-16,성남시수정구,2026-08-17T18:00,ensemble,143,0.42,0.517,0.056,0.007
2026-08-16,성남시수정구,2026-08-17T18:00,icon_seamless_eps,40,0.825,0.175,0,0
2026-08-16,성남시수정구,2026-08-17T18:00,ncep_gefs_seamless,31,0.226,0.645,0.129,0
2026-08-16,성남시수정구,2026-08-17T18:00,ecmwf_ifs025_ensemble,51,0.157,0.784,0.059,0
2026-08-16,성남시수정구,2026-08-17T18:00,gem_global_ensemble,21,0.571,0.333,0.048,0.048
2026-08-16,성남시수정구,2026-08-17T19:00,ensemble,143,0.573,0.378,0.049,0
2026-08-16,성남시수정구,2026-08-17T19:00,icon_seamless_eps,40,0.9,0.1,0,0
2026-08-16,성남시수정구,2026-08-17T19:00,ncep_gefs_seamless,31,0.226,0.71,0.065,0
2026-08-16,성남시수정구,2026-08-17T19:00,ecmwf_ifs025_ensemble,51,0.49,0.451,0.059,0
2026-08-16,성남시수정구,2026-08-17T19:00,gem_global_ensemble,21,0.667,0.238,0.095,0
2026-08-16,성남시수정구,2026-08-17T20:00,ensemble,143,0.573,0.378,0.049,0
2026-08-16,성남시수정구,2026-08-17T20:00,icon_seamless_eps,40,0.9,0.1,0,0
2026-08-16,성남시수정구,2026-08-17T20:00,ncep_gefs_seamless,31,0.226,0.71,0.065,0
2026-08-16,성남시수정구,2026-08-17T20:00,ecmwf_ifs025_ensemble,51,0.49,0.451,0.059,0
2026-08-16,성남시수정구,2026-08-17T20:00,gem_global_ensemble,21,0.667,0.238,0.095,0
2026-08-16,성남시수정구,2026-08-17T21:00,ensemble,143,0.573,0.378,0.049,0
2026-08-16,성남시수정구,2026-08-17T21:00,icon_seamless_eps,40,0.9,0.1,0,0
2026-08-16,성남시수정구,2026-08-17T21:00,ncep_gefs_seamless,31,0.226,0.71,0.065,0
2026-08-16,성남시수정구,2026-08-17T21:00,ecmwf_ifs025_ensemble,51,0.49,0.451,0.059,0
2026-08-16,성남시수정구,2026-08-17T21:00,gem_global_ensemble,21,0.667,0.238,0.095,0
2026-08-16,성남시수정구,2026-08-17T22:00,ensemble,143,0.734,0.245,0.021,0
2026-08-16,성남시수정구,2026-08-17T22:00,icon_seamless_eps,40,0.925,0.05,0.025,0
2026-08-16,성남시수정구,2026-08-17T22:00,ncep_gefs_seamless,31,0.548,0.452,0,0
2026-08-16,성남시수정구,2026-08-17T22:00,ecmwf_ifs025_ensemble,51,0.784,0.216,0,0
2026-08-16,성남시수정구,2026-08-17T22:00,gem_global_ensemble,21,0.524,0.381,0.095,0
2026-08-16,성남시수정구,2026-08-17T23:00,ensemble,143,0.734,0.245,0.021,0
2026-08-16,성남시수정구,2026-08-17T23:00,icon_seamless_eps,40,0.925,0.05,0.025,0
2026-08-16,성남시수정구,2026-08-17T23:00,ncep_gefs_seamless,31,0.548,0.452,0,0
2026-08-16,성남시수정구,2026-08-17T23:00,ecmwf_ifs025_ensemble,51,0.784,0.216,0,0
2026-08-16,성남시수정구,2026-08-17T23:00,gem_global_ensemble,21,0.524,0.381,0.095,0
2026-08-17,수원시권선구,2026-08-17T00:00,ensemble,143,0.608,0.294,0.098,0
2026-08-17,수원시권선구,2026-08-17T00:00,icon_seamless_eps,40,0.875,0.075,0.05,0
2026-08-17,수원시권선구,2026-08-17T00:00,ncep_gefs_seamless,31,0.355,0.484,0.161,0
2026-08-17,수원시권선구,2026-08-17T00:00,ecmwf_ifs025_ensemble,51,0.725,0.235,0.039,0
2026-08-17,수원시권선구,2026-08-17T00:00,gem_global_ensemble,21,0.19,0.571,0.238,0
2026-08-17,수원시권선구,2026-08-17T01:00,ensemble,143,0.545,0.378,0.07,0.007
2026-08-17,수원시권선구,2026-08-17T01:00,icon_seamless_eps,40,0.8,0.15,0.05,0
2026-08-17,수원시권선구,2026-08-17T01:00,ncep_gefs_seamless,31,0.323,0.645,0.032,0
2026-08-17,수원시권선구,2026-08-17T01:00,ecmwf_ifs025_ensemble,51,0.647,0.333,0.02,0
2026-08-17,수원시권선구,2026-08-17T01:00,gem_global_ensemble,21,0.143,0.524,0.286,0.048
2026-08-17,수원시권선구,2026-08-17T02:00,ensemble,143,0.552,0.371,0.07,0.007
2026-08-17,수원시권선구,2026-08-17T02:00,icon_seamless_eps,40,0.825,0.125,0.05,0
2026-08-17,수원시권선구,2026-08-17T02:00,ncep_gefs_seamless,31,0.323,0.645,0.032,0
2026-08-17,수원시권선구,2026-08-17T02:00,ecmwf_ifs025_ensemble,51,0.647,0.333,0.02,0
2026-08-17,수원시권선구,2026-08-17T02:00,gem_global_ensemble,21,0.143,0.524,0.286,0.048
2026-08-17,수원시권선구,2026-08-17T03:00,ensemble,143,0.538,0.371,0.084,0.007
2026-08-17,수원시권선구,2026-08-17T03:00,icon_seamless_eps,40,0.775,0.125,0.1,0
2026-08-17,수원시권선구,2026-08-17T03:00,ncep_gefs_seamless,31,0.323,0.645,0.032,0
2026-08-17,수원시권선구,2026-08-17T03:00,ecmwf_ifs025_ensemble,51,0.647,0.333,0.02,0
2026-08-17,수원시권선구,2026-08-17T03:00,gem_global_ensemble,21,0.143,0.524,0.286,0.048
2026-08-17,수원시권선구,2026-08-17T04:00,ensemble,143,0.629,0.308,0.056,0.007
2026-08-17,수원시권선구,2026-08-17T04:00,icon_seamless_eps,40,0.825,0.1,0.075,0
2026-08-17,수원시권선구,2026-08-17T04:00,ncep_gefs_seamless,31,0.613,0.387,0,0
2026-08-17,수원시권선구,2026-08-17T04:00,ecmwf_ifs025_ensemble,51,0.627,0.333,0.039,0
2026-08-17,수원시권선구,2026-08-17T04:00,gem_global_ensemble,21,0.286,0.524,0.143,0.048
2026-08-17,수원시권선구,2026-08-17T05:00,ensemble,143,0.643,0.294,0.056,0.007
2026-08-17,수원시권선구,2026-08-17T05:00,icon_seamless_eps,40,0.875,0.05,0.075,0
2026-08-17,수원시권선구,2026-08-17T05:00,ncep_gefs_seamless,31,0.613,0.387,0,0
2026-08-17,수원시권선구,2026-08-17T05:00,ecmwf_ifs025_ensemble,51,0.627,0.333,0.039,0
2026-08-17,수원시권선구,2026-08-17T05:00,gem_global_ensemble,21,0.286,0.524,0.143,0.048
2026-08-17,수원시권선구,2026-08-17T06:00,ensemble,143,0.664,0.294,0.035,0.007
2026-08-17,수원시권선구,2026-08-17T06:00,icon_seamless_eps,40,0.95,0.05,0,0
2026-08-17,수원시권선구,2026-08-17T06:00,ncep_gefs_seamless,31,0.613,0.387,0,0
2026-08-17,수원시권선구,2026-08-17T06:00,ecmwf_ifs025_ensemble,51,0.627,0.333,0.039,0
2026-08-17,수원시권선구,2026-08-17T06:00,gem_global_ensemble,21,0.286,0.524,0.143,0.048
2026-08-17,수원시권선구,2026-08-17T07:00,ensemble,143,0.58,0.371,0.042,0.007
2026-08-17,수원시권선구,2026-08-17T07:00,icon_seamless_eps,40,0.975,0,0.025,0
2026-08-17,수원시권선구,2026-08-17T07:00,ncep_gefs_seamless,31,0.226,0.742,0.032,0
2026-08-17,수원시권선구,2026-08-17T07:00,ecmwf_ifs025_ensemble,51,0.549,0.431,0.02,0
2026-08-17,수원시권선구,2026-08-17T07:00,gem_global_ensemble,21,0.429,0.381,0.143,0.048
2026-08-17,수원시권선구,2026-08-17T08:00,ensemble,143,0.545,0.399,0.049,0.007
2026-08-17,수원시권선구,2026-08-17T08:00,icon_seamless_eps,40,0.85,0.1,0.05,0
2026-08-17,수원시권선구,2026-08-17T08:00,ncep_gefs_seamless,31,0.226,0.742,0.032,0
2026-08-17,수원시권선구,2026-08-17T08:00,ecmwf_ifs025_ensemble,51,0.549,0.431,0.02,0
2026-08-17,수원시권선구,2026-08-17T08:00,gem_global_ensemble,21,0.429,0.381,0.143,0.048
2026-08-17,수원시권선구,2026-08-17T09:00,ensemble,143,0.538,0.399,0.056,0.007
2026-08-17,수원시권선구,2026-08-17T09:00,icon_seamless_eps,40,0.825,0.1,0.075,0
2026-08-17,수원시권선구,2026-08-17T09:00,ncep_gefs_seamless,31,0.226,0.742,0.032,0
2026-08-17,수원시권선구,2026-08-17T09:00,ecmwf_ifs025_ensemble,51,0.549,0.431,0.02,0
2026-08-17,수원시권선구,2026-08-17T09:00,gem_global_ensemble,21,0.429,0.381,0.143,0.048
2026-08-17,수원시권선구,2026-08-17T10:00,ensemble,143,0.371,0.573,0.049,0.007
2026-08-17,수원시권선구,2026-08-17T10:00,icon_seamless_eps,40,0.8,0.15,0.05,0
2026-08-17,수원시권선구,2026-08-17T10:00,ncep_gefs_seamless,31,0.226,0.774,0,0
2026-08-17,수원시권선구,2026-08-17T10:00,ecmwf_ifs025_ensemble,51,0.196,0.725,0.078,0
2026-08-17,수원시권선구,2026-08-17T10:00,gem_global_ensemble,21,0.19,0.714,0.048,0.048
2026-08-17,수원시권선구,2026-08-17T11:00,ensemble,143,0.392,0.559,0.042,0.007
2026-08-17,수원시권선구,2026-08-17T11:00,icon_seamless_eps,40,0.875,0.1,0.025,0
2026-08-17,수원시권선구,2026-08-17T11:00,ncep_gefs_seamless,31,0.226,0.774,0,0
2026-08-17,수원시권선구,2026-08-17T11:00,ecmwf_ifs025_ensemble,51,0.196,0.725,0.078,0
2026-08-17,수원시권선구,2026-08-17T11:00,gem_global_ensemble,21,0.19,0.714,0.048,0.048
2026-08-17,수원시권선구,2026-08-17T12:00,ensemble,143,0.413,0.531,0.049,0.007
2026-08-17,수원시권선구,2026-08-17T12:00,icon_seamless_eps,40,0.95,0,0.05,0
2026-08-17,수원시권선구,2026-08-17T12:00,ncep_gefs_seamless,31,0.226,0.774,0,0
2026-08-17,수원시권선구,2026-08-17T12:00,ecmwf_ifs025_ensemble,51,0.196,0.725,0.078,0
2026-08-17,수원시권선구,2026-08-17T12:00,gem_global_ensemble,21,0.19,0.714,0.048,0.048
2026-08-17,수원시권선구,2026-08-17T13:00,ensemble,143,0.287,0.531,0.182,0
2026-08-17,수원시권선구,2026-08-17T13:00,icon_seamless_eps,40,0.875,0.1,0.025,0
2026-08-17,수원시권선구,2026-08-17T13:00,ncep_gefs_seamless,31,0.032,0.871,0.097,0
2026-08-17,수원시권선구,2026-08-17T13:00,ecmwf_ifs025_ensemble,51,0.039,0.627,0.333,0
2026-08-17,수원시권선구,2026-08-17T13:00,gem_global_ensemble,21,0.143,0.619,0.238,0
2026-08-17,수원시권선구,2026-08-17T14:00,ensemble,143,0.287,0.531,0.182,0
2026-08-17,수원시권선구,2026-08-17T14:00,icon_seamless_eps,40,0.875,0.1,0.025,0
2026-08-17,수원시권선구,2026-08-17T14:00,ncep_gefs_seamless,31,0.032,0.871,0.097,0
2026-08-17,수원시권선구,2026-08-17T14:00,ecmwf_ifs025_ensemble,51,0.039,0.627,0.333,0
2026-08-17,수원시권선구,2026-08-17T14:00,gem_global_ensemble,21,0.143,0.619,0.238,0
2026-08-17,수원시권선구,2026-08-17T15:00,ensemble,143,0.252,0.566,0.182,0
2026-08-17,수원시권선구,2026-08-17T15:00,icon_seamless_eps,40,0.75,0.225,0.025,0
2026-08-17,수원시권선구,2026-08-17T15:00,ncep_gefs_seamless,31,0.032,0.871,0.097,0
2026-08-17,수원시권선구,2026-08-17T15:00,ecmwf_ifs025_ensemble,51,0.039,0.627,0.333,0
2026-08-17,수원시권선구,2026-08-17T15:00,gem_global_ensemble,21,0.143,0.619,0.238,0
2026-08-17,수원시권선구,2026-08-17T16:00,ensemble,143,0.273,0.587,0.133,0.007
2026-08-17,수원시권선구,2026-08-17T16:00,icon_seamless_eps,40,0.8,0.175,0.025,0
2026-08-17,수원시권선구,2026-08-17T16:00,ncep_gefs_seamless,31,0.065,0.774,0.161,0
2026-08-17,수원시권선구,2026-08-17T16:00,ecmwf_ifs025_ensemble,51,0.039,0.824,0.137,0
2026-08-17,수원시권선구,2026-08-17T16:00,gem_global_ensemble,21,0.143,0.524,0.286,0.048
2026-08-17,수원시권선구,2026-08-17T17:00,ensemble,143,0.245,0.615,0.133,0.007
2026-08-17,수원시권선구,2026-08-17T17:00,icon_seamless_eps,40,0.7,0.275,0.025,0
2026-08-17,수원시권선구,2026-08-17T17:00,ncep_gefs_seamless,31,0.065,0.774,0.161,0
2026-08-17,수원시권선구,2026-08-17T17:00,ecmwf_ifs025_ensemble,51,0.039,0.824,0.137,0
2026-08-17,수원시권선구,2026-08-17T17:00,gem_global_ensemble,21,0.143,0.524,0.286,0.048
2026-08-17,수원시권선구,2026-08-17T18:00,ensemble,143,0.231,0.615,0.147,0.007
2026-08-17,수원시권선구,2026-08-17T18:00,icon_seamless_eps,40,0.65,0.275,0.075,0
2026-08-17,수원시권선구,2026-08-17T18:00,ncep_gefs_seamless,31,0.065,0.774,0.161,0
2026-08-17,수원시권선구,2026-08-17T18:00,ecmwf_ifs025_ensemble,51,0.039,0.824,0.137,0
2026-08-17,수원시권선구,2026-08-17T18:00,gem_global_ensemble,21,0.143,0.524,0.286,0.048
2026-08-17,수원시권선구,2026-08-17T19:00,ensemble,143,0.448,0.455,0.077,0.021
2026-08-17,수원시권선구,2026-08-17T19:00,icon_seamless_eps,40,0.825,0.15,0,0.025
2026-08-17,수원시권선구,2026-08-17T19:00,ncep_gefs_seamless,31,0.387,0.581,0.032,0
2026-08-17,수원시권선구,2026-08-17T19:00,ecmwf_ifs025_ensemble,51,0.294,0.627,0.078,0
2026-08-17,수원시권선구,2026-08-17T19:00,gem_global_ensemble,21,0.19,0.429,0.286,0.095
2026-08-17,수원시권선구,2026-08-17T20:00,ensemble,143,0.462,0.441,0.084,0.014
2026-08-17,수원시권선구,2026-08-17T20:00,icon_seamless_eps,40,0.875,0.1,0.025,0
2026-08-17,수원시권선구,2026-08-17T20:00,ncep_gefs_seamless,31,0.387,0.581,0.032,0
2026-08-17,수원시권선구,2026-08-17T20:00,ecmwf_ifs025_ensemble,51,0.294,0.627,0.078,0
2026-08-17,수원시권선구,2026-08-17T20:00,gem_global_ensemble,21,0.19,0.429,0.286,0.095
2026-08-17,수원시권선구,2026-08-17T21:00,ensemble,143,0.469,0.427,0.091,0.014
2026-08-17,수원시권선구,2026-08-17T21:00,icon_seamless_eps,40,0.9,0.05,0.05,0
2026-08-17,수원시권선구,2026-08-17T21:00,ncep_gefs_seamless,31,0.387,0.581,0.032,0
2026-08-17,수원시권선구,2026-08-17T21:00,ecmwf_ifs025_ensemble,51,0.294,0.627,0.078,0
2026-08-17,수원시권선구,2026-08-17T21:00,gem_global_ensemble,21,0.19,0.429,0.286,0.095
2026-08-17,수원시권선구,2026-08-17T22:00,ensemble,143,0.811,0.161,0.028,0
2026-08-17,수원시권선구,2026-08-17T22:00,icon_seamless_eps,40,0.925,0.05,0.025,0
2026-08-17,수원시권선구,2026-08-17T22:00,ncep_gefs_seamless,31,0.839,0.161,0,0
2026-08-17,수원시권선구,2026-08-17T22:00,ecmwf_ifs025_ensemble,51,0.863,0.118,0.02,0
2026-08-17,수원시권선구,2026-08-17T22:00,gem_global_ensemble,21,0.429,0.476,0.095,0
2026-08-17,수원시권선구,2026-08-17T23:00,ensemble,143,0.804,0.175,0.021,0
2026-08-17,수원시권선구,2026-08-17T23:00,icon_seamless_eps,40,0.9,0.1,0,0
2026-08-17,수원시권선구,2026-08-17T23:00,ncep_gefs_seamless,31,0.839,0.161,0,0
2026-08-17,수원시권선구,2026-08-17T23:00,ecmwf_ifs025_ensemble,51,0.863,0.118,0.02,0
2026-08-17,수원시권선구,2026-08-17T23:00,gem_global_ensemble,21,0.429,0.476,0.095,0
2026-08-17,수원시권선구,2026-08-18T00:00,ensemble,143,0.825,0.154,0.021,0
2026-08-17,수원시권선구,2026-08-18T00:00,icon_seamless_eps,40,0.975,0.025,0,0
2026-08-17,수원시권선구,2026-08-18T00:00,ncep_gefs_seamless,31,0.839,0.161,0,0
2026-08-17,수원시권선구,2026-08-18T00:00,ecmwf_ifs025_ensemble,51,0.863,0.118,0.02,0
2026-08-17,수원시권선구,2026-08-18T00:00,gem_global_ensemble,21,0.429,0.476,0.095,0
2026-08-17,수원시권선구,2026-08-18T01:00,ensemble,143,0.818,0.168,0.014,0
2026-08-17,수원시권선구,2026-08-18T01:00,icon_seamless_eps,40,0.975,0.025,0,0
2026-08-17,수원시권선구,2026-08-18T01:00,ncep_gefs_seamless,31,0.806,0.194,0,0
2026-08-17,수원시권선구,2026-08-18T01:00,ecmwf_ifs025_ensemble,51,0.804,0.196,0,0
2026-08-17,수원시권선구,2026-08-18T01:00,gem_global_ensemble,21,0.571,0.333,0.095,0
2026-08-17,수원시권선구,2026-08-18T02:00,ensemble,143,0.811,0.175,0.014,0
2026-08-17,수원시권선구,2026-08-18T02:00,icon_seamless_eps,40,0.95,0.05,0,0
2026-08-17,수원시권선구,2026-08-18T02:00,ncep_gefs_seamless,31,0.806,0.194,0,0
2026-08-17,수원시권선구,2026-08-18T02:00,ecmwf_ifs025_ensemble,51,0.804,0.196,0,0
2026-08-17,수원시권선구,2026-08-18T02:00,gem_global_ensemble,21,0.571,0.333,0.095,0
2026-08-17,수원시권선구,2026-08-18T03:00,ensemble,143,0.804,0.182,0.014,0
2026-08-17,수원시권선구,2026-08-18T03:00,icon_seamless_eps,40,0.925,0.075,0,0
2026-08-17,수원시권선구,2026-08-18T03:00,ncep_gefs_seamless,31,0.806,0.194,0,0
2026-08-17,수원시권선구,2026-08-18T03:00,ecmwf_ifs025_ensemble,51,0.804,0.196,0,0
2026-08-17,수원시권선구,2026-08-18T03:00,gem_global_ensemble,21,0.571,0.333,0.095,0
2026-08-17,수원시권선구,2026-08-18T04:00,ensemble,143,0.762,0.231,0.007,0
2026-08-17,수원시권선구,2026-08-18T04:00,icon_seamless_eps,40,0.95,0.05,0,0
2026-08-17,수원시권선구,2026-08-18T04:00,ncep_gefs_seamless,31,0.806,0.194,0,0
2026-08-17,수원시권선구,2026-08-18T04:00,ecmwf_ifs025_ensemble,51,0.725,0.275,0,0
2026-08-17,수원시권선구,2026-08-18T04:00,gem_global_ensemble,21,0.429,0.524,0.048,0
2026-08-17,수원시권선구,2026-08-18T05:00,ensemble,143,0.755,0.238,0.007,0
2026-08-17,수원시권선구,2026-08-18T05:00,icon_seamless_eps,40,0.925,0.075,0,0
2026-08-17,수원시권선구,2026-08-18T05:00,ncep_gefs_seamless,31,0.806,0.194,0,0
2026-08-17,수원시권선구,2026-08-18T05:00,ecmwf_ifs025_ensemble,51,0.725,0.275,0,0
2026-08-17,수원시권선구,2026-08-18T05:00,gem_global_ensemble,21,0.429,0.524,0.048,0
2026-08-17,수원시권선구,2026-08-18T06:00,ensemble,143,0.762,0.231,0.007,0
2026-08-17,수원시권선구,2026-08-18T06:00,icon_seamless_eps,40,0.95,0.05,0,0
2026-08-17,수원시권선구,2026-08-18T06:00,ncep_gefs_seamless,31,0.806,0.194,0,0
2026-08-17,수원시권선구,2026-08-18T06:00,ecmwf_ifs025_ensemble,51,0.725,0.275,0,0
2026-08-17,수원시권선구,2026-08-18T06:00,gem_global_ensemble,21,0.429,0.524,0.048,0
2026-08-17,수원시권선구,2026-08-18T07:00,ensemble,143,0.608,0.392,0,0
2026-08-17,수원시권선구,2026-08-18T07:00,icon_seamless_eps,40,0.95,0.05,0,0
2026-08-17,수원시권선구,2026-08-18T07:00,ncep_gefs_seamless,31,0.839,0.161,0,0
2026-08-17,수원시권선구,2026-08-18T07:00,ecmwf_ifs025_ensemble,51,0.176,0.824,0,0
2026-08-17,수원시권선구,2026-08-18T07:00,gem_global_ensemble,21,0.667,0.333,0,0
2026-08-17,수원시권선구,2026-08-18T08:00,ensemble,143,0.615,0.385,0,0
2026-08-17,수원시권선구,2026-08-18T08:00,icon_seamless_eps,40,0.975,0.025,0,0
2026-08-17,수원시권선구,2026-08-18T08:00,ncep_gefs_seamless,31,0.839,0.161,0,0
2026-08-17,수원시권선구,2026-08-18T08:00,ecmwf_ifs025_ensemble,51,0.176,0.824,0,0
2026-08-17,수원시권선구,2026-08-18T08:00,gem_global_ensemble,21,0.667,0.333,0,0
2026-08-17,수원시권선구,2026-08-18T09:00,ensemble,143,0.615,0.385,0,0
2026-08-17,수원시권선구,2026-08-18T09:00,icon_seamless_eps,40,0.975,0.025,0,0
2026-08-17,수원시권선구,2026-08-18T09:00,ncep_gefs_seamless,31,0.839,0.161,0,0
2026-08-17,수원시권선구,2026-08-18T09:00,ecmwf_ifs025_ensemble,51,0.176,0.824,0,0
2026-08-17,수원시권선구,2026-08-18T09:00,gem_global_ensemble,21,0.667,0.333,0,0
2026-08-17,수원시권선구,2026-08-18T10:00,ensemble,143,0.622,0.378,0,0
2026-08-17,수원시권선구,2026-08-18T10:00,icon_seamless_eps,40,1,0,0,0
2026-08-17,수원시권선구,2026-08-18T10:00,ncep_gefs_seamless,31,0.806,0.194,0,0
2026-08-17,수원시권선구,2026-08-18T10:00,ecmwf_ifs025_ensemble,51,0.118,0.882,0,0
2026-08-17,수원시권선구,2026-08-18T10:00,gem_global_ensemble,21,0.857,0.143,0,0
2026-08-17,수원시권선구,2026-08-18T11:00,ensemble,143,0.622,0.378,0,0
2026-08-17,수원시권선구,2026-08-18T11:00,icon_seamless_eps,40,1,0,0,0
2026-08-17,수원시권선구,2026-08-18T11:00,ncep_gefs_seamless,31,0.806,0.194,0,0
2026-08-17,수원시권선구,2026-08-18T11:00,ecmwf_ifs025_ensemble,51,0.118,0.882,0,0
2026-08-17,수원시권선구,2026-08-18T11:00,gem_global_ensemble,21,0.857,0.143,0,0
2026-08-17,수원시권선구,2026-08-18T12:00,ensemble,143,0.622,0.378,0,0
2026-08-17,수원시권선구,2026-08-18T12:00,icon_seamless_eps,40,1,0,0,0
2026-08-17,수원시권선구,2026-08-18T12:00,ncep_gefs_seamless,31,0.806,0.194,0,0
2026-08-17,수원시권선구,2026-08-18T12:00,ecmwf_ifs025_ensemble,51,0.118,0.882,0,0
2026-08-17,수원시권선구,2026-08-18T12:00,gem_global_ensemble,21,0.857,0.143,0,0
2026-08-17,수원시권선구,2026-08-18T13:00,ensemble,143,0.825,0.175,0,0
2026-08-17,수원시권선구,2026-08-18T13:00,icon_seamless_eps,40,1,0,0,0
2026-08-17,수원시권선구,2026-08-18T13:00,ncep_gefs_seamless,31,0.903,0.097,0,0
2026-08-17,수원시권선구,2026-08-18T13:00,ecmwf_ifs025_ensemble,51,0.627,0.373,0,0
2026-08-17,수원시권선구,2026-08-18T13:00,gem_global_ensemble,21,0.857,0.143,0,0
2026-08-17,수원시권선구,2026-08-18T14:00,ensemble,143,0.825,0.175,0,0
2026-08-17,수원시권선구,2026-08-18T14:00,icon_seamless_eps,40,1,0,0,0
2026-08-17,수원시권선구,2026-08-18T14:00,ncep_gefs_seamless,31,0.903,0.097,0,0
2026-08-17,수원시권선구,2026-08-18T14:00,ecmwf_ifs025_ensemble,51,0.627,0.373,0,0
2026-08-17,수원시권선구,2026-08-18T14:00,gem_global_ensemble,21,0.857,0.143,0,0
2026-08-17,수원시권선구,2026-08-18T15:00,ensemble,143,0.825,0.175,0,0
2026-08-17,수원시권선구,2026-08-18T15:00,icon_seamless_eps,40,1,0,0,0
2026-08-17,수원시권선구,2026-08-18T15:00,ncep_gefs_seamless,31,0.903,0.097,0,0
2026-08-17,수원시권선구,2026-08-18T15:00,ecmwf_ifs025_ensemble,51,0.627,0.373,0,0
2026-08-17,수원시권선구,2026-08-18T15:00,gem_global_ensemble,21,0.857,0.143,0,0
2026-08-17,수원시권선구,2026-08-18T16:00,ensemble,143,0.888,0.105,0.007,0
2026-08-17,수원시권선구,2026-08-18T16:00,icon_seamless_eps,40,1,0,0,0
2026-08-17,수원시권선구,2026-08-18T16:00,ncep_gefs_seamless,31,0.968,0.032,0,0
2026-08-17,수원시권선구,2026-08-18T16:00,ecmwf_ifs025_ensemble,51,0.824,0.176,0,0
2026-08-17,수원시권선구,2026-08-18T16:00,gem_global_ensemble,21,0.714,0.238,0.048,0
2026-08-17,수원시권선구,2026-08-18T17:00,ensemble,143,0.888,0.105,0.007,0
2026-08-17,수원시권선구,2026-08-18T17:00,icon_seamless_eps,40,1,0,0,0
2026-08-17,수원시권선구,2026-08-18T17:00,ncep_gefs_seamless,31,0.968,0.032,0,0
2026-08-17,수원시권선구,2026-08-18T17:00,ecmwf_ifs025_ensemble,51,0.824,0.176,0,0
2026-08-17,수원시권선구,2026-08-18T17:00,gem_global_ensemble,21,0.714,0.238,0.048,0
2026-08-17,수원시권선구,2026-08-18T18:00,ensemble,143,0.888,0.105,0.007,0
2026-08-17,수원시권선구,2026-08-18T18:00,icon_seamless_eps,40,1,0,0,0
2026-08-17,수원시권선구,2026-08-18T18:00,ncep_gefs_seamless,31,0.968,0.032,0,0
2026-08-17,수원시권선구,2026-08-18T18:00,ecmwf_ifs025_ensemble,51,0.824,0.176,0,0
2026-08-17,수원시권선구,2026-08-18T18:00,gem_global_ensemble,21,0.714,0.238,0.048,0
2026-08-17,수원시권선구,2026-08-18T19:00,ensemble,143,0.979,0.021,0,0
2026-08-17,수원시권선구,2026-08-18T19:00,icon_seamless_eps,40,0.975,0.025,0,0
2026-08-17,수원시권선구,2026-08-18T19:00,ncep_gefs_seamless,31,1,0,0,0
2026-08-17,수원시권선구,2026-08-18T19:00,ecmwf_ifs025_ensemble,51,1,0,0,0
2026-08-17,수원시권선구,2026-08-18T19:00,gem_global_ensemble,21,0.905,0.095,0,0
2026-08-17,수원시권선구,2026-08-18T20:00,ensemble,143,0.979,0.021,0,0
2026-08-17,수원시권선구,2026-08-18T20:00,icon_seamless_eps,40,0.975,0.025,0,0
2026-08-17,수원시권선구,2026-08-18T20:00,ncep_gefs_seamless,31,1,0,0,0
2026-08-17,수원시권선구,2026-08-18T20:00,ecmwf_ifs025_ensemble,51,1,0,0,0
2026-08-17,수원시권선구,2026-08-18T20:00,gem_global_ensemble,21,0.905,0.095,0,0
2026-08-17,수원시권선구,2026-08-18T21:00,ensemble,143,0.979,0.021,0,0
2026-08-17,수원시권선구,2026-08-18T21:00,icon_seamless_eps,40,0.975,0.025,0,0
2026-08-17,수원시권선구,2026-08-18T21:00,ncep_gefs_seamless,31,1,0,0,0
2026-08-17,수원시권선구,2026-08-18T21:00,ecmwf_ifs025_ensemble,51,1,0,0,0
2026-08-17,수원시권선구,2026-08-18T21:00,gem_global_ensemble,21,0.905,0.095,0,0
2026-08-17,수원시권선구,2026-08-18T22:00,ensemble,143,0.944,0.049,0,0.007
2026-08-17,수원시권선구,2026-08-18T22:00,icon_seamless_eps,40,0.95,0.05,0,0
2026-08-17,수원시권선구,2026-08-18T22:00,ncep_gefs_seamless,31,1,0,0,0
2026-08-17,수원시권선구,2026-08-18T22:00,ecmwf_ifs025_ensemble,51,0.961,0.039,0,0
2026-08-17,수원시권선구,2026-08-18T22:00,gem_global_ensemble,21,0.81,0.143,0,0.048
2026-08-17,수원시권선구,2026-08-18T23:00,ensemble,143,0.944,0.049,0,0.007
2026-08-17,수원시권선구,2026-08-18T23:00,icon_seamless_eps,40,0.95,0.05,0,0
2026-08-17,수원시권선구,2026-08-18T23:00,ncep_gefs_seamless,31,1,0,0,0
2026-08-17,수원시권선구,2026-08-18T23:00,ecmwf_ifs025_ensemble,51,0.961,0.039,0,0
2026-08-17,수원시권선구,2026-08-18T23:00,gem_global_ensemble,21,0.81,0.143,0,0.048
2026-08-17,성남시수정구,2026-08-17T00:00,ensemble,143,0.629,0.28,0.084,0.007
2026-08-17,성남시수정구,2026-08-17T00:00,icon_seamless_eps,40,0.875,0.025,0.1,0
2026-08-17,성남시수정구,2026-08-17T00:00,ncep_gefs_seamless,31,0.387,0.548,0.065,0
2026-08-17,성남시수정구,2026-08-17T00:00,ecmwf_ifs025_ensemble,51,0.765,0.196,0.02,0.02
2026-08-17,성남시수정구,2026-08-17T00:00,gem_global_ensemble,21,0.19,0.571,0.238,0
2026-08-17,성남시수정구,2026-08-17T01:00,ensemble,143,0.629,0.287,0.077,0.007
2026-08-17,성남시수정구,2026-08-17T01:00,icon_seamless_eps,40,0.875,0.075,0.05,0
2026-08-17,성남시수정구,2026-08-17T01:00,ncep_gefs_seamless,31,0.355,0.581,0.065,0
2026-08-17,성남시수정구,2026-08-17T01:00,ecmwf_ifs025_ensemble,51,0.804,0.176,0.02,0
2026-08-17,성남시수정구,2026-08-17T01:00,gem_global_ensemble,21,0.143,0.524,0.286,0.048
2026-08-17,성남시수정구,2026-08-17T02:00,ensemble,143,0.622,0.287,0.084,0.007
2026-08-17,성남시수정구,2026-08-17T02:00,icon_seamless_eps,40,0.85,0.075,0.075,0
2026-08-17,성남시수정구,2026-08-17T02:00,ncep_gefs_seamless,31,0.355,0.581,0.065,0
2026-08-17,성남시수정구,2026-08-17T02:00,ecmwf_ifs025_ensemble,51,0.804,0.176,0.02,0
2026-08-17,성남시수정구,2026-08-17T02:00,gem_global_ensemble,21,0.143,0.524,0.286,0.048
2026-08-17,성남시수정구,2026-08-17T03:00,ensemble,143,0.622,0.301,0.07,0.007
2026-08-17,성남시수정구,2026-08-17T03:00,icon_seamless_eps,40,0.85,0.125,0.025,0
2026-08-17,성남시수정구,2026-08-17T03:00,ncep_gefs_seamless,31,0.355,0.581,0.065,0
2026-08-17,성남시수정구,2026-08-17T03:00,ecmwf_ifs025_ensemble,51,0.804,0.176,0.02,0
2026-08-17,성남시수정구,2026-08-17T03:00,gem_global_ensemble,21,0.143,0.524,0.286,0.048
2026-08-17,성남시수정구,2026-08-17T04:00,ensemble,143,0.678,0.273,0.042,0.007
2026-08-17,성남시수정구,2026-08-17T04:00,icon_seamless_eps,40,0.875,0.075,0.05,0
2026-08-17,성남시수정구,2026-08-17T04:00,ncep_gefs_seamless,31,0.419,0.548,0.032,0
2026-08-17,성남시수정구,2026-08-17T04:00,ecmwf_ifs025_ensemble,51,0.843,0.157,0,0
2026-08-17,성남시수정구,2026-08-17T04:00,gem_global_ensemble,21,0.286,0.524,0.143,0.048
2026-08-17,성남시수정구,2026-08-17T05:00,ensemble,143,0.685,0.266,0.042,0.007
2026-08-17,성남시수정구,2026-08-17T05:00,icon_seamless_eps,40,0.9,0.05,0.05,0
2026-08-17,성남시수정구,2026-08-17T05:00,ncep_gefs_seamless,31,0.419,0.548,0.032,0
2026-08-17,성남시수정구,2026-08-17T05:00,ecmwf_ifs025_ensemble,51,0.843,0.157,0,0
2026-08-17,성남시수정구,2026-08-17T05:00,gem_global_ensemble,21,0.286,0.524,0.143,0.048
2026-08-17,성남시수정구,2026-08-17T06:00,ensemble,143,0.699,0.266,0.028,0.007
2026-08-17,성남시수정구,2026-08-17T06:00,icon_seamless_eps,40,0.95,0.05,0,0
2026-08-17,성남시수정구,2026-08-17T06:00,ncep_gefs_seamless,31,0.419,0.548,0.032,0
2026-08-17,성남시수정구,2026-08-17T06:00,ecmwf_ifs025_ensemble,51,0.843,0.157,0,0
2026-08-17,성남시수정구,2026-08-17T06:00,gem_global_ensemble,21,0.286,0.524,0.143,0.048
2026-08-17,성남시수정구,2026-08-17T07:00,ensemble,143,0.629,0.336,0.028,0.007
2026-08-17,성남시수정구,2026-08-17T07:00,icon_seamless_eps,40,0.975,0.025,0,0
2026-08-17,성남시수정구,2026-08-17T07:00,ncep_gefs_seamless,31,0.355,0.613,0.032,0
2026-08-17,성남시수정구,2026-08-17T07:00,ecmwf_ifs025_ensemble,51,0.608,0.392,0,0
2026-08-17,성남시수정구,2026-08-17T07:00,gem_global_ensemble,21,0.429,0.381,0.143,0.048
2026-08-17,성남시수정구,2026-08-17T08:00,ensemble,143,0.615,0.336,0.042,0.007
2026-08-17,성남시수정구,2026-08-17T08:00,icon_seamless_eps,40,0.925,0.025,0.05,0
2026-08-17,성남시수정구,2026-08-17T08:00,ncep_gefs_seamless,31,0.355,0.613,0.032,0
2026-08-17,성남시수정구,2026-08-17T08:00,ecmwf_ifs025_ensemble,51,0.608,0.392,0,0
2026-08-17,성남시수정구,2026-08-17T08:00,gem_global_ensemble,21,0.429,0.381,0.143,0.048
2026-08-17,성남시수정구,2026-08-17T09:00,ensemble,143,0.608,0.343,0.042,0.007
2026-08-17,성남시수정구,2026-08-17T09:00,icon_seamless_eps,40,0.9,0.05,0.05,0
2026-08-17,성남시수정구,2026-08-17T09:00,ncep_gefs_seamless,31,0.355,0.613,0.032,0
2026-08-17,성남시수정구,2026-08-17T09:00,ecmwf_ifs025_ensemble,51,0.608,0.392,0,0
2026-08-17,성남시수정구,2026-08-17T09:00,gem_global_ensemble,21,0.429,0.381,0.143,0.048
2026-08-17,성남시수정구,2026-08-17T10:00,ensemble,143,0.427,0.51,0.049,0.014
2026-08-17,성남시수정구,2026-08-17T10:00,icon_seamless_eps,40,0.775,0.175,0.05,0
2026-08-17,성남시수정구,2026-08-17T10:00,ncep_gefs_seamless,31,0.355,0.581,0.065,0
2026-08-17,성남시수정구,2026-08-17T10:00,ecmwf_ifs025_ensemble,51,0.294,0.647,0.039,0.02
2026-08-17,성남시수정구,2026-08-17T10:00,gem_global_ensemble,21,0.19,0.714,0.048,0.048
2026-08-17,성남시수정구,2026-08-17T11:00,ensemble,143,0.455,0.497,0.035,0.014
2026-08-17,성남시수정구,2026-08-17T11:00,icon_seamless_eps,40,0.875,0.125,0,0
2026-08-17,성남시수정구,2026-08-17T11:00,ncep_gefs_seamless,31,0.355,0.581,0.065,0
2026-08-17,성남시수정구,2026-08-17T11:00,ecmwf_ifs025_ensemble,51,0.294,0.647,0.039,0.02
2026-08-17,성남시수정구,2026-08-17T11:00,gem_global_ensemble,21,0.19,0.714,0.048,0.048
2026-08-17,성남시수정구,2026-08-17T12:00,ensemble,143,0.462,0.49,0.035,0.014
2026-08-17,성남시수정구,2026-08-17T12:00,icon_seamless_eps,40,0.9,0.1,0,0
2026-08-17,성남시수정구,2026-08-17T12:00,ncep_gefs_seamless,31,0.355,0.581,0.065,0
2026-08-17,성남시수정구,2026-08-17T12:00,ecmwf_ifs025_ensemble,51,0.294,0.647,0.039,0.02
2026-08-17,성남시수정구,2026-08-17T12:00,gem_global_ensemble,21,0.19,0.714,0.048,0.048
2026-08-17,성남시수정구,2026-08-17T13:00,ensemble,143,0.329,0.469,0.203,0
2026-08-17,성남시수정구,2026-08-17T13:00,icon_seamless_eps,40,0.9,0.075,0.025,0
2026-08-17,성남시수정구,2026-08-17T13:00,ncep_gefs_seamless,31,0.129,0.71,0.161,0
2026-08-17,성남시수정구,2026-08-17T13:00,ecmwf_ifs025_ensemble,51,0.078,0.569,0.353,0
2026-08-17,성남시수정구,2026-08-17T13:00,gem_global_ensemble,21,0.143,0.619,0.238,0
2026-08-17,성남시수정구,2026-08-17T14:00,ensemble,143,0.336,0.462,0.203,0
2026-08-17,성남시수정구,2026-08-17T14:00,icon_seamless_eps,40,0.925,0.05,0.025,0
2026-08-17,성남시수정구,2026-08-17T14:00,ncep_gefs_seamless,31,0.129,0.71,0.161,0
2026-08-17,성남시수정구,2026-08-17T14:00,ecmwf_ifs025_ensemble,51,0.078,0.569,0.353,0
2026-08-17,성남시수정구,2026-08-17T14:00,gem_global_ensemble,21,0.143,0.619,0.238,0
2026-08-17,성남시수정구,2026-08-17T15:00,ensemble,143,0.28,0.497,0.224,0
2026-08-17,성남시수정구,2026-08-17T15:00,icon_seamless_eps,40,0.725,0.175,0.1,0
2026-08-17,성남시수정구,2026-08-17T15:00,ncep_gefs_seamless,31,0.129,0.71,0.161,0
2026-08-17,성남시수정구,2026-08-17T15:00,ecmwf_ifs025_ensemble,51,0.078,0.569,0.353,0
2026-08-17,성남시수정구,2026-08-17T15:00,gem_global_ensemble,21,0.143,0.619,0.238,0
2026-08-17,성남시수정구,2026-08-17T16:00,ensemble,143,0.259,0.427,0.301,0.014
2026-08-17,성남시수정구,2026-08-17T16:00,icon_seamless_eps,40,0.775,0.2,0.025,0
2026-08-17,성남시수정구,2026-08-17T16:00,ncep_gefs_seamless,31,0.032,0.452,0.516,0
2026-08-17,성남시수정구,2026-08-17T16:00,ecmwf_ifs025_ensemble,51,0.039,0.549,0.392,0.02
2026-08-17,성남시수정구,2026-08-17T16:00,gem_global_ensemble,21,0.143,0.524,0.286,0.048
2026-08-17,성남시수정구,2026-08-17T17:00,ensemble,143,0.238,0.455,0.294,0.014
2026-08-17,성남시수정구,2026-08-17T17:00,icon_seamless_eps,40,0.7,0.3,0,0
2026-08-17,성남시수정구,2026-08-17T17:00,ncep_gefs_seamless,31,0.032,0.452,0.516,0
2026-08-17,성남시수정구,2026-08-17T17:00,ecmwf_ifs025_ensemble,51,0.039,0.549,0.392,0.02
2026-08-17,성남시수정구,2026-08-17T17:00,gem_global_ensemble,21,0.143,0.524,0.286,0.048
2026-08-17,성남시수정구,2026-08-17T18:00,ensemble,143,0.245,0.441,0.301,0.014
2026-08-17,성남시수정구,2026-08-17T18:00,icon_seamless_eps,40,0.725,0.25,0.025,0
2026-08-17,성남시수정구,2026-08-17T18:00,ncep_gefs_seamless,31,0.032,0.452,0.516,0
2026-08-17,성남시수정구,2026-08-17T18:00,ecmwf_ifs025_ensemble,51,0.039,0.549,0.392,0.02
2026-08-17,성남시수정구,2026-08-17T18:00,gem_global_ensemble,21,0.143,0.524,0.286,0.048
2026-08-17,성남시수정구,2026-08-17T19:00,ensemble,143,0.266,0.58,0.14,0.014
2026-08-17,성남시수정구,2026-08-17T19:00,icon_seamless_eps,40,0.7,0.225,0.075,0
2026-08-17,성남시수정구,2026-08-17T19:00,ncep_gefs_seamless,31,0.065,0.839,0.097,0
2026-08-17,성남시수정구,2026-08-17T19:00,ecmwf_ifs025_ensemble,51,0.078,0.765,0.157,0
2026-08-17,성남시수정구,2026-08-17T19:00,gem_global_ensemble,21,0.19,0.429,0.286,0.095
2026-08-17,성남시수정구,2026-08-17T20:00,ensemble,143,0.28,0.573,0.133,0.014
2026-08-17,성남시수정구,2026-08-17T20:00,icon_seamless_eps,40,0.75,0.2,0.05,0
2026-08-17,성남시수정구,2026-08-17T20:00,ncep_gefs_seamless,31,0.065,0.839,0.097,0
2026-08-17,성남시수정구,2026-08-17T20:00,ecmwf_ifs025_ensemble,51,0.078,0.765,0.157,0
2026-08-17,성남시수정구,2026-08-17T20:00,gem_global_ensemble,21,0.19,0.429,0.286,0.095
2026-08-17,성남시수정구,2026-08-17T21:00,ensemble,143,0.287,0.573,0.119,0.021
2026-08-17,성남시수정구,2026-08-17T21:00,icon_seamless_eps,40,0.775,0.2,0,0.025
2026-08-17,성남시수정구,2026-08-17T21:00,ncep_gefs_seamless,31,0.065,0.839,0.097,0
2026-08-17,성남시수정구,2026-08-17T21:00,ecmwf_ifs025_ensemble,51,0.078,0.765,0.157,0
2026-08-17,성남시수정구,2026-08-17T21:00,gem_global_ensemble,21,0.19,0.429,0.286,0.095
2026-08-17,성남시수정구,2026-08-17T22:00,ensemble,143,0.692,0.28,0.028,0
2026-08-17,성남시수정구,2026-08-17T22:00,icon_seamless_eps,40,0.875,0.1,0.025,0
2026-08-17,성남시수정구,2026-08-17T22:00,ncep_gefs_seamless,31,0.484,0.484,0.032,0
2026-08-17,성남시수정구,2026-08-17T22:00,ecmwf_ifs025_ensemble,51,0.784,0.216,0,0
2026-08-17,성남시수정구,2026-08-17T22:00,gem_global_ensemble,21,0.429,0.476,0.095,0
2026-08-17,성남시수정구,2026-08-17T23:00,ensemble,143,0.692,0.28,0.028,0
2026-08-17,성남시수정구,2026-08-17T23:00,icon_seamless_eps,40,0.875,0.1,0.025,0
2026-08-17,성남시수정구,2026-08-17T23:00,ncep_gefs_seamless,31,0.484,0.484,0.032,0
2026-08-17,성남시수정구,2026-08-17T23:00,ecmwf_ifs025_ensemble,51,0.784,0.216,0,0
2026-08-17,성남시수정구,2026-08-17T23:00,gem_global_ensemble,21,0.429,0.476,0.095,0
2026-08-17,성남시수정구,2026-08-18T00:00,ensemble,143,0.699,0.273,0.028,0
2026-08-17,성남시수정구,2026-08-18T00:00,icon_seamless_eps,40,0.9,0.075,0.025,0
2026-08-17,성남시수정구,2026-08-18T00:00,ncep_gefs_seamless,31,0.484,0.484,0.032,0
2026-08-17,성남시수정구,2026-08-18T00:00,ecmwf_ifs025_ensemble,51,0.784,0.216,0,0
2026-08-17,성남시수정구,2026-08-18T00:00,gem_global_ensemble,21,0.429,0.476,0.095,0
2026-08-17,성남시수정구,2026-08-18T01:00,ensemble,143,0.776,0.21,0.014,0
2026-08-17,성남시수정구,2026-08-18T01:00,icon_seamless_eps,40,0.975,0.025,0,0
2026-08-17,성남시수정구,2026-08-18T01:00,ncep_gefs_seamless,31,0.677,0.323,0,0
2026-08-17,성남시수정구,2026-08-18T01:00,ecmwf_ifs025_ensemble,51,0.765,0.235,0,0
2026-08-17,성남시수정구,2026-08-18T01:00,gem_global_ensemble,21,0.571,0.333,0.095,0
2026-08-17,성남시수정구,2026-08-18T02:00,ensemble,143,0.769,0.217,0.014,0
2026-08-17,성남시수정구,2026-08-18T02:00,icon_seamless_eps,40,0.95,0.05,0,0
2026-08-17,성남시수정구,2026-08-18T02:00,ncep_gefs_seamless,31,0.677,0.323,0,0
2026-08-17,성남시수정구,2026-08-18T02:00,ecmwf_ifs025_ensemble,51,0.765,0.235,0,0
2026-08-17,성남시수정구,2026-08-18T02:00,gem_global_ensemble,21,0.571,0.333,0.095,0
2026-08-17,성남시수정구,2026-08-18T03:00,ensemble,143,0.762,0.224,0.014,0
2026-08-17,성남시수정구,2026-08-18T03:00,icon_seamless_eps,40,0.925,0.075,0,0
2026-08-17,성남시수정구,2026-08-18T03:00,ncep_gefs_seamless,31,0.677,0.323,0,0
2026-08-17,성남시수정구,2026-08-18T03:00,ecmwf_ifs025_ensemble,51,0.765,0.235,0,0
2026-08-17,성남시수정구,2026-08-18T03:00,gem_global_ensemble,21,0.571,0.333,0.095,0
2026-08-17,성남시수정구,2026-08-18T04:00,ensemble,143,0.664,0.322,0.014,0
2026-08-17,성남시수정구,2026-08-18T04:00,icon_seamless_eps,40,0.975,0.025,0,0
2026-08-17,성남시수정구,2026-08-18T04:00,ncep_gefs_seamless,31,0.613,0.355,0.032,0
2026-08-17,성남시수정구,2026-08-18T04:00,ecmwf_ifs025_ensemble,51,0.549,0.451,0,0
2026-08-17,성남시수정구,2026-08-18T04:00,gem_global_ensemble,21,0.429,0.524,0.048,0
2026-08-17,성남시수정구,2026-08-18T05:00,ensemble,143,0.65,0.336,0.014,0
2026-08-17,성남시수정구,2026-08-18T05:00,icon_seamless_eps,40,0.925,0.075,0,0
2026-08-17,성남시수정구,2026-08-18T05:00,ncep_gefs_seamless,31,0.613,0.355,0.032,0
2026-08-17,성남시수정구,2026-08-18T05:00,ecmwf_ifs025_ensemble,51,0.549,0.451,0,0
2026-08-17,성남시수정구,2026-08-18T05:00,gem_global_ensemble,21,0.429,0.524,0.048,0
2026-08-17,성남시수정구,2026-08-18T06:00,ensemble,143,0.65,0.336,0.014,0
2026-08-17,성남시수정구,2026-08-18T06:00,icon_seamless_eps,40,0.925,0.075,0,0
2026-08-17,성남시수정구,2026-08-18T06:00,ncep_gefs_seamless,31,0.613,0.355,0.032,0
2026-08-17,성남시수정구,2026-08-18T06:00,ecmwf_ifs025_ensemble,51,0.549,0.451,0,0
2026-08-17,성남시수정구,2026-08-18T06:00,gem_global_ensemble,21,0.429,0.524,0.048,0
2026-08-17,성남시수정구,2026-08-18T07:00,ensemble,143,0.587,0.413,0,0
2026-08-17,성남시수정구,2026-08-18T07:00,icon_seamless_eps,40,0.9,0.1,0,0
2026-08-17,성남시수정구,2026-08-18T07:00,ncep_gefs_seamless,31,0.71,0.29,0,0
2026-08-17,성남시수정구,2026-08-18T07:00,ecmwf_ifs025_ensemble,51,0.235,0.765,0,0
2026-08-17,성남시수정구,2026-08-18T07:00,gem_global_ensemble,21,0.667,0.333,0,0
2026-08-17,성남시수정구,2026-08-18T08:00,ensemble,143,0.615,0.385,0,0
2026-08-17,성남시수정구,2026-08-18T08:00,icon_seamless_eps,40,1,0,0,0
2026-08-17,성남시수정구,2026-08-18T08:00,ncep_gefs_seamless,31,0.71,0.29,0,0
2026-08-17,성남시수정구,2026-08-18T08:00,ecmwf_ifs025_ensemble,51,0.235,0.765,0,0
2026-08-17,성남시수정구,2026-08-18T08:00,gem_global_ensemble,21,0.667,0.333,0,0
2026-08-17,성남시수정구,2026-08-18T09:00,ensemble,143,0.615,0.385,0,0
2026-08-17,성남시수정구,2026-08-18T09:00,icon_seamless_eps,40,1,0,0,0
2026-08-17,성남시수정구,2026-08-18T09:00,ncep_gefs_seamless,31,0.71,0.29,0,0
2026-08-17,성남시수정구,2026-08-18T09:00,ecmwf_ifs025_ensemble,51,0.235,0.765,0,0
2026-08-17,성남시수정구,2026-08-18T09:00,gem_global_ensemble,21,0.667,0.333,0,0
2026-08-17,성남시수정구,2026-08-18T10:00,ensemble,143,0.594,0.406,0,0
2026-08-17,성남시수정구,2026-08-18T10:00,icon_seamless_eps,40,1,0,0,0
2026-08-17,성남시수정구,2026-08-18T10:00,ncep_gefs_seamless,31,0.645,0.355,0,0
2026-08-17,성남시수정구,2026-08-18T10:00,ecmwf_ifs025_ensemble,51,0.137,0.863,0,0
2026-08-17,성남시수정구,2026-08-18T10:00,gem_global_ensemble,21,0.857,0.143,0,0
2026-08-17,성남시수정구,2026-08-18T11:00,ensemble,143,0.594,0.406,0,0
2026-08-17,성남시수정구,2026-08-18T11:00,icon_seamless_eps,40,1,0,0,0
2026-08-17,성남시수정구,2026-08-18T11:00,ncep_gefs_seamless,31,0.645,0.355,0,0
2026-08-17,성남시수정구,2026-08-18T11:00,ecmwf_ifs025_ensemble,51,0.137,0.863,0,0
2026-08-17,성남시수정구,2026-08-18T11:00,gem_global_ensemble,21,0.857,0.143,0,0
2026-08-17,성남시수정구,2026-08-18T12:00,ensemble,143,0.594,0.406,0,0
2026-08-17,성남시수정구,2026-08-18T12:00,icon_seamless_eps,40,1,0,0,0
2026-08-17,성남시수정구,2026-08-18T12:00,ncep_gefs_seamless,31,0.645,0.355,0,0
2026-08-17,성남시수정구,2026-08-18T12:00,ecmwf_ifs025_ensemble,51,0.137,0.863,0,0
2026-08-17,성남시수정구,2026-08-18T12:00,gem_global_ensemble,21,0.857,0.143,0,0
2026-08-17,성남시수정구,2026-08-18T13:00,ensemble,143,0.65,0.35,0,0
2026-08-17,성남시수정구,2026-08-18T13:00,icon_seamless_eps,40,1,0,0,0
2026-08-17,성남시수정구,2026-08-18T13:00,ncep_gefs_seamless,31,0.774,0.226,0,0
2026-08-17,성남시수정구,2026-08-18T13:00,ecmwf_ifs025_ensemble,51,0.216,0.784,0,0
2026-08-17,성남시수정구,2026-08-18T13:00,gem_global_ensemble,21,0.857,0.143,0,0
2026-08-17,성남시수정구,2026-08-18T14:00,ensemble,143,0.65,0.35,0,0
2026-08-17,성남시수정구,2026-08-18T14:00,icon_seamless_eps,40,1,0,0,0
2026-08-17,성남시수정구,2026-08-18T14:00,ncep_gefs_seamless,31,0.774,0.226,0,0
2026-08-17,성남시수정구,2026-08-18T14:00,ecmwf_ifs025_ensemble,51,0.216,0.784,0,0
2026-08-17,성남시수정구,2026-08-18T14:00,gem_global_ensemble,21,0.857,0.143,0,0
2026-08-17,성남시수정구,2026-08-18T15:00,ensemble,143,0.65,0.35,0,0
2026-08-17,성남시수정구,2026-08-18T15:00,icon_seamless_eps,40,1,0,0,0
2026-08-17,성남시수정구,2026-08-18T15:00,ncep_gefs_seamless,31,0.774,0.226,0,0
2026-08-17,성남시수정구,2026-08-18T15:00,ecmwf_ifs025_ensemble,51,0.216,0.784,0,0
2026-08-17,성남시수정구,2026-08-18T15:00,gem_global_ensemble,21,0.857,0.143,0,0
2026-08-17,성남시수정구,2026-08-18T16:00,ensemble,143,0.867,0.126,0.007,0
2026-08-17,성남시수정구,2026-08-18T16:00,icon_seamless_eps,40,1,0,0,0
2026-08-17,성남시수정구,2026-08-18T16:00,ncep_gefs_seamless,31,0.903,0.097,0,0
2026-08-17,성남시수정구,2026-08-18T16:00,ecmwf_ifs025_ensemble,51,0.804,0.196,0,0
2026-08-17,성남시수정구,2026-08-18T16:00,gem_global_ensemble,21,0.714,0.238,0.048,0
2026-08-17,성남시수정구,2026-08-18T17:00,ensemble,143,0.867,0.126,0.007,0
2026-08-17,성남시수정구,2026-08-18T17:00,icon_seamless_eps,40,1,0,0,0
2026-08-17,성남시수정구,2026-08-18T17:00,ncep_gefs_seamless,31,0.903,0.097,0,0
2026-08-17,성남시수정구,2026-08-18T17:00,ecmwf_ifs025_ensemble,51,0.804,0.196,0,0
2026-08-17,성남시수정구,2026-08-18T17:00,gem_global_ensemble,21,0.714,0.238,0.048,0
2026-08-17,성남시수정구,2026-08-18T18:00,ensemble,143,0.867,0.126,0.007,0
2026-08-17,성남시수정구,2026-08-18T18:00,icon_seamless_eps,40,1,0,0,0
2026-08-17,성남시수정구,2026-08-18T18:00,ncep_gefs_seamless,31,0.903,0.097,0,0
2026-08-17,성남시수정구,2026-08-18T18:00,ecmwf_ifs025_ensemble,51,0.804,0.196,0,0
2026-08-17,성남시수정구,2026-08-18T18:00,gem_global_ensemble,21,0.714,0.238,0.048,0
2026-08-17,성남시수정구,2026-08-18T19:00,ensemble,143,0.979,0.021,0,0
2026-08-17,성남시수정구,2026-08-18T19:00,icon_seamless_eps,40,0.975,0.025,0,0
2026-08-17,성남시수정구,2026-08-18T19:00,ncep_gefs_seamless,31,1,0,0,0
2026-08-17,성남시수정구,2026-08-18T19:00,ecmwf_ifs025_ensemble,51,1,0,0,0
2026-08-17,성남시수정구,2026-08-18T19:00,gem_global_ensemble,21,0.905,0.095,0,0
2026-08-17,성남시수정구,2026-08-18T20:00,ensemble,143,0.979,0.021,0,0
2026-08-17,성남시수정구,2026-08-18T20:00,icon_seamless_eps,40,0.975,0.025,0,0
2026-08-17,성남시수정구,2026-08-18T20:00,ncep_gefs_seamless,31,1,0,0,0
2026-08-17,성남시수정구,2026-08-18T20:00,ecmwf_ifs025_ensemble,51,1,0,0,0
2026-08-17,성남시수정구,2026-08-18T20:00,gem_global_ensemble,21,0.905,0.095,0,0
2026-08-17,성남시수정구,2026-08-18T21:00,ensemble,143,0.979,0.021,0,0
2026-08-17,성남시수정구,2026-08-18T21:00,icon_seamless_eps,40,0.975,0.025,0,0
2026-08-17,성남시수정구,2026-08-18T21:00,ncep_gefs_seamless,31,1,0,0,0
2026-08-17,성남시수정구,2026-08-18T21:00,ecmwf_ifs025_ensemble,51,1,0,0,0
2026-08-17,성남시수정구,2026-08-18T21:00,gem_global_ensemble,21,0.905,0.095,0,0
2026-08-17,성남시수정구,2026-08-18T22:00,ensemble,143,0.951,0.042,0,0.007
2026-08-17,성남시수정구,2026-08-18T22:00,icon_seamless_eps,40,0.95,0.05,0,0
2026-08-17,성남시수정구,2026-08-18T22:00,ncep_gefs_seamless,31,1,0,0,0
2026-08-17,성남시수정구,2026-08-18T22:00,ecmwf_ifs025_ensemble,51,0.98,0.02,0,0
2026-08-17,성남시수정구,2026-08-18T22:00,gem_global_ensemble,21,0.81,0.143,0,0.048
2026-08-17,성남시수정구,2026-08-18T23:00,ensemble,143,0.951,0.042,0,0.007
2026-08-17,성남시수정구,2026-08-18T23:00,icon_seamless_eps,40,0.95,0.05,0,0
2026-08-17,성남시수정구,2026-08-18T23:00,ncep_gefs_seamless,31,1,0,0,0
2026-08-17,성남시수정구,2026-08-18T23:00,ecmwf_ifs025_ensemble,51,0.98,0.02,0,0
2026-08-17,성남시수정구,2026-08-18T23:00,gem_global_ensemble,21,0.81,0.143,0,0.048
2026-08-18,수원시권선구,2026-08-18T00:00,ensemble,143,0.846,0.147,0.007,0
2026-08-18,수원시권선구,2026-08-18T00:00,icon_seamless_eps,40,1,0,0,0
2026-08-18,수원시권선구,2026-08-18T00:00,ncep_gefs_seamless,31,0.613,0.387,0,0
2026-08-18,수원시권선구,2026-08-18T00:00,ecmwf_ifs025_ensemble,51,1,0,0,0
2026-08-18,수원시권선구,2026-08-18T00:00,gem_global_ensemble,21,0.524,0.429,0.048,0
2026-08-18,수원시권선구,2026-08-18T01:00,ensemble,143,0.874,0.126,0,0
2026-08-18,수원시권선구,2026-08-18T01:00,icon_seamless_eps,40,1,0,0,0
2026-08-18,수원시권선구,2026-08-18T01:00,ncep_gefs_seamless,31,0.935,0.065,0,0
2026-08-18,수원시권선구,2026-08-18T01:00,ecmwf_ifs025_ensemble,51,0.843,0.157,0,0
2026-08-18,수원시권선구,2026-08-18T01:00,gem_global_ensemble,21,0.619,0.381,0,0
2026-08-18,수원시권선구,2026-08-18T02:00,ensemble,143,0.86,0.14,0,0
2026-08-18,수원시권선구,2026-08-18T02:00,icon_seamless_eps,40,0.95,0.05,0,0
2026-08-18,수원시권선구,2026-08-18T02:00,ncep_gefs_seamless,31,0.935,0.065,0,0
2026-08-18,수원시권선구,2026-08-18T02:00,ecmwf_ifs025_ensemble,51,0.843,0.157,0,0
2026-08-18,수원시권선구,2026-08-18T02:00,gem_global_ensemble,21,0.619,0.381,0,0
2026-08-18,수원시권선구,2026-08-18T03:00,ensemble,143,0.86,0.14,0,0
2026-08-18,수원시권선구,2026-08-18T03:00,icon_seamless_eps,40,0.95,0.05,0,0
2026-08-18,수원시권선구,2026-08-18T03:00,ncep_gefs_seamless,31,0.935,0.065,0,0
2026-08-18,수원시권선구,2026-08-18T03:00,ecmwf_ifs025_ensemble,51,0.843,0.157,0,0
2026-08-18,수원시권선구,2026-08-18T03:00,gem_global_ensemble,21,0.619,0.381,0,0
2026-08-18,수원시권선구,2026-08-18T04:00,ensemble,143,0.79,0.203,0.007,0
2026-08-18,수원시권선구,2026-08-18T04:00,icon_seamless_eps,40,0.925,0.075,0,0
2026-08-18,수원시권선구,2026-08-18T04:00,ncep_gefs_seamless,31,0.903,0.097,0,0
2026-08-18,수원시권선구,2026-08-18T04:00,ecmwf_ifs025_ensemble,51,0.667,0.333,0,0
2026-08-18,수원시권선구,2026-08-18T04:00,gem_global_ensemble,21,0.667,0.286,0.048,0
2026-08-18,수원시권선구,2026-08-18T05:00,ensemble,143,0.797,0.196,0.007,0
2026-08-18,수원시권선구,2026-08-18T05:00,icon_seamless_eps,40,0.95,0.05,0,0
2026-08-18,수원시권선구,2026-08-18T05:00,ncep_gefs_seamless,31,0.903,0.097,0,0
2026-08-18,수원시권선구,2026-08-18T05:00,ecmwf_ifs025_ensemble,51,0.667,0.333,0,0
2026-08-18,수원시권선구,2026-08-18T05:00,gem_global_ensemble,21,0.667,0.286,0.048,0
2026-08-18,수원시권선구,2026-08-18T06:00,ensemble,143,0.797,0.196,0.007,0
2026-08-18,수원시권선구,2026-08-18T06:00,icon_seamless_eps,40,0.95,0.05,0,0
2026-08-18,수원시권선구,2026-08-18T06:00,ncep_gefs_seamless,31,0.903,0.097,0,0
2026-08-18,수원시권선구,2026-08-18T06:00,ecmwf_ifs025_ensemble,51,0.667,0.333,0,0
2026-08-18,수원시권선구,2026-08-18T06:00,gem_global_ensemble,21,0.667,0.286,0.048,0
2026-08-18,수원시권선구,2026-08-18T07:00,ensemble,143,0.713,0.287,0,0
2026-08-18,수원시권선구,2026-08-18T07:00,icon_seamless_eps,40,1,0,0,0
2026-08-18,수원시권선구,2026-08-18T07:00,ncep_gefs_seamless,31,1,0,0,0
2026-08-18,수원시권선구,2026-08-18T07:00,ecmwf_ifs025_ensemble,51,0.314,0.686,0,0
2026-08-18,수원시권선구,2026-08-18T07:00,gem_global_ensemble,21,0.714,0.286,0,0
2026-08-18,수원시권선구,2026-08-18T08:00,ensemble,143,0.713,0.287,0,0
2026-08-18,수원시권선구,2026-08-18T08:00,icon_seamless_eps,40,1,0,0,0
2026-08-18,수원시권선구,2026-08-18T08:00,ncep_gefs_seamless,31,1,0,0,0
2026-08-18,수원시권선구,2026-08-18T08:00,ecmwf_ifs025_ensemble,51,0.314,0.686,0,0
2026-08-18,수원시권선구,2026-08-18T08:00,gem_global_ensemble,21,0.714,0.286,0,0
2026-08-18,수원시권선구,2026-08-18T09:00,ensemble,143,0.713,0.287,0,0
2026-08-18,수원시권선구,2026-08-18T09:00,icon_seamless_eps,40,1,0,0,0
2026-08-18,수원시권선구,2026-08-18T09:00,ncep_gefs_seamless,31,1,0,0,0
2026-08-18,수원시권선구,2026-08-18T09:00,ecmwf_ifs025_ensemble,51,0.314,0.686,0,0
2026-08-18,수원시권선구,2026-08-18T09:00,gem_global_ensemble,21,0.714,0.286,0,0
2026-08-18,수원시권선구,2026-08-18T10:00,ensemble,143,0.762,0.238,0,0
2026-08-18,수원시권선구,2026-08-18T10:00,icon_seamless_eps,40,0.975,0.025,0,0
2026-08-18,수원시권선구,2026-08-18T10:00,ncep_gefs_seamless,31,0.968,0.032,0,0
2026-08-18,수원시권선구,2026-08-18T10:00,ecmwf_ifs025_ensemble,51,0.412,0.588,0,0
2026-08-18,수원시권선구,2026-08-18T10:00,gem_global_ensemble,21,0.905,0.095,0,0
2026-08-18,수원시권선구,2026-08-18T11:00,ensemble,143,0.769,0.231,0,0
2026-08-18,수원시권선구,2026-08-18T11:00,icon_seamless_eps,40,1,0,0,0
2026-08-18,수원시권선구,2026-08-18T11:00,ncep_gefs_seamless,31,0.968,0.032,0,0
2026-08-18,수원시권선구,2026-08-18T11:00,ecmwf_ifs025_ensemble,51,0.412,0.588,0,0
2026-08-18,수원시권선구,2026-08-18T11:00,gem_global_ensemble,21,0.905,0.095,0,0
2026-08-18,수원시권선구,2026-08-18T12:00,ensemble,143,0.769,0.231,0,0
2026-08-18,수원시권선구,2026-08-18T12:00,icon_seamless_eps,40,1,0,0,0
2026-08-18,수원시권선구,2026-08-18T12:00,ncep_gefs_seamless,31,0.968,0.032,0,0
2026-08-18,수원시권선구,2026-08-18T12:00,ecmwf_ifs025_ensemble,51,0.412,0.588,0,0
2026-08-18,수원시권선구,2026-08-18T12:00,gem_global_ensemble,21,0.905,0.095,0,0
2026-08-18,수원시권선구,2026-08-18T13:00,ensemble,143,0.902,0.098,0,0
2026-08-18,수원시권선구,2026-08-18T13:00,icon_seamless_eps,40,1,0,0,0
2026-08-18,수원시권선구,2026-08-18T13:00,ncep_gefs_seamless,31,0.968,0.032,0,0
2026-08-18,수원시권선구,2026-08-18T13:00,ecmwf_ifs025_ensemble,51,0.765,0.235,0,0
2026-08-18,수원시권선구,2026-08-18T13:00,gem_global_ensemble,21,0.952,0.048,0,0
2026-08-18,수원시권선구,2026-08-18T14:00,ensemble,143,0.902,0.098,0,0
2026-08-18,수원시권선구,2026-08-18T14:00,icon_seamless_eps,40,1,0,0,0
2026-08-18,수원시권선구,2026-08-18T14:00,ncep_gefs_seamless,31,0.968,0.032,0,0
2026-08-18,수원시권선구,2026-08-18T14:00,ecmwf_ifs025_ensemble,51,0.765,0.235,0,0
2026-08-18,수원시권선구,2026-08-18T14:00,gem_global_ensemble,21,0.952,0.048,0,0
2026-08-18,수원시권선구,2026-08-18T15:00,ensemble,143,0.902,0.098,0,0
2026-08-18,수원시권선구,2026-08-18T15:00,icon_seamless_eps,40,1,0,0,0
2026-08-18,수원시권선구,2026-08-18T15:00,ncep_gefs_seamless,31,0.968,0.032,0,0
2026-08-18,수원시권선구,2026-08-18T15:00,ecmwf_ifs025_ensemble,51,0.765,0.235,0,0
2026-08-18,수원시권선구,2026-08-18T15:00,gem_global_ensemble,21,0.952,0.048,0,0
2026-08-18,수원시권선구,2026-08-18T16:00,ensemble,143,0.923,0.077,0,0
2026-08-18,수원시권선구,2026-08-18T16:00,icon_seamless_eps,40,1,0,0,0
2026-08-18,수원시권선구,2026-08-18T16:00,ncep_gefs_seamless,31,1,0,0,0
2026-08-18,수원시권선구,2026-08-18T16:00,ecmwf_ifs025_ensemble,51,0.784,0.216,0,0
2026-08-18,수원시권선구,2026-08-18T16:00,gem_global_ensemble,21,1,0,0,0
2026-08-18,수원시권선구,2026-08-18T17:00,ensemble,143,0.923,0.077,0,0
2026-08-18,수원시권선구,2026-08-18T17:00,icon_seamless_eps,40,1,0,0,0
2026-08-18,수원시권선구,2026-08-18T17:00,ncep_gefs_seamless,31,1,0,0,0
2026-08-18,수원시권선구,2026-08-18T17:00,ecmwf_ifs025_ensemble,51,0.784,0.216,0,0
2026-08-18,수원시권선구,2026-08-18T17:00,gem_global_ensemble,21,1,0,0,0
2026-08-18,수원시권선구,2026-08-18T18:00,ensemble,143,0.923,0.077,0,0
2026-08-18,수원시권선구,2026-08-18T18:00,icon_seamless_eps,40,1,0,0,0
2026-08-18,수원시권선구,2026-08-18T18:00,ncep_gefs_seamless,31,1,0,0,0
2026-08-18,수원시권선구,2026-08-18T18:00,ecmwf_ifs025_ensemble,51,0.784,0.216,0,0
2026-08-18,수원시권선구,2026-08-18T18:00,gem_global_ensemble,21,1,0,0,0
2026-08-18,수원시권선구,2026-08-18T19:00,ensemble,143,0.993,0.007,0,0
2026-08-18,수원시권선구,2026-08-18T19:00,icon_seamless_eps,40,1,0,0,0
2026-08-18,수원시권선구,2026-08-18T19:00,ncep_gefs_seamless,31,1,0,0,0
2026-08-18,수원시권선구,2026-08-18T19:00,ecmwf_ifs025_ensemble,51,0.98,0.02,0,0
2026-08-18,수원시권선구,2026-08-18T19:00,gem_global_ensemble,21,1,0,0,0
2026-08-18,수원시권선구,2026-08-18T20:00,ensemble,143,0.993,0.007,0,0
2026-08-18,수원시권선구,2026-08-18T20:00,icon_seamless_eps,40,1,0,0,0
2026-08-18,수원시권선구,2026-08-18T20:00,ncep_gefs_seamless,31,1,0,0,0
2026-08-18,수원시권선구,2026-08-18T20:00,ecmwf_ifs025_ensemble,51,0.98,0.02,0,0
2026-08-18,수원시권선구,2026-08-18T20:00,gem_global_ensemble,21,1,0,0,0
2026-08-18,수원시권선구,2026-08-18T21:00,ensemble,143,0.993,0.007,0,0
2026-08-18,수원시권선구,2026-08-18T21:00,icon_seamless_eps,40,1,0,0,0
2026-08-18,수원시권선구,2026-08-18T21:00,ncep_gefs_seamless,31,1,0,0,0
2026-08-18,수원시권선구,2026-08-18T21:00,ecmwf_ifs025_ensemble,51,0.98,0.02,0,0
2026-08-18,수원시권선구,2026-08-18T21:00,gem_global_ensemble,21,1,0,0,0
2026-08-18,수원시권선구,2026-08-18T22:00,ensemble,143,1,0,0,0
2026-08-18,수원시권선구,2026-08-18T22:00,icon_seamless_eps,40,1,0,0,0
2026-08-18,수원시권선구,2026-08-18T22:00,ncep_gefs_seamless,31,1,0,0,0
2026-08-18,수원시권선구,2026-08-18T22:00,ecmwf_ifs025_ensemble,51,1,0,0,0
2026-08-18,수원시권선구,2026-08-18T22:00,gem_global_ensemble,21,1,0,0,0
2026-08-18,수원시권선구,2026-08-18T23:00,ensemble,143,1,0,0,0
2026-08-18,수원시권선구,2026-08-18T23:00,icon_seamless_eps,40,1,0,0,0
2026-08-18,수원시권선구,2026-08-18T23:00,ncep_gefs_seamless,31,1,0,0,0
2026-08-18,수원시권선구,2026-08-18T23:00,ecmwf_ifs025_ensemble,51,1,0,0,0
2026-08-18,수원시권선구,2026-08-18T23:00,gem_global_ensemble,21,1,0,0,0
2026-08-18,수원시권선구,2026-08-19T00:00,ensemble,143,1,0,0,0
2026-08-18,수원시권선구,2026-08-19T00:00,icon_seamless_eps,40,1,0,0,0
2026-08-18,수원시권선구,2026-08-19T00:00,ncep_gefs_seamless,31,1,0,0,0
2026-08-18,수원시권선구,2026-08-19T00:00,ecmwf_ifs025_ensemble,51,1,0,0,0
2026-08-18,수원시권선구,2026-08-19T00:00,gem_global_ensemble,21,1,0,0,0
2026-08-18,수원시권선구,2026-08-19T01:00,ensemble,143,0.986,0.014,0,0
2026-08-18,수원시권선구,2026-08-19T01:00,icon_seamless_eps,40,1,0,0,0
2026-08-18,수원시권선구,2026-08-19T01:00,ncep_gefs_seamless,31,1,0,0,0
2026-08-18,수원시권선구,2026-08-19T01:00,ecmwf_ifs025_ensemble,51,0.961,0.039,0,0
2026-08-18,수원시권선구,2026-08-19T01:00,gem_global_ensemble,21,1,0,0,0
2026-08-18,수원시권선구,2026-08-19T02:00,ensemble,143,0.986,0.014,0,0
2026-08-18,수원시권선구,2026-08-19T02:00,icon_seamless_eps,40,1,0,0,0
2026-08-18,수원시권선구,2026-08-19T02:00,ncep_gefs_seamless,31,1,0,0,0
2026-08-18,수원시권선구,2026-08-19T02:00,ecmwf_ifs025_ensemble,51,0.961,0.039,0,0
2026-08-18,수원시권선구,2026-08-19T02:00,gem_global_ensemble,21,1,0,0,0
2026-08-18,수원시권선구,2026-08-19T03:00,ensemble,143,0.986,0.014,0,0
2026-08-18,수원시권선구,2026-08-19T03:00,icon_seamless_eps,40,1,0,0,0
2026-08-18,수원시권선구,2026-08-19T03:00,ncep_gefs_seamless,31,1,0,0,0
2026-08-18,수원시권선구,2026-08-19T03:00,ecmwf_ifs025_ensemble,51,0.961,0.039,0,0
2026-08-18,수원시권선구,2026-08-19T03:00,gem_global_ensemble,21,1,0,0,0
2026-08-18,수원시권선구,2026-08-19T04:00,ensemble,143,0.951,0.042,0.007,0
2026-08-18,수원시권선구,2026-08-19T04:00,icon_seamless_eps,40,1,0,0,0
2026-08-18,수원시권선구,2026-08-19T04:00,ncep_gefs_seamless,31,1,0,0,0
2026-08-18,수원시권선구,2026-08-19T04:00,ecmwf_ifs025_ensemble,51,0.863,0.118,0.02,0
2026-08-18,수원시권선구,2026-08-19T04:00,gem_global_ensemble,21,1,0,0,0
2026-08-18,수원시권선구,2026-08-19T05:00,ensemble,143,0.951,0.042,0.007,0
2026-08-18,수원시권선구,2026-08-19T05:00,icon_seamless_eps,40,1,0,0,0
2026-08-18,수원시권선구,2026-08-19T05:00,ncep_gefs_seamless,31,1,0,0,0
2026-08-18,수원시권선구,2026-08-19T05:00,ecmwf_ifs025_ensemble,51,0.863,0.118,0.02,0
2026-08-18,수원시권선구,2026-08-19T05:00,gem_global_ensemble,21,1,0,0,0
2026-08-18,수원시권선구,2026-08-19T06:00,ensemble,143,0.951,0.042,0.007,0
2026-08-18,수원시권선구,2026-08-19T06:00,icon_seamless_eps,40,1,0,0,0
2026-08-18,수원시권선구,2026-08-19T06:00,ncep_gefs_seamless,31,1,0,0,0
2026-08-18,수원시권선구,2026-08-19T06:00,ecmwf_ifs025_ensemble,51,0.863,0.118,0.02,0
2026-08-18,수원시권선구,2026-08-19T06:00,gem_global_ensemble,21,1,0,0,0
2026-08-18,수원시권선구,2026-08-19T07:00,ensemble,143,0.895,0.105,0,0
2026-08-18,수원시권선구,2026-08-19T07:00,icon_seamless_eps,40,1,0,0,0
2026-08-18,수원시권선구,2026-08-19T07:00,ncep_gefs_seamless,31,1,0,0,0
2026-08-18,수원시권선구,2026-08-19T07:00,ecmwf_ifs025_ensemble,51,0.706,0.294,0,0
2026-08-18,수원시권선구,2026-08-19T07:00,gem_global_ensemble,21,1,0,0,0
2026-08-18,수원시권선구,2026-08-19T08:00,ensemble,143,0.888,0.112,0,0
2026-08-18,수원시권선구,2026-08-19T08:00,icon_seamless_eps,40,0.975,0.025,0,0
2026-08-18,수원시권선구,2026-08-19T08:00,ncep_gefs_seamless,31,1,0,0,0
2026-08-18,수원시권선구,2026-08-19T08:00,ecmwf_ifs025_ensemble,51,0.706,0.294,0,0
2026-08-18,수원시권선구,2026-08-19T08:00,gem_global_ensemble,21,1,0,0,0
2026-08-18,수원시권선구,2026-08-19T09:00,ensemble,143,0.874,0.126,0,0
2026-08-18,수원시권선구,2026-08-19T09:00,icon_seamless_eps,40,0.925,0.075,0,0
2026-08-18,수원시권선구,2026-08-19T09:00,ncep_gefs_seamless,31,1,0,0,0
2026-08-18,수원시권선구,2026-08-19T09:00,ecmwf_ifs025_ensemble,51,0.706,0.294,0,0
2026-08-18,수원시권선구,2026-08-19T09:00,gem_global_ensemble,21,1,0,0,0
2026-08-18,수원시권선구,2026-08-19T10:00,ensemble,143,0.734,0.259,0.007,0
2026-08-18,수원시권선구,2026-08-19T10:00,icon_seamless_eps,40,0.9,0.1,0,0
2026-08-18,수원시권선구,2026-08-19T10:00,ncep_gefs_seamless,31,0.935,0.065,0,0
2026-08-18,수원시권선구,2026-08-19T10:00,ecmwf_ifs025_ensemble,51,0.412,0.588,0,0
2026-08-18,수원시권선구,2026-08-19T10:00,gem_global_ensemble,21,0.905,0.048,0.048,0
2026-08-18,수원시권선구,2026-08-19T11:00,ensemble,143,0.734,0.259,0.007,0
2026-08-18,수원시권선구,2026-08-19T11:00,icon_seamless_eps,40,0.9,0.1,0,0
2026-08-18,수원시권선구,2026-08-19T11:00,ncep_gefs_seamless,31,0.935,0.065,0,0
2026-08-18,수원시권선구,2026-08-19T11:00,ecmwf_ifs025_ensemble,51,0.412,0.588,0,0
2026-08-18,수원시권선구,2026-08-19T11:00,gem_global_ensemble,21,0.905,0.048,0.048,0
2026-08-18,수원시권선구,2026-08-19T12:00,ensemble,143,0.734,0.259,0.007,0
2026-08-18,수원시권선구,2026-08-19T12:00,icon_seamless_eps,40,0.9,0.1,0,0
2026-08-18,수원시권선구,2026-08-19T12:00,ncep_gefs_seamless,31,0.935,0.065,0,0
2026-08-18,수원시권선구,2026-08-19T12:00,ecmwf_ifs025_ensemble,51,0.412,0.588,0,0
2026-08-18,수원시권선구,2026-08-19T12:00,gem_global_ensemble,21,0.905,0.048,0.048,0
2026-08-18,수원시권선구,2026-08-19T13:00,ensemble,143,0.734,0.252,0.007,0.007
2026-08-18,수원시권선구,2026-08-19T13:00,icon_seamless_eps,40,0.85,0.125,0.025,0
2026-08-18,수원시권선구,2026-08-19T13:00,ncep_gefs_seamless,31,0.935,0.065,0,0
2026-08-18,수원시권선구,2026-08-19T13:00,ecmwf_ifs025_ensemble,51,0.451,0.549,0,0
2026-08-18,수원시권선구,2026-08-19T13:00,gem_global_ensemble,21,0.905,0.048,0,0.048
2026-08-18,수원시권선구,2026-08-19T14:00,ensemble,143,0.734,0.252,0.007,0.007
2026-08-18,수원시권선구,2026-08-19T14:00,icon_seamless_eps,40,0.85,0.125,0.025,0
2026-08-18,수원시권선구,2026-08-19T14:00,ncep_gefs_seamless,31,0.935,0.065,0,0
2026-08-18,수원시권선구,2026-08-19T14:00,ecmwf_ifs025_ensemble,51,0.451,0.549,0,0
2026-08-18,수원시권선구,2026-08-19T14:00,gem_global_ensemble,21,0.905,0.048,0,0.048
2026-08-18,수원시권선구,2026-08-19T15:00,ensemble,143,0.734,0.252,0.007,0.007
2026-08-18,수원시권선구,2026-08-19T15:00,icon_seamless_eps,40,0.85,0.125,0.025,0
2026-08-18,수원시권선구,2026-08-19T15:00,ncep_gefs_seamless,31,0.935,0.065,0,0
2026-08-18,수원시권선구,2026-08-19T15:00,ecmwf_ifs025_ensemble,51,0.451,0.549,0,0
2026-08-18,수원시권선구,2026-08-19T15:00,gem_global_ensemble,21,0.905,0.048,0,0.048
2026-08-18,수원시권선구,2026-08-19T16:00,ensemble,143,0.853,0.14,0.007,0
2026-08-18,수원시권선구,2026-08-19T16:00,icon_seamless_eps,40,0.95,0.05,0,0
2026-08-18,수원시권선구,2026-08-19T16:00,ncep_gefs_seamless,31,0.935,0.065,0,0
2026-08-18,수원시권선구,2026-08-19T16:00,ecmwf_ifs025_ensemble,51,0.686,0.314,0,0
2026-08-18,수원시권선구,2026-08-19T16:00,gem_global_ensemble,21,0.952,0,0.048,0
2026-08-18,수원시권선구,2026-08-19T17:00,ensemble,143,0.853,0.14,0.007,0
2026-08-18,수원시권선구,2026-08-19T17:00,icon_seamless_eps,40,0.95,0.05,0,0
2026-08-18,수원시권선구,2026-08-19T17:00,ncep_gefs_seamless,31,0.935,0.065,0,0
2026-08-18,수원시권선구,2026-08-19T17:00,ecmwf_ifs025_ensemble,51,0.686,0.314,0,0
2026-08-18,수원시권선구,2026-08-19T17:00,gem_global_ensemble,21,0.952,0,0.048,0
2026-08-18,수원시권선구,2026-08-19T18:00,ensemble,143,0.853,0.14,0.007,0
2026-08-18,수원시권선구,2026-08-19T18:00,icon_seamless_eps,40,0.95,0.05,0,0
2026-08-18,수원시권선구,2026-08-19T18:00,ncep_gefs_seamless,31,0.935,0.065,0,0
2026-08-18,수원시권선구,2026-08-19T18:00,ecmwf_ifs025_ensemble,51,0.686,0.314,0,0
2026-08-18,수원시권선구,2026-08-19T18:00,gem_global_ensemble,21,0.952,0,0.048,0
2026-08-18,수원시권선구,2026-08-19T19:00,ensemble,143,0.965,0.028,0.007,0
2026-08-18,수원시권선구,2026-08-19T19:00,icon_seamless_eps,40,0.975,0.025,0,0
2026-08-18,수원시권선구,2026-08-19T19:00,ncep_gefs_seamless,31,0.968,0.032,0,0
2026-08-18,수원시권선구,2026-08-19T19:00,ecmwf_ifs025_ensemble,51,0.98,0.02,0,0
2026-08-18,수원시권선구,2026-08-19T19:00,gem_global_ensemble,21,0.905,0.048,0.048,0
2026-08-18,수원시권선구,2026-08-19T20:00,ensemble,143,0.965,0.028,0.007,0
2026-08-18,수원시권선구,2026-08-19T20:00,icon_seamless_eps,40,0.975,0.025,0,0
2026-08-18,수원시권선구,2026-08-19T20:00,ncep_gefs_seamless,31,0.968,0.032,0,0
2026-08-18,수원시권선구,2026-08-19T20:00,ecmwf_ifs025_ensemble,51,0.98,0.02,0,0
2026-08-18,수원시권선구,2026-08-19T20:00,gem_global_ensemble,21,0.905,0.048,0.048,0
2026-08-18,수원시권선구,2026-08-19T21:00,ensemble,143,0.965,0.028,0.007,0
2026-08-18,수원시권선구,2026-08-19T21:00,icon_seamless_eps,40,0.975,0.025,0,0
2026-08-18,수원시권선구,2026-08-19T21:00,ncep_gefs_seamless,31,0.968,0.032,0,0
2026-08-18,수원시권선구,2026-08-19T21:00,ecmwf_ifs025_ensemble,51,0.98,0.02,0,0
2026-08-18,수원시권선구,2026-08-19T21:00,gem_global_ensemble,21,0.905,0.048,0.048,0
2026-08-18,수원시권선구,2026-08-19T22:00,ensemble,143,0.937,0.063,0,0
2026-08-18,수원시권선구,2026-08-19T22:00,icon_seamless_eps,40,0.95,0.05,0,0
2026-08-18,수원시권선구,2026-08-19T22:00,ncep_gefs_seamless,31,0.968,0.032,0,0
2026-08-18,수원시권선구,2026-08-19T22:00,ecmwf_ifs025_ensemble,51,0.941,0.059,0,0
2026-08-18,수원시권선구,2026-08-19T22:00,gem_global_ensemble,21,0.857,0.143,0,0
2026-08-18,수원시권선구,2026-08-19T23:00,ensemble,143,0.937,0.063,0,0
2026-08-18,수원시권선구,2026-08-19T23:00,icon_seamless_eps,40,0.95,0.05,0,0
2026-08-18,수원시권선구,2026-08-19T23:00,ncep_gefs_seamless,31,0.968,0.032,0,0
2026-08-18,수원시권선구,2026-08-19T23:00,ecmwf_ifs025_ensemble,51,0.941,0.059,0,0
2026-08-18,수원시권선구,2026-08-19T23:00,gem_global_ensemble,21,0.857,0.143,0,0
2026-08-18,성남시수정구,2026-08-18T00:00,ensemble,143,0.72,0.273,0.007,0
2026-08-18,성남시수정구,2026-08-18T00:00,icon_seamless_eps,40,1,0,0,0
2026-08-18,성남시수정구,2026-08-18T00:00,ncep_gefs_seamless,31,0.29,0.71,0,0
2026-08-18,성남시수정구,2026-08-18T00:00,ecmwf_ifs025_ensemble,51,0.843,0.157,0,0
2026-08-18,성남시수정구,2026-08-18T00:00,gem_global_ensemble,21,0.524,0.429,0.048,0
2026-08-18,성남시수정구,2026-08-18T01:00,ensemble,143,0.811,0.189,0,0
2026-08-18,성남시수정구,2026-08-18T01:00,icon_seamless_eps,40,0.975,0.025,0,0
2026-08-18,성남시수정구,2026-08-18T01:00,ncep_gefs_seamless,31,0.806,0.194,0,0
2026-08-18,성남시수정구,2026-08-18T01:00,ecmwf_ifs025_ensemble,51,0.765,0.235,0,0
2026-08-18,성남시수정구,2026-08-18T01:00,gem_global_ensemble,21,0.619,0.381,0,0
2026-08-18,성남시수정구,2026-08-18T02:00,ensemble,143,0.811,0.189,0,0
2026-08-18,성남시수정구,2026-08-18T02:00,icon_seamless_eps,40,0.975,0.025,0,0
2026-08-18,성남시수정구,2026-08-18T02:00,ncep_gefs_seamless,31,0.806,0.194,0,0
2026-08-18,성남시수정구,2026-08-18T02:00,ecmwf_ifs025_ensemble,51,0.765,0.235,0,0
2026-08-18,성남시수정구,2026-08-18T02:00,gem_global_ensemble,21,0.619,0.381,0,0
2026-08-18,성남시수정구,2026-08-18T03:00,ensemble,143,0.811,0.189,0,0
2026-08-18,성남시수정구,2026-08-18T03:00,icon_seamless_eps,40,0.975,0.025,0,0
2026-08-18,성남시수정구,2026-08-18T03:00,ncep_gefs_seamless,31,0.806,0.194,0,0
2026-08-18,성남시수정구,2026-08-18T03:00,ecmwf_ifs025_ensemble,51,0.765,0.235,0,0
2026-08-18,성남시수정구,2026-08-18T03:00,gem_global_ensemble,21,0.619,0.381,0,0
2026-08-18,성남시수정구,2026-08-18T04:00,ensemble,143,0.727,0.266,0.007,0
2026-08-18,성남시수정구,2026-08-18T04:00,icon_seamless_eps,40,0.925,0.075,0,0
2026-08-18,성남시수정구,2026-08-18T04:00,ncep_gefs_seamless,31,0.806,0.194,0,0
2026-08-18,성남시수정구,2026-08-18T04:00,ecmwf_ifs025_ensemble,51,0.549,0.451,0,0
2026-08-18,성남시수정구,2026-08-18T04:00,gem_global_ensemble,21,0.667,0.286,0.048,0
2026-08-18,성남시수정구,2026-08-18T05:00,ensemble,143,0.734,0.259,0.007,0
2026-08-18,성남시수정구,2026-08-18T05:00,icon_seamless_eps,40,0.95,0.05,0,0
2026-08-18,성남시수정구,2026-08-18T05:00,ncep_gefs_seamless,31,0.806,0.194,0,0
2026-08-18,성남시수정구,2026-08-18T05:00,ecmwf_ifs025_ensemble,51,0.549,0.451,0,0
2026-08-18,성남시수정구,2026-08-18T05:00,gem_global_ensemble,21,0.667,0.286,0.048,0
2026-08-18,성남시수정구,2026-08-18T06:00,ensemble,143,0.741,0.252,0.007,0
2026-08-18,성남시수정구,2026-08-18T06:00,icon_seamless_eps,40,0.975,0.025,0,0
2026-08-18,성남시수정구,2026-08-18T06:00,ncep_gefs_seamless,31,0.806,0.194,0,0
2026-08-18,성남시수정구,2026-08-18T06:00,ecmwf_ifs025_ensemble,51,0.549,0.451,0,0
2026-08-18,성남시수정구,2026-08-18T06:00,gem_global_ensemble,21,0.667,0.286,0.048,0
2026-08-18,성남시수정구,2026-08-18T07:00,ensemble,143,0.671,0.329,0,0
2026-08-18,성남시수정구,2026-08-18T07:00,icon_seamless_eps,40,1,0,0,0
2026-08-18,성남시수정구,2026-08-18T07:00,ncep_gefs_seamless,31,0.903,0.097,0,0
2026-08-18,성남시수정구,2026-08-18T07:00,ecmwf_ifs025_ensemble,51,0.255,0.745,0,0
2026-08-18,성남시수정구,2026-08-18T07:00,gem_global_ensemble,21,0.714,0.286,0,0
2026-08-18,성남시수정구,2026-08-18T08:00,ensemble,143,0.671,0.329,0,0
2026-08-18,성남시수정구,2026-08-18T08:00,icon_seamless_eps,40,1,0,0,0
2026-08-18,성남시수정구,2026-08-18T08:00,ncep_gefs_seamless,31,0.903,0.097,0,0
2026-08-18,성남시수정구,2026-08-18T08:00,ecmwf_ifs025_ensemble,51,0.255,0.745,0,0
2026-08-18,성남시수정구,2026-08-18T08:00,gem_global_ensemble,21,0.714,0.286,0,0
2026-08-18,성남시수정구,2026-08-18T09:00,ensemble,143,0.671,0.329,0,0
2026-08-18,성남시수정구,2026-08-18T09:00,icon_seamless_eps,40,1,0,0,0
2026-08-18,성남시수정구,2026-08-18T09:00,ncep_gefs_seamless,31,0.903,0.097,0,0
2026-08-18,성남시수정구,2026-08-18T09:00,ecmwf_ifs025_ensemble,51,0.255,0.745,0,0
2026-08-18,성남시수정구,2026-08-18T09:00,gem_global_ensemble,21,0.714,0.286,0,0
2026-08-18,성남시수정구,2026-08-18T10:00,ensemble,143,0.706,0.294,0,0
2026-08-18,성남시수정구,2026-08-18T10:00,icon_seamless_eps,40,1,0,0,0
2026-08-18,성남시수정구,2026-08-18T10:00,ncep_gefs_seamless,31,0.871,0.129,0,0
2026-08-18,성남시수정구,2026-08-18T10:00,ecmwf_ifs025_ensemble,51,0.294,0.706,0,0
2026-08-18,성남시수정구,2026-08-18T10:00,gem_global_ensemble,21,0.905,0.095,0,0
2026-08-18,성남시수정구,2026-08-18T11:00,ensemble,143,0.699,0.301,0,0
2026-08-18,성남시수정구,2026-08-18T11:00,icon_seamless_eps,40,0.975,0.025,0,0
2026-08-18,성남시수정구,2026-08-18T11:00,ncep_gefs_seamless,31,0.871,0.129,0,0
2026-08-18,성남시수정구,2026-08-18T11:00,ecmwf_ifs025_ensemble,51,0.294,0.706,0,0
2026-08-18,성남시수정구,2026-08-18T11:00,gem_global_ensemble,21,0.905,0.095,0,0
2026-08-18,성남시수정구,2026-08-18T12:00,ensemble,143,0.706,0.294,0,0
2026-08-18,성남시수정구,2026-08-18T12:00,icon_seamless_eps,40,1,0,0,0
2026-08-18,성남시수정구,2026-08-18T12:00,ncep_gefs_seamless,31,0.871,0.129,0,0
2026-08-18,성남시수정구,2026-08-18T12:00,ecmwf_ifs025_ensemble,51,0.294,0.706,0,0
2026-08-18,성남시수정구,2026-08-18T12:00,gem_global_ensemble,21,0.905,0.095,0,0
2026-08-18,성남시수정구,2026-08-18T13:00,ensemble,143,0.748,0.252,0,0
2026-08-18,성남시수정구,2026-08-18T13:00,icon_seamless_eps,40,1,0,0,0
2026-08-18,성남시수정구,2026-08-18T13:00,ncep_gefs_seamless,31,1,0,0,0
2026-08-18,성남시수정구,2026-08-18T13:00,ecmwf_ifs025_ensemble,51,0.314,0.686,0,0
2026-08-18,성남시수정구,2026-08-18T13:00,gem_global_ensemble,21,0.952,0.048,0,0
2026-08-18,성남시수정구,2026-08-18T14:00,ensemble,143,0.748,0.252,0,0
2026-08-18,성남시수정구,2026-08-18T14:00,icon_seamless_eps,40,1,0,0,0
2026-08-18,성남시수정구,2026-08-18T14:00,ncep_gefs_seamless,31,1,0,0,0
2026-08-18,성남시수정구,2026-08-18T14:00,ecmwf_ifs025_ensemble,51,0.314,0.686,0,0
2026-08-18,성남시수정구,2026-08-18T14:00,gem_global_ensemble,21,0.952,0.048,0,0
2026-08-18,성남시수정구,2026-08-18T15:00,ensemble,143,0.748,0.252,0,0
2026-08-18,성남시수정구,2026-08-18T15:00,icon_seamless_eps,40,1,0,0,0
2026-08-18,성남시수정구,2026-08-18T15:00,ncep_gefs_seamless,31,1,0,0,0
2026-08-18,성남시수정구,2026-08-18T15:00,ecmwf_ifs025_ensemble,51,0.314,0.686,0,0
2026-08-18,성남시수정구,2026-08-18T15:00,gem_global_ensemble,21,0.952,0.048,0,0
2026-08-18,성남시수정구,2026-08-18T16:00,ensemble,143,0.958,0.042,0,0
2026-08-18,성남시수정구,2026-08-18T16:00,icon_seamless_eps,40,1,0,0,0
2026-08-18,성남시수정구,2026-08-18T16:00,ncep_gefs_seamless,31,1,0,0,0
2026-08-18,성남시수정구,2026-08-18T16:00,ecmwf_ifs025_ensemble,51,0.882,0.118,0,0
2026-08-18,성남시수정구,2026-08-18T16:00,gem_global_ensemble,21,1,0,0,0
2026-08-18,성남시수정구,2026-08-18T17:00,ensemble,143,0.958,0.042,0,0
2026-08-18,성남시수정구,2026-08-18T17:00,icon_seamless_eps,40,1,0,0,0
2026-08-18,성남시수정구,2026-08-18T17:00,ncep_gefs_seamless,31,1,0,0,0
2026-08-18,성남시수정구,2026-08-18T17:00,ecmwf_ifs025_ensemble,51,0.882,0.118,0,0
2026-08-18,성남시수정구,2026-08-18T17:00,gem_global_ensemble,21,1,0,0,0
2026-08-18,성남시수정구,2026-08-18T18:00,ensemble,143,0.958,0.042,0,0
2026-08-18,성남시수정구,2026-08-18T18:00,icon_seamless_eps,40,1,0,0,0
2026-08-18,성남시수정구,2026-08-18T18:00,ncep_gefs_seamless,31,1,0,0,0
2026-08-18,성남시수정구,2026-08-18T18:00,ecmwf_ifs025_ensemble,51,0.882,0.118,0,0
2026-08-18,성남시수정구,2026-08-18T18:00,gem_global_ensemble,21,1,0,0,0
2026-08-18,성남시수정구,2026-08-18T19:00,ensemble,143,1,0,0,0
2026-08-18,성남시수정구,2026-08-18T19:00,icon_seamless_eps,40,1,0,0,0
2026-08-18,성남시수정구,2026-08-18T19:00,ncep_gefs_seamless,31,1,0,0,0
2026-08-18,성남시수정구,2026-08-18T19:00,ecmwf_ifs025_ensemble,51,1,0,0,0
2026-08-18,성남시수정구,2026-08-18T19:00,gem_global_ensemble,21,1,0,0,0
2026-08-18,성남시수정구,2026-08-18T20:00,ensemble,143,1,0,0,0
2026-08-18,성남시수정구,2026-08-18T20:00,icon_seamless_eps,40,1,0,0,0
2026-08-18,성남시수정구,2026-08-18T20:00,ncep_gefs_seamless,31,1,0,0,0
2026-08-18,성남시수정구,2026-08-18T20:00,ecmwf_ifs025_ensemble,51,1,0,0,0
2026-08-18,성남시수정구,2026-08-18T20:00,gem_global_ensemble,21,1,0,0,0
2026-08-18,성남시수정구,2026-08-18T21:00,ensemble,143,1,0,0,0
2026-08-18,성남시수정구,2026-08-18T21:00,icon_seamless_eps,40,1,0,0,0
2026-08-18,성남시수정구,2026-08-18T21:00,ncep_gefs_seamless,31,1,0,0,0
2026-08-18,성남시수정구,2026-08-18T21:00,ecmwf_ifs025_ensemble,51,1,0,0,0
2026-08-18,성남시수정구,2026-08-18T21:00,gem_global_ensemble,21,1,0,0,0
2026-08-18,성남시수정구,2026-08-18T22:00,ensemble,143,1,0,0,0
2026-08-18,성남시수정구,2026-08-18T22:00,icon_seamless_eps,40,1,0,0,0
2026-08-18,성남시수정구,2026-08-18T22:00,ncep_gefs_seamless,31,1,0,0,0
2026-08-18,성남시수정구,2026-08-18T22:00,ecmwf_ifs025_ensemble,51,1,0,0,0
2026-08-18,성남시수정구,2026-08-18T22:00,gem_global_ensemble,21,1,0,0,0
2026-08-18,성남시수정구,2026-08-18T23:00,ensemble,143,1,0,0,0
2026-08-18,성남시수정구,2026-08-18T23:00,icon_seamless_eps,40,1,0,0,0
2026-08-18,성남시수정구,2026-08-18T23:00,ncep_gefs_seamless,31,1,0,0,0
2026-08-18,성남시수정구,2026-08-18T23:00,ecmwf_ifs025_ensemble,51,1,0,0,0
2026-08-18,성남시수정구,2026-08-18T23:00,gem_global_ensemble,21,1,0,0,0
2026-08-18,성남시수정구,2026-08-19T00:00,ensemble,143,1,0,0,0
2026-08-18,성남시수정구,2026-08-19T00:00,icon_seamless_eps,40,1,0,0,0
2026-08-18,성남시수정구,2026-08-19T00:00,ncep_gefs_seamless,31,1,0,0,0
2026-08-18,성남시수정구,2026-08-19T00:00,ecmwf_ifs025_ensemble,51,1,0,0,0
2026-08-18,성남시수정구,2026-08-19T00:00,gem_global_ensemble,21,1,0,0,0
2026-08-18,성남시수정구,2026-08-19T01:00,ensemble,143,0.979,0.021,0,0
2026-08-18,성남시수정구,2026-08-19T01:00,icon_seamless_eps,40,1,0,0,0
2026-08-18,성남시수정구,2026-08-19T01:00,ncep_gefs_seamless,31,1,0,0,0
2026-08-18,성남시수정구,2026-08-19T01:00,ecmwf_ifs025_ensemble,51,0.941,0.059,0,0
2026-08-18,성남시수정구,2026-08-19T01:00,gem_global_ensemble,21,1,0,0,0
2026-08-18,성남시수정구,2026-08-19T02:00,ensemble,143,0.979,0.021,0,0
2026-08-18,성남시수정구,2026-08-19T02:00,icon_seamless_eps,40,1,0,0,0
2026-08-18,성남시수정구,2026-08-19T02:00,ncep_gefs_seamless,31,1,0,0,0
2026-08-18,성남시수정구,2026-08-19T02:00,ecmwf_ifs025_ensemble,51,0.941,0.059,0,0
2026-08-18,성남시수정구,2026-08-19T02:00,gem_global_ensemble,21,1,0,0,0
2026-08-18,성남시수정구,2026-08-19T03:00,ensemble,143,0.979,0.021,0,0
2026-08-18,성남시수정구,2026-08-19T03:00,icon_seamless_eps,40,1,0,0,0
2026-08-18,성남시수정구,2026-08-19T03:00,ncep_gefs_seamless,31,1,0,0,0
2026-08-18,성남시수정구,2026-08-19T03:00,ecmwf_ifs025_ensemble,51,0.941,0.059,0,0
2026-08-18,성남시수정구,2026-08-19T03:00,gem_global_ensemble,21,1,0,0,0
2026-08-18,성남시수정구,2026-08-19T04:00,ensemble,143,0.895,0.105,0,0
2026-08-18,성남시수정구,2026-08-19T04:00,icon_seamless_eps,40,1,0,0,0
2026-08-18,성남시수정구,2026-08-19T04:00,ncep_gefs_seamless,31,0.903,0.097,0,0
2026-08-18,성남시수정구,2026-08-19T04:00,ecmwf_ifs025_ensemble,51,0.765,0.235,0,0
2026-08-18,성남시수정구,2026-08-19T04:00,gem_global_ensemble,21,1,0,0,0
2026-08-18,성남시수정구,2026-08-19T05:00,ensemble,143,0.895,0.105,0,0
2026-08-18,성남시수정구,2026-08-19T05:00,icon_seamless_eps,40,1,0,0,0
2026-08-18,성남시수정구,2026-08-19T05:00,ncep_gefs_seamless,31,0.903,0.097,0,0
2026-08-18,성남시수정구,2026-08-19T05:00,ecmwf_ifs025_ensemble,51,0.765,0.235,0,0
2026-08-18,성남시수정구,2026-08-19T05:00,gem_global_ensemble,21,1,0,0,0
2026-08-18,성남시수정구,2026-08-19T06:00,ensemble,143,0.895,0.105,0,0
2026-08-18,성남시수정구,2026-08-19T06:00,icon_seamless_eps,40,1,0,0,0
2026-08-18,성남시수정구,2026-08-19T06:00,ncep_gefs_seamless,31,0.903,0.097,0,0
2026-08-18,성남시수정구,2026-08-19T06:00,ecmwf_ifs025_ensemble,51,0.765,0.235,0,0
2026-08-18,성남시수정구,2026-08-19T06:00,gem_global_ensemble,21,1,0,0,0
2026-08-18,성남시수정구,2026-08-19T07:00,ensemble,143,0.839,0.161,0,0
2026-08-18,성남시수정구,2026-08-19T07:00,icon_seamless_eps,40,1,0,0,0
2026-08-18,성남시수정구,2026-08-19T07:00,ncep_gefs_seamless,31,0.903,0.097,0,0
2026-08-18,성남시수정구,2026-08-19T07:00,ecmwf_ifs025_ensemble,51,0.608,0.392,0,0
2026-08-18,성남시수정구,2026-08-19T07:00,gem_global_ensemble,21,1,0,0,0
2026-08-18,성남시수정구,2026-08-19T08:00,ensemble,143,0.832,0.168,0,0
2026-08-18,성남시수정구,2026-08-19T08:00,icon_seamless_eps,40,0.975,0.025,0,0
2026-08-18,성남시수정구,2026-08-19T08:00,ncep_gefs_seamless,31,0.903,0.097,0,0
2026-08-18,성남시수정구,2026-08-19T08:00,ecmwf_ifs025_ensemble,51,0.608,0.392,0,0
2026-08-18,성남시수정구,2026-08-19T08:00,gem_global_ensemble,21,1,0,0,0
2026-08-18,성남시수정구,2026-08-19T09:00,ensemble,143,0.825,0.175,0,0
2026-08-18,성남시수정구,2026-08-19T09:00,icon_seamless_eps,40,0.95,0.05,0,0
2026-08-18,성남시수정구,2026-08-19T09:00,ncep_gefs_seamless,31,0.903,0.097,0,0
2026-08-18,성남시수정구,2026-08-19T09:00,ecmwf_ifs025_ensemble,51,0.608,0.392,0,0
2026-08-18,성남시수정구,2026-08-19T09:00,gem_global_ensemble,21,1,0,0,0
2026-08-18,성남시수정구,2026-08-19T10:00,ensemble,143,0.678,0.315,0.007,0
2026-08-18,성남시수정구,2026-08-19T10:00,icon_seamless_eps,40,0.9,0.1,0,0
2026-08-18,성남시수정구,2026-08-19T10:00,ncep_gefs_seamless,31,0.871,0.129,0,0
2026-08-18,성남시수정구,2026-08-19T10:00,ecmwf_ifs025_ensemble,51,0.294,0.706,0,0
2026-08-18,성남시수정구,2026-08-19T10:00,gem_global_ensemble,21,0.905,0.048,0.048,0
2026-08-18,성남시수정구,2026-08-19T11:00,ensemble,143,0.678,0.315,0.007,0
2026-08-18,성남시수정구,2026-08-19T11:00,icon_seamless_eps,40,0.9,0.1,0,0
2026-08-18,성남시수정구,2026-08-19T11:00,ncep_gefs_seamless,31,0.871,0.129,0,0
2026-08-18,성남시수정구,2026-08-19T11:00,ecmwf_ifs025_ensemble,51,0.294,0.706,0,0
2026-08-18,성남시수정구,2026-08-19T11:00,gem_global_ensemble,21,0.905,0.048,0.048,0
2026-08-18,성남시수정구,2026-08-19T12:00,ensemble,143,0.678,0.315,0.007,0
2026-08-18,성남시수정구,2026-08-19T12:00,icon_seamless_eps,40,0.9,0.1,0,0
2026-08-18,성남시수정구,2026-08-19T12:00,ncep_gefs_seamless,31,0.871,0.129,0,0
2026-08-18,성남시수정구,2026-08-19T12:00,ecmwf_ifs025_ensemble,51,0.294,0.706,0,0
2026-08-18,성남시수정구,2026-08-19T12:00,gem_global_ensemble,21,0.905,0.048,0.048,0
2026-08-18,성남시수정구,2026-08-19T13:00,ensemble,143,0.706,0.28,0.007,0.007
2026-08-18,성남시수정구,2026-08-19T13:00,icon_seamless_eps,40,0.875,0.1,0.025,0
2026-08-18,성남시수정구,2026-08-19T13:00,ncep_gefs_seamless,31,0.871,0.129,0,0
2026-08-18,성남시수정구,2026-08-19T13:00,ecmwf_ifs025_ensemble,51,0.392,0.608,0,0
2026-08-18,성남시수정구,2026-08-19T13:00,gem_global_ensemble,21,0.905,0.048,0,0.048
2026-08-18,성남시수정구,2026-08-19T14:00,ensemble,143,0.706,0.28,0.007,0.007
2026-08-18,성남시수정구,2026-08-19T14:00,icon_seamless_eps,40,0.875,0.1,0.025,0
2026-08-18,성남시수정구,2026-08-19T14:00,ncep_gefs_seamless,31,0.871,0.129,0,0
2026-08-18,성남시수정구,2026-08-19T14:00,ecmwf_ifs025_ensemble,51,0.392,0.608,0,0
2026-08-18,성남시수정구,2026-08-19T14:00,gem_global_ensemble,21,0.905,0.048,0,0.048
2026-08-18,성남시수정구,2026-08-19T15:00,ensemble,143,0.706,0.28,0.007,0.007
2026-08-18,성남시수정구,2026-08-19T15:00,icon_seamless_eps,40,0.875,0.1,0.025,0
2026-08-18,성남시수정구,2026-08-19T15:00,ncep_gefs_seamless,31,0.871,0.129,0,0
2026-08-18,성남시수정구,2026-08-19T15:00,ecmwf_ifs025_ensemble,51,0.392,0.608,0,0
2026-08-18,성남시수정구,2026-08-19T15:00,gem_global_ensemble,21,0.905,0.048,0,0.048
2026-08-18,성남시수정구,2026-08-19T16:00,ensemble,143,0.86,0.133,0.007,0
2026-08-18,성남시수정구,2026-08-19T16:00,icon_seamless_eps,40,0.95,0.05,0,0
2026-08-18,성남시수정구,2026-08-19T16:00,ncep_gefs_seamless,31,1,0,0,0
2026-08-18,성남시수정구,2026-08-19T16:00,ecmwf_ifs025_ensemble,51,0.667,0.333,0,0
2026-08-18,성남시수정구,2026-08-19T16:00,gem_global_ensemble,21,0.952,0,0.048,0
2026-08-18,성남시수정구,2026-08-19T17:00,ensemble,143,0.86,0.133,0.007,0
2026-08-18,성남시수정구,2026-08-19T17:00,icon_seamless_eps,40,0.95,0.05,0,0
2026-08-18,성남시수정구,2026-08-19T17:00,ncep_gefs_seamless,31,1,0,0,0
2026-08-18,성남시수정구,2026-08-19T17:00,ecmwf_ifs025_ensemble,51,0.667,0.333,0,0
2026-08-18,성남시수정구,2026-08-19T17:00,gem_global_ensemble,21,0.952,0,0.048,0
2026-08-18,성남시수정구,2026-08-19T18:00,ensemble,143,0.86,0.133,0.007,0
2026-08-18,성남시수정구,2026-08-19T18:00,icon_seamless_eps,40,0.95,0.05,0,0
2026-08-18,성남시수정구,2026-08-19T18:00,ncep_gefs_seamless,31,1,0,0,0
2026-08-18,성남시수정구,2026-08-19T18:00,ecmwf_ifs025_ensemble,51,0.667,0.333,0,0
2026-08-18,성남시수정구,2026-08-19T18:00,gem_global_ensemble,21,0.952,0,0.048,0
2026-08-18,성남시수정구,2026-08-19T19:00,ensemble,143,0.972,0.021,0.007,0
2026-08-18,성남시수정구,2026-08-19T19:00,icon_seamless_eps,40,0.975,0.025,0,0
2026-08-18,성남시수정구,2026-08-19T19:00,ncep_gefs_seamless,31,1,0,0,0
2026-08-18,성남시수정구,2026-08-19T19:00,ecmwf_ifs025_ensemble,51,0.98,0.02,0,0
2026-08-18,성남시수정구,2026-08-19T19:00,gem_global_ensemble,21,0.905,0.048,0.048,0
2026-08-18,성남시수정구,2026-08-19T20:00,ensemble,143,0.972,0.021,0.007,0
2026-08-18,성남시수정구,2026-08-19T20:00,icon_seamless_eps,40,0.975,0.025,0,0
2026-08-18,성남시수정구,2026-08-19T20:00,ncep_gefs_seamless,31,1,0,0,0
2026-08-18,성남시수정구,2026-08-19T20:00,ecmwf_ifs025_ensemble,51,0.98,0.02,0,0
2026-08-18,성남시수정구,2026-08-19T20:00,gem_global_ensemble,21,0.905,0.048,0.048,0
2026-08-18,성남시수정구,2026-08-19T21:00,ensemble,143,0.972,0.021,0.007,0
2026-08-18,성남시수정구,2026-08-19T21:00,icon_seamless_eps,40,0.975,0.025,0,0
2026-08-18,성남시수정구,2026-08-19T21:00,ncep_gefs_seamless,31,1,0,0,0
2026-08-18,성남시수정구,2026-08-19T21:00,ecmwf_ifs025_ensemble,51,0.98,0.02,0,0
2026-08-18,성남시수정구,2026-08-19T21:00,gem_global_ensemble,21,0.905,0.048,0.048,0
2026-08-18,성남시수정구,2026-08-19T22:00,ensemble,143,0.944,0.056,0,0
2026-08-18,성남시수정구,2026-08-19T22:00,icon_seamless_eps,40,0.95,0.05,0,0
2026-08-18,성남시수정구,2026-08-19T22:00,ncep_gefs_seamless,31,0.968,0.032,0,0
2026-08-18,성남시수정구,2026-08-19T22:00,ecmwf_ifs025_ensemble,51,0.961,0.039,0,0
2026-08-18,성남시수정구,2026-08-19T22:00,gem_global_ensemble,21,0.857,0.143,0,0
2026-08-18,성남시수정구,2026-08-19T23:00,ensemble,143,0.944,0.056,0,0
2026-08-18,성남시수정구,2026-08-19T23:00,icon_seamless_eps,40,0.95,0.05,0,0
2026-08-18,성남시수정구,2026-08-19T23:00,ncep_gefs_seamless,31,0.968,0.032,0,0
2026-08-18,성남시수정구,2026-08-19T23:00,ecmwf_ifs025_ensemble,51,0.961,0.039,0,0
2026-08-18,성남시수정구,2026-08-19T23:00,gem_global_ensemble,21,0.857,0.143,0,0
2026-08-19,수원시권선구,2026-08-19T00:00,ensemble,143,1,0,0,0
2026-08-19,수원시권선구,2026-08-19T00:00,icon_seamless_eps,40,1,0,0,0
2026-08-19,수원시권선구,2026-08-19T00:00,ncep_gefs_seamless,31,1,0,0,0
2026-08-19,수원시권선구,2026-08-19T00:00,ecmwf_ifs025_ensemble,51,1,0,0,0
2026-08-19,수원시권선구,2026-08-19T00:00,gem_global_ensemble,21,1,0,0,0
2026-08-19,수원시권선구,2026-08-19T01:00,ensemble,143,0.937,0.063,0,0
2026-08-19,수원시권선구,2026-08-19T01:00,icon_seamless_eps,40,1,0,0,0
2026-08-19,수원시권선구,2026-08-19T01:00,ncep_gefs_seamless,31,1,0,0,0
2026-08-19,수원시권선구,2026-08-19T01:00,ecmwf_ifs025_ensemble,51,0.824,0.176,0,0
2026-08-19,수원시권선구,2026-08-19T01:00,gem_global_ensemble,21,1,0,0,0
2026-08-19,수원시권선구,2026-08-19T02:00,ensemble,143,0.937,0.063,0,0
2026-08-19,수원시권선구,2026-08-19T02:00,icon_seamless_eps,40,1,0,0,0
2026-08-19,수원시권선구,2026-08-19T02:00,ncep_gefs_seamless,31,1,0,0,0
2026-08-19,수원시권선구,2026-08-19T02:00,ecmwf_ifs025_ensemble,51,0.824,0.176,0,0
2026-08-19,수원시권선구,2026-08-19T02:00,gem_global_ensemble,21,1,0,0,0
2026-08-19,수원시권선구,2026-08-19T03:00,ensemble,143,0.937,0.063,0,0
2026-08-19,수원시권선구,2026-08-19T03:00,icon_seamless_eps,40,1,0,0,0
2026-08-19,수원시권선구,2026-08-19T03:00,ncep_gefs_seamless,31,1,0,0,0
2026-08-19,수원시권선구,2026-08-19T03:00,ecmwf_ifs025_ensemble,51,0.824,0.176,0,0
2026-08-19,수원시권선구,2026-08-19T03:00,gem_global_ensemble,21,1,0,0,0
2026-08-19,수원시권선구,2026-08-19T04:00,ensemble,143,0.769,0.231,0,0
2026-08-19,수원시권선구,2026-08-19T04:00,icon_seamless_eps,40,1,0,0,0
2026-08-19,수원시권선구,2026-08-19T04:00,ncep_gefs_seamless,31,0.935,0.065,0,0
2026-08-19,수원시권선구,2026-08-19T04:00,ecmwf_ifs025_ensemble,51,0.471,0.529,0,0
2026-08-19,수원시권선구,2026-08-19T04:00,gem_global_ensemble,21,0.81,0.19,0,0
2026-08-19,수원시권선구,2026-08-19T05:00,ensemble,143,0.769,0.231,0,0
2026-08-19,수원시권선구,2026-08-19T05:00,icon_seamless_eps,40,1,0,0,0
2026-08-19,수원시권선구,2026-08-19T05:00,ncep_gefs_seamless,31,0.935,0.065,0,0
2026-08-19,수원시권선구,2026-08-19T05:00,ecmwf_ifs025_ensemble,51,0.471,0.529,0,0
2026-08-19,수원시권선구,2026-08-19T05:00,gem_global_ensemble,21,0.81,0.19,0,0
2026-08-19,수원시권선구,2026-08-19T06:00,ensemble,143,0.769,0.231,0,0
2026-08-19,수원시권선구,2026-08-19T06:00,icon_seamless_eps,40,1,0,0,0
2026-08-19,수원시권선구,2026-08-19T06:00,ncep_gefs_seamless,31,0.935,0.065,0,0
2026-08-19,수원시권선구,2026-08-19T06:00,ecmwf_ifs025_ensemble,51,0.471,0.529,0,0
2026-08-19,수원시권선구,2026-08-19T06:00,gem_global_ensemble,21,0.81,0.19,0,0
2026-08-19,수원시권선구,2026-08-19T07:00,ensemble,143,0.72,0.28,0,0
2026-08-19,수원시권선구,2026-08-19T07:00,icon_seamless_eps,40,1,0,0,0
2026-08-19,수원시권선구,2026-08-19T07:00,ncep_gefs_seamless,31,0.968,0.032,0,0
2026-08-19,수원시권선구,2026-08-19T07:00,ecmwf_ifs025_ensemble,51,0.314,0.686,0,0
2026-08-19,수원시권선구,2026-08-19T07:00,gem_global_ensemble,21,0.81,0.19,0,0
2026-08-19,수원시권선구,2026-08-19T08:00,ensemble,143,0.72,0.28,0,0
2026-08-19,수원시권선구,2026-08-19T08:00,icon_seamless_eps,40,1,0,0,0
2026-08-19,수원시권선구,2026-08-19T08:00,ncep_gefs_seamless,31,0.968,0.032,0,0
2026-08-19,수원시권선구,2026-08-19T08:00,ecmwf_ifs025_ensemble,51,0.314,0.686,0,0
2026-08-19,수원시권선구,2026-08-19T08:00,gem_global_ensemble,21,0.81,0.19,0,0
2026-08-19,수원시권선구,2026-08-19T09:00,ensemble,143,0.72,0.28,0,0
2026-08-19,수원시권선구,2026-08-19T09:00,icon_seamless_eps,40,1,0,0,0
2026-08-19,수원시권선구,2026-08-19T09:00,ncep_gefs_seamless,31,0.968,0.032,0,0
2026-08-19,수원시권선구,2026-08-19T09:00,ecmwf_ifs025_ensemble,51,0.314,0.686,0,0
2026-08-19,수원시권선구,2026-08-19T09:00,gem_global_ensemble,21,0.81,0.19,0,0
2026-08-19,수원시권선구,2026-08-19T10:00,ensemble,143,0.678,0.322,0,0
2026-08-19,수원시권선구,2026-08-19T10:00,icon_seamless_eps,40,1,0,0,0
2026-08-19,수원시권선구,2026-08-19T10:00,ncep_gefs_seamless,31,0.903,0.097,0,0
2026-08-19,수원시권선구,2026-08-19T10:00,ecmwf_ifs025_ensemble,51,0.235,0.765,0,0
2026-08-19,수원시권선구,2026-08-19T10:00,gem_global_ensemble,21,0.81,0.19,0,0
2026-08-19,수원시권선구,2026-08-19T11:00,ensemble,143,0.671,0.329,0,0
2026-08-19,수원시권선구,2026-08-19T11:00,icon_seamless_eps,40,0.975,0.025,0,0
2026-08-19,수원시권선구,2026-08-19T11:00,ncep_gefs_seamless,31,0.903,0.097,0,0
2026-08-19,수원시권선구,2026-08-19T11:00,ecmwf_ifs025_ensemble,51,0.235,0.765,0,0
2026-08-19,수원시권선구,2026-08-19T11:00,gem_global_ensemble,21,0.81,0.19,0,0
2026-08-19,수원시권선구,2026-08-19T12:00,ensemble,143,0.671,0.329,0,0
2026-08-19,수원시권선구,2026-08-19T12:00,icon_seamless_eps,40,0.975,0.025,0,0
2026-08-19,수원시권선구,2026-08-19T12:00,ncep_gefs_seamless,31,0.903,0.097,0,0
2026-08-19,수원시권선구,2026-08-19T12:00,ecmwf_ifs025_ensemble,51,0.235,0.765,0,0
2026-08-19,수원시권선구,2026-08-19T12:00,gem_global_ensemble,21,0.81,0.19,0,0
2026-08-19,수원시권선구,2026-08-19T13:00,ensemble,143,0.825,0.175,0,0
2026-08-19,수원시권선구,2026-08-19T13:00,icon_seamless_eps,40,0.975,0.025,0,0
2026-08-19,수원시권선구,2026-08-19T13:00,ncep_gefs_seamless,31,0.871,0.129,0,0
2026-08-19,수원시권선구,2026-08-19T13:00,ecmwf_ifs025_ensemble,51,0.608,0.392,0,0
2026-08-19,수원시권선구,2026-08-19T13:00,gem_global_ensemble,21,1,0,0,0
2026-08-19,수원시권선구,2026-08-19T14:00,ensemble,143,0.832,0.168,0,0
2026-08-19,수원시권선구,2026-08-19T14:00,icon_seamless_eps,40,1,0,0,0
2026-08-19,수원시권선구,2026-08-19T14:00,ncep_gefs_seamless,31,0.871,0.129,0,0
2026-08-19,수원시권선구,2026-08-19T14:00,ecmwf_ifs025_ensemble,51,0.608,0.392,0,0
2026-08-19,수원시권선구,2026-08-19T14:00,gem_global_ensemble,21,1,0,0,0
2026-08-19,수원시권선구,2026-08-19T15:00,ensemble,143,0.832,0.168,0,0
2026-08-19,수원시권선구,2026-08-19T15:00,icon_seamless_eps,40,1,0,0,0
2026-08-19,수원시권선구,2026-08-19T15:00,ncep_gefs_seamless,31,0.871,0.129,0,0
2026-08-19,수원시권선구,2026-08-19T15:00,ecmwf_ifs025_ensemble,51,0.608,0.392,0,0
2026-08-19,수원시권선구,2026-08-19T15:00,gem_global_ensemble,21,1,0,0,0
2026-08-19,수원시권선구,2026-08-19T16:00,ensemble,143,0.958,0.042,0,0
2026-08-19,수원시권선구,2026-08-19T16:00,icon_seamless_eps,40,1,0,0,0
2026-08-19,수원시권선구,2026-08-19T16:00,ncep_gefs_seamless,31,0.935,0.065,0,0
2026-08-19,수원시권선구,2026-08-19T16:00,ecmwf_ifs025_ensemble,51,0.941,0.059,0,0
2026-08-19,수원시권선구,2026-08-19T16:00,gem_global_ensemble,21,0.952,0.048,0,0
2026-08-19,수원시권선구,2026-08-19T17:00,ensemble,143,0.958,0.042,0,0
2026-08-19,수원시권선구,2026-08-19T17:00,icon_seamless_eps,40,1,0,0,0
2026-08-19,수원시권선구,2026-08-19T17:00,ncep_gefs_seamless,31,0.935,0.065,0,0
2026-08-19,수원시권선구,2026-08-19T17:00,ecmwf_ifs025_ensemble,51,0.941,0.059,0,0
2026-08-19,수원시권선구,2026-08-19T17:00,gem_global_ensemble,21,0.952,0.048,0,0
2026-08-19,수원시권선구,2026-08-19T18:00,ensemble,143,0.958,0.042,0,0
2026-08-19,수원시권선구,2026-08-19T18:00,icon_seamless_eps,40,1,0,0,0
2026-08-19,수원시권선구,2026-08-19T18:00,ncep_gefs_seamless,31,0.935,0.065,0,0
2026-08-19,수원시권선구,2026-08-19T18:00,ecmwf_ifs025_ensemble,51,0.941,0.059,0,0
2026-08-19,수원시권선구,2026-08-19T18:00,gem_global_ensemble,21,0.952,0.048,0,0
2026-08-19,수원시권선구,2026-08-19T19:00,ensemble,143,0.993,0.007,0,0
2026-08-19,수원시권선구,2026-08-19T19:00,icon_seamless_eps,40,1,0,0,0
2026-08-19,수원시권선구,2026-08-19T19:00,ncep_gefs_seamless,31,1,0,0,0
2026-08-19,수원시권선구,2026-08-19T19:00,ecmwf_ifs025_ensemble,51,0.98,0.02,0,0
2026-08-19,수원시권선구,2026-08-19T19:00,gem_global_ensemble,21,1,0,0,0
2026-08-19,수원시권선구,2026-08-19T20:00,ensemble,143,0.993,0.007,0,0
2026-08-19,수원시권선구,2026-08-19T20:00,icon_seamless_eps,40,1,0,0,0
2026-08-19,수원시권선구,2026-08-19T20:00,ncep_gefs_seamless,31,1,0,0,0
2026-08-19,수원시권선구,2026-08-19T20:00,ecmwf_ifs025_ensemble,51,0.98,0.02,0,0
2026-08-19,수원시권선구,2026-08-19T20:00,gem_global_ensemble,21,1,0,0,0
2026-08-19,수원시권선구,2026-08-19T21:00,ensemble,143,0.993,0.007,0,0
2026-08-19,수원시권선구,2026-08-19T21:00,icon_seamless_eps,40,1,0,0,0
2026-08-19,수원시권선구,2026-08-19T21:00,ncep_gefs_seamless,31,1,0,0,0
2026-08-19,수원시권선구,2026-08-19T21:00,ecmwf_ifs025_ensemble,51,0.98,0.02,0,0
2026-08-19,수원시권선구,2026-08-19T21:00,gem_global_ensemble,21,1,0,0,0
2026-08-19,수원시권선구,2026-08-19T22:00,ensemble,143,0.972,0.028,0,0
2026-08-19,수원시권선구,2026-08-19T22:00,icon_seamless_eps,40,1,0,0,0
2026-08-19,수원시권선구,2026-08-19T22:00,ncep_gefs_seamless,31,0.968,0.032,0,0
2026-08-19,수원시권선구,2026-08-19T22:00,ecmwf_ifs025_ensemble,51,0.961,0.039,0,0
2026-08-19,수원시권선구,2026-08-19T22:00,gem_global_ensemble,21,0.952,0.048,0,0
2026-08-19,수원시권선구,2026-08-19T23:00,ensemble,143,0.972,0.028,0,0
2026-08-19,수원시권선구,2026-08-19T23:00,icon_seamless_eps,40,1,0,0,0
2026-08-19,수원시권선구,2026-08-19T23:00,ncep_gefs_seamless,31,0.968,0.032,0,0
2026-08-19,수원시권선구,2026-08-19T23:00,ecmwf_ifs025_ensemble,51,0.961,0.039,0,0
2026-08-19,수원시권선구,2026-08-19T23:00,gem_global_ensemble,21,0.952,0.048,0,0
2026-08-19,수원시권선구,2026-08-20T00:00,ensemble,143,0.972,0.028,0,0
2026-08-19,수원시권선구,2026-08-20T00:00,icon_seamless_eps,40,1,0,0,0
2026-08-19,수원시권선구,2026-08-20T00:00,ncep_gefs_seamless,31,0.968,0.032,0,0
2026-08-19,수원시권선구,2026-08-20T00:00,ecmwf_ifs025_ensemble,51,0.961,0.039,0,0
2026-08-19,수원시권선구,2026-08-20T00:00,gem_global_ensemble,21,0.952,0.048,0,0
2026-08-19,수원시권선구,2026-08-20T01:00,ensemble,143,0.895,0.105,0,0
2026-08-19,수원시권선구,2026-08-20T01:00,icon_seamless_eps,40,0.95,0.05,0,0
2026-08-19,수원시권선구,2026-08-20T01:00,ncep_gefs_seamless,31,0.774,0.226,0,0
2026-08-19,수원시권선구,2026-08-20T01:00,ecmwf_ifs025_ensemble,51,0.922,0.078,0,0
2026-08-19,수원시권선구,2026-08-20T01:00,gem_global_ensemble,21,0.905,0.095,0,0
2026-08-19,수원시권선구,2026-08-20T02:00,ensemble,143,0.895,0.098,0.007,0
2026-08-19,수원시권선구,2026-08-20T02:00,icon_seamless_eps,40,0.95,0.025,0.025,0
2026-08-19,수원시권선구,2026-08-20T02:00,ncep_gefs_seamless,31,0.774,0.226,0,0
2026-08-19,수원시권선구,2026-08-20T02:00,ecmwf_ifs025_ensemble,51,0.922,0.078,0,0
2026-08-19,수원시권선구,2026-08-20T02:00,gem_global_ensemble,21,0.905,0.095,0,0
2026-08-19,수원시권선구,2026-08-20T03:00,ensemble,143,0.888,0.105,0.007,0
2026-08-19,수원시권선구,2026-08-20T03:00,icon_seamless_eps,40,0.925,0.05,0.025,0
2026-08-19,수원시권선구,2026-08-20T03:00,ncep_gefs_seamless,31,0.774,0.226,0,0
2026-08-19,수원시권선구,2026-08-20T03:00,ecmwf_ifs025_ensemble,51,0.922,0.078,0,0
2026-08-19,수원시권선구,2026-08-20T03:00,gem_global_ensemble,21,0.905,0.095,0,0
2026-08-19,수원시권선구,2026-08-20T04:00,ensemble,143,0.825,0.133,0.042,0
2026-08-19,수원시권선구,2026-08-20T04:00,icon_seamless_eps,40,0.9,0.075,0.025,0
2026-08-19,수원시권선구,2026-08-20T04:00,ncep_gefs_seamless,31,0.613,0.29,0.097,0
2026-08-19,수원시권선구,2026-08-20T04:00,ecmwf_ifs025_ensemble,51,0.882,0.098,0.02,0
2026-08-19,수원시권선구,2026-08-20T04:00,gem_global_ensemble,21,0.857,0.095,0.048,0
2026-08-19,수원시권선구,2026-08-20T05:00,ensemble,143,0.811,0.14,0.049,0
2026-08-19,수원시권선구,2026-08-20T05:00,icon_seamless_eps,40,0.85,0.1,0.05,0
2026-08-19,수원시권선구,2026-08-20T05:00,ncep_gefs_seamless,31,0.613,0.29,0.097,0
2026-08-19,수원시권선구,2026-08-20T05:00,ecmwf_ifs025_ensemble,51,0.882,0.098,0.02,0
2026-08-19,수원시권선구,2026-08-20T05:00,gem_global_ensemble,21,0.857,0.095,0.048,0
2026-08-19,수원시권선구,2026-08-20T06:00,ensemble,143,0.818,0.133,0.049,0
2026-08-19,수원시권선구,2026-08-20T06:00,icon_seamless_eps,40,0.875,0.075,0.05,0
2026-08-19,수원시권선구,2026-08-20T06:00,ncep_gefs_seamless,31,0.613,0.29,0.097,0
2026-08-19,수원시권선구,2026-08-20T06:00,ecmwf_ifs025_ensemble,51,0.882,0.098,0.02,0
2026-08-19,수원시권선구,2026-08-20T06:00,gem_global_ensemble,21,0.857,0.095,0.048,0
2026-08-19,수원시권선구,2026-08-20T07:00,ensemble,143,0.755,0.196,0.049,0
2026-08-19,수원시권선구,2026-08-20T07:00,icon_seamless_eps,40,0.85,0.075,0.075,0
2026-08-19,수원시권선구,2026-08-20T07:00,ncep_gefs_seamless,31,0.516,0.387,0.097,0
2026-08-19,수원시권선구,2026-08-20T07:00,ecmwf_ifs025_ensemble,51,0.765,0.216,0.02,0
2026-08-19,수원시권선구,2026-08-20T07:00,gem_global_ensemble,21,0.905,0.095,0,0
2026-08-19,수원시권선구,2026-08-20T08:00,ensemble,143,0.762,0.203,0.035,0
2026-08-19,수원시권선구,2026-08-20T08:00,icon_seamless_eps,40,0.875,0.1,0.025,0
2026-08-19,수원시권선구,2026-08-20T08:00,ncep_gefs_seamless,31,0.516,0.387,0.097,0
2026-08-19,수원시권선구,2026-08-20T08:00,ecmwf_ifs025_ensemble,51,0.765,0.216,0.02,0
2026-08-19,수원시권선구,2026-08-20T08:00,gem_global_ensemble,21,0.905,0.095,0,0
2026-08-19,수원시권선구,2026-08-20T09:00,ensemble,143,0.769,0.196,0.035,0
2026-08-19,수원시권선구,2026-08-20T09:00,icon_seamless_eps,40,0.9,0.075,0.025,0
2026-08-19,수원시권선구,2026-08-20T09:00,ncep_gefs_seamless,31,0.516,0.387,0.097,0
2026-08-19,수원시권선구,2026-08-20T09:00,ecmwf_ifs025_ensemble,51,0.765,0.216,0.02,0
2026-08-19,수원시권선구,2026-08-20T09:00,gem_global_ensemble,21,0.905,0.095,0,0
2026-08-19,수원시권선구,2026-08-20T10:00,ensemble,143,0.783,0.189,0.028,0
2026-08-19,수원시권선구,2026-08-20T10:00,icon_seamless_eps,40,0.925,0.05,0.025,0
2026-08-19,수원시권선구,2026-08-20T10:00,ncep_gefs_seamless,31,0.613,0.29,0.097,0
2026-08-19,수원시권선구,2026-08-20T10:00,ecmwf_ifs025_ensemble,51,0.706,0.294,0,0
2026-08-19,수원시권선구,2026-08-20T10:00,gem_global_ensemble,21,0.952,0.048,0,0
2026-08-19,수원시권선구,2026-08-20T11:00,ensemble,143,0.783,0.189,0.028,0
2026-08-19,수원시권선구,2026-08-20T11:00,icon_seamless_eps,40,0.925,0.05,0.025,0
2026-08-19,수원시권선구,2026-08-20T11:00,ncep_gefs_seamless,31,0.613,0.29,0.097,0
2026-08-19,수원시권선구,2026-08-20T11:00,ecmwf_ifs025_ensemble,51,0.706,0.294,0,0
2026-08-19,수원시권선구,2026-08-20T11:00,gem_global_ensemble,21,0.952,0.048,0,0
2026-08-19,수원시권선구,2026-08-20T12:00,ensemble,143,0.783,0.189,0.028,0
2026-08-19,수원시권선구,2026-08-20T12:00,icon_seamless_eps,40,0.925,0.05,0.025,0
2026-08-19,수원시권선구,2026-08-20T12:00,ncep_gefs_seamless,31,0.613,0.29,0.097,0
2026-08-19,수원시권선구,2026-08-20T12:00,ecmwf_ifs025_ensemble,51,0.706,0.294,0,0
2026-08-19,수원시권선구,2026-08-20T12:00,gem_global_ensemble,21,0.952,0.048,0,0
2026-08-19,수원시권선구,2026-08-20T13:00,ensemble,143,0.79,0.189,0.021,0
2026-08-19,수원시권선구,2026-08-20T13:00,icon_seamless_eps,40,0.85,0.125,0.025,0
2026-08-19,수원시권선구,2026-08-20T13:00,ncep_gefs_seamless,31,0.71,0.258,0.032,0
2026-08-19,수원시권선구,2026-08-20T13:00,ecmwf_ifs025_ensemble,51,0.725,0.255,0.02,0
2026-08-19,수원시권선구,2026-08-20T13:00,gem_global_ensemble,21,0.952,0.048,0,0
2026-08-19,수원시권선구,2026-08-20T14:00,ensemble,143,0.79,0.189,0.021,0
2026-08-19,수원시권선구,2026-08-20T14:00,icon_seamless_eps,40,0.85,0.125,0.025,0
2026-08-19,수원시권선구,2026-08-20T14:00,ncep_gefs_seamless,31,0.71,0.258,0.032,0
2026-08-19,수원시권선구,2026-08-20T14:00,ecmwf_ifs025_ensemble,51,0.725,0.255,0.02,0
2026-08-19,수원시권선구,2026-08-20T14:00,gem_global_ensemble,21,0.952,0.048,0,0
2026-08-19,수원시권선구,2026-08-20T15:00,ensemble,143,0.79,0.189,0.021,0
2026-08-19,수원시권선구,2026-08-20T15:00,icon_seamless_eps,40,0.85,0.125,0.025,0
2026-08-19,수원시권선구,2026-08-20T15:00,ncep_gefs_seamless,31,0.71,0.258,0.032,0
2026-08-19,수원시권선구,2026-08-20T15:00,ecmwf_ifs025_ensemble,51,0.725,0.255,0.02,0
2026-08-19,수원시권선구,2026-08-20T15:00,gem_global_ensemble,21,0.952,0.048,0,0
2026-08-19,수원시권선구,2026-08-20T16:00,ensemble,143,0.839,0.133,0.028,0
2026-08-19,수원시권선구,2026-08-20T16:00,icon_seamless_eps,40,0.9,0.075,0.025,0
2026-08-19,수원시권선구,2026-08-20T16:00,ncep_gefs_seamless,31,0.871,0.097,0.032,0
2026-08-19,수원시권선구,2026-08-20T16:00,ecmwf_ifs025_ensemble,51,0.745,0.235,0.02,0
2026-08-19,수원시권선구,2026-08-20T16:00,gem_global_ensemble,21,0.905,0.048,0.048,0
2026-08-19,수원시권선구,2026-08-20T17:00,ensemble,143,0.839,0.133,0.028,0
2026-08-19,수원시권선구,2026-08-20T17:00,icon_seamless_eps,40,0.9,0.075,0.025,0
2026-08-19,수원시권선구,2026-08-20T17:00,ncep_gefs_seamless,31,0.871,0.097,0.032,0
2026-08-19,수원시권선구,2026-08-20T17:00,ecmwf_ifs025_ensemble,51,0.745,0.235,0.02,0
2026-08-19,수원시권선구,2026-08-20T17:00,gem_global_ensemble,21,0.905,0.048,0.048,0
2026-08-19,수원시권선구,2026-08-20T18:00,ensemble,143,0.839,0.133,0.028,0
2026-08-19,수원시권선구,2026-08-20T18:00,icon_seamless_eps,40,0.9,0.075,0.025,0
2026-08-19,수원시권선구,2026-08-20T18:00,ncep_gefs_seamless,31,0.871,0.097,0.032,0
2026-08-19,수원시권선구,2026-08-20T18:00,ecmwf_ifs025_ensemble,51,0.745,0.235,0.02,0
2026-08-19,수원시권선구,2026-08-20T18:00,gem_global_ensemble,21,0.905,0.048,0.048,0
2026-08-19,수원시권선구,2026-08-20T19:00,ensemble,143,0.909,0.084,0.007,0
2026-08-19,수원시권선구,2026-08-20T19:00,icon_seamless_eps,40,0.925,0.075,0,0
2026-08-19,수원시권선구,2026-08-20T19:00,ncep_gefs_seamless,31,0.839,0.161,0,0
2026-08-19,수원시권선구,2026-08-20T19:00,ecmwf_ifs025_ensemble,51,0.941,0.039,0.02,0
2026-08-19,수원시권선구,2026-08-20T19:00,gem_global_ensemble,21,0.905,0.095,0,0
2026-08-19,수원시권선구,2026-08-20T20:00,ensemble,143,0.909,0.084,0.007,0
2026-08-19,수원시권선구,2026-08-20T20:00,icon_seamless_eps,40,0.925,0.075,0,0
2026-08-19,수원시권선구,2026-08-20T20:00,ncep_gefs_seamless,31,0.839,0.161,0,0
2026-08-19,수원시권선구,2026-08-20T20:00,ecmwf_ifs025_ensemble,51,0.941,0.039,0.02,0
2026-08-19,수원시권선구,2026-08-20T20:00,gem_global_ensemble,21,0.905,0.095,0,0
2026-08-19,수원시권선구,2026-08-20T21:00,ensemble,143,0.909,0.084,0.007,0
2026-08-19,수원시권선구,2026-08-20T21:00,icon_seamless_eps,40,0.925,0.075,0,0
2026-08-19,수원시권선구,2026-08-20T21:00,ncep_gefs_seamless,31,0.839,0.161,0,0
2026-08-19,수원시권선구,2026-08-20T21:00,ecmwf_ifs025_ensemble,51,0.941,0.039,0.02,0
2026-08-19,수원시권선구,2026-08-20T21:00,gem_global_ensemble,21,0.905,0.095,0,0
2026-08-19,수원시권선구,2026-08-20T22:00,ensemble,143,0.867,0.126,0.007,0
2026-08-19,수원시권선구,2026-08-20T22:00,icon_seamless_eps,40,0.95,0.05,0,0
2026-08-19,수원시권선구,2026-08-20T22:00,ncep_gefs_seamless,31,0.645,0.323,0.032,0
2026-08-19,수원시권선구,2026-08-20T22:00,ecmwf_ifs025_ensemble,51,0.922,0.078,0,0
2026-08-19,수원시권선구,2026-08-20T22:00,gem_global_ensemble,21,0.905,0.095,0,0
2026-08-19,수원시권선구,2026-08-20T23:00,ensemble,143,0.867,0.126,0.007,0
2026-08-19,수원시권선구,2026-08-20T23:00,icon_seamless_eps,40,0.95,0.05,0,0
2026-08-19,수원시권선구,2026-08-20T23:00,ncep_gefs_seamless,31,0.645,0.323,0.032,0
2026-08-19,수원시권선구,2026-08-20T23:00,ecmwf_ifs025_ensemble,51,0.922,0.078,0,0
2026-08-19,수원시권선구,2026-08-20T23:00,gem_global_ensemble,21,0.905,0.095,0,0
2026-08-19,성남시수정구,2026-08-19T00:00,ensemble,143,1,0,0,0
2026-08-19,성남시수정구,2026-08-19T00:00,icon_seamless_eps,40,1,0,0,0
2026-08-19,성남시수정구,2026-08-19T00:00,ncep_gefs_seamless,31,1,0,0,0
2026-08-19,성남시수정구,2026-08-19T00:00,ecmwf_ifs025_ensemble,51,1,0,0,0
2026-08-19,성남시수정구,2026-08-19T00:00,gem_global_ensemble,21,1,0,0,0
2026-08-19,성남시수정구,2026-08-19T01:00,ensemble,143,0.874,0.126,0,0
2026-08-19,성남시수정구,2026-08-19T01:00,icon_seamless_eps,40,1,0,0,0
2026-08-19,성남시수정구,2026-08-19T01:00,ncep_gefs_seamless,31,1,0,0,0
2026-08-19,성남시수정구,2026-08-19T01:00,ecmwf_ifs025_ensemble,51,0.647,0.353,0,0
2026-08-19,성남시수정구,2026-08-19T01:00,gem_global_ensemble,21,1,0,0,0
2026-08-19,성남시수정구,2026-08-19T02:00,ensemble,143,0.874,0.126,0,0
2026-08-19,성남시수정구,2026-08-19T02:00,icon_seamless_eps,40,1,0,0,0
2026-08-19,성남시수정구,2026-08-19T02:00,ncep_gefs_seamless,31,1,0,0,0
2026-08-19,성남시수정구,2026-08-19T02:00,ecmwf_ifs025_ensemble,51,0.647,0.353,0,0
2026-08-19,성남시수정구,2026-08-19T02:00,gem_global_ensemble,21,1,0,0,0
2026-08-19,성남시수정구,2026-08-19T03:00,ensemble,143,0.874,0.126,0,0
2026-08-19,성남시수정구,2026-08-19T03:00,icon_seamless_eps,40,1,0,0,0
2026-08-19,성남시수정구,2026-08-19T03:00,ncep_gefs_seamless,31,1,0,0,0
2026-08-19,성남시수정구,2026-08-19T03:00,ecmwf_ifs025_ensemble,51,0.647,0.353,0,0
2026-08-19,성남시수정구,2026-08-19T03:00,gem_global_ensemble,21,1,0,0,0
2026-08-19,성남시수정구,2026-08-19T04:00,ensemble,143,0.748,0.252,0,0
2026-08-19,성남시수정구,2026-08-19T04:00,icon_seamless_eps,40,1,0,0,0
2026-08-19,성남시수정구,2026-08-19T04:00,ncep_gefs_seamless,31,0.903,0.097,0,0
2026-08-19,성남시수정구,2026-08-19T04:00,ecmwf_ifs025_ensemble,51,0.431,0.569,0,0
2026-08-19,성남시수정구,2026-08-19T04:00,gem_global_ensemble,21,0.81,0.19,0,0
2026-08-19,성남시수정구,2026-08-19T05:00,ensemble,143,0.748,0.252,0,0
2026-08-19,성남시수정구,2026-08-19T05:00,icon_seamless_eps,40,1,0,0,0
2026-08-19,성남시수정구,2026-08-19T05:00,ncep_gefs_seamless,31,0.903,0.097,0,0
2026-08-19,성남시수정구,2026-08-19T05:00,ecmwf_ifs025_ensemble,51,0.431,0.569,0,0
2026-08-19,성남시수정구,2026-08-19T05:00,gem_global_ensemble,21,0.81,0.19,0,0
2026-08-19,성남시수정구,2026-08-19T06:00,ensemble,143,0.748,0.252,0,0
2026-08-19,성남시수정구,2026-08-19T06:00,icon_seamless_eps,40,1,0,0,0
2026-08-19,성남시수정구,2026-08-19T06:00,ncep_gefs_seamless,31,0.903,0.097,0,0
2026-08-19,성남시수정구,2026-08-19T06:00,ecmwf_ifs025_ensemble,51,0.431,0.569,0,0
2026-08-19,성남시수정구,2026-08-19T06:00,gem_global_ensemble,21,0.81,0.19,0,0
2026-08-19,성남시수정구,2026-08-19T07:00,ensemble,143,0.706,0.294,0,0
2026-08-19,성남시수정구,2026-08-19T07:00,icon_seamless_eps,40,1,0,0,0
2026-08-19,성남시수정구,2026-08-19T07:00,ncep_gefs_seamless,31,0.968,0.032,0,0
2026-08-19,성남시수정구,2026-08-19T07:00,ecmwf_ifs025_ensemble,51,0.275,0.725,0,0
2026-08-19,성남시수정구,2026-08-19T07:00,gem_global_ensemble,21,0.81,0.19,0,0
2026-08-19,성남시수정구,2026-08-19T08:00,ensemble,143,0.706,0.294,0,0
2026-08-19,성남시수정구,2026-08-19T08:00,icon_seamless_eps,40,1,0,0,0
2026-08-19,성남시수정구,2026-08-19T08:00,ncep_gefs_seamless,31,0.968,0.032,0,0
2026-08-19,성남시수정구,2026-08-19T08:00,ecmwf_ifs025_ensemble,51,0.275,0.725,0,0
2026-08-19,성남시수정구,2026-08-19T08:00,gem_global_ensemble,21,0.81,0.19,0,0
2026-08-19,성남시수정구,2026-08-19T09:00,ensemble,143,0.706,0.294,0,0
2026-08-19,성남시수정구,2026-08-19T09:00,icon_seamless_eps,40,1,0,0,0
2026-08-19,성남시수정구,2026-08-19T09:00,ncep_gefs_seamless,31,0.968,0.032,0,0
2026-08-19,성남시수정구,2026-08-19T09:00,ecmwf_ifs025_ensemble,51,0.275,0.725,0,0
2026-08-19,성남시수정구,2026-08-19T09:00,gem_global_ensemble,21,0.81,0.19,0,0
2026-08-19,성남시수정구,2026-08-19T10:00,ensemble,143,0.678,0.322,0,0
2026-08-19,성남시수정구,2026-08-19T10:00,icon_seamless_eps,40,1,0,0,0
2026-08-19,성남시수정구,2026-08-19T10:00,ncep_gefs_seamless,31,0.903,0.097,0,0
2026-08-19,성남시수정구,2026-08-19T10:00,ecmwf_ifs025_ensemble,51,0.235,0.765,0,0
2026-08-19,성남시수정구,2026-08-19T10:00,gem_global_ensemble,21,0.81,0.19,0,0
2026-08-19,성남시수정구,2026-08-19T11:00,ensemble,143,0.671,0.329,0,0
2026-08-19,성남시수정구,2026-08-19T11:00,icon_seamless_eps,40,0.975,0.025,0,0
2026-08-19,성남시수정구,2026-08-19T11:00,ncep_gefs_seamless,31,0.903,0.097,0,0
2026-08-19,성남시수정구,2026-08-19T11:00,ecmwf_ifs025_ensemble,51,0.235,0.765,0,0
2026-08-19,성남시수정구,2026-08-19T11:00,gem_global_ensemble,21,0.81,0.19,0,0
2026-08-19,성남시수정구,2026-08-19T12:00,ensemble,143,0.678,0.322,0,0
2026-08-19,성남시수정구,2026-08-19T12:00,icon_seamless_eps,40,1,0,0,0
2026-08-19,성남시수정구,2026-08-19T12:00,ncep_gefs_seamless,31,0.903,0.097,0,0
2026-08-19,성남시수정구,2026-08-19T12:00,ecmwf_ifs025_ensemble,51,0.235,0.765,0,0
2026-08-19,성남시수정구,2026-08-19T12:00,gem_global_ensemble,21,0.81,0.19,0,0
2026-08-19,성남시수정구,2026-08-19T13:00,ensemble,143,0.86,0.14,0,0
2026-08-19,성남시수정구,2026-08-19T13:00,icon_seamless_eps,40,1,0,0,0
2026-08-19,성남시수정구,2026-08-19T13:00,ncep_gefs_seamless,31,1,0,0,0
2026-08-19,성남시수정구,2026-08-19T13:00,ecmwf_ifs025_ensemble,51,0.608,0.392,0,0
2026-08-19,성남시수정구,2026-08-19T13:00,gem_global_ensemble,21,1,0,0,0
2026-08-19,성남시수정구,2026-08-19T14:00,ensemble,143,0.853,0.147,0,0
2026-08-19,성남시수정구,2026-08-19T14:00,icon_seamless_eps,40,0.975,0.025,0,0
2026-08-19,성남시수정구,2026-08-19T14:00,ncep_gefs_seamless,31,1,0,0,0
2026-08-19,성남시수정구,2026-08-19T14:00,ecmwf_ifs025_ensemble,51,0.608,0.392,0,0
2026-08-19,성남시수정구,2026-08-19T14:00,gem_global_ensemble,21,1,0,0,0
2026-08-19,성남시수정구,2026-08-19T15:00,ensemble,143,0.853,0.147,0,0
2026-08-19,성남시수정구,2026-08-19T15:00,icon_seamless_eps,40,0.975,0.025,0,0
2026-08-19,성남시수정구,2026-08-19T15:00,ncep_gefs_seamless,31,1,0,0,0
2026-08-19,성남시수정구,2026-08-19T15:00,ecmwf_ifs025_ensemble,51,0.608,0.392,0,0
2026-08-19,성남시수정구,2026-08-19T15:00,gem_global_ensemble,21,1,0,0,0
2026-08-19,성남시수정구,2026-08-19T16:00,ensemble,143,0.972,0.028,0,0
2026-08-19,성남시수정구,2026-08-19T16:00,icon_seamless_eps,40,1,0,0,0
2026-08-19,성남시수정구,2026-08-19T16:00,ncep_gefs_seamless,31,1,0,0,0
2026-08-19,성남시수정구,2026-08-19T16:00,ecmwf_ifs025_ensemble,51,0.941,0.059,0,0
2026-08-19,성남시수정구,2026-08-19T16:00,gem_global_ensemble,21,0.952,0.048,0,0
2026-08-19,성남시수정구,2026-08-19T17:00,ensemble,143,0.972,0.028,0,0
2026-08-19,성남시수정구,2026-08-19T17:00,icon_seamless_eps,40,1,0,0,0
2026-08-19,성남시수정구,2026-08-19T17:00,ncep_gefs_seamless,31,1,0,0,0
2026-08-19,성남시수정구,2026-08-19T17:00,ecmwf_ifs025_ensemble,51,0.941,0.059,0,0
2026-08-19,성남시수정구,2026-08-19T17:00,gem_global_ensemble,21,0.952,0.048,0,0
2026-08-19,성남시수정구,2026-08-19T18:00,ensemble,143,0.972,0.028,0,0
2026-08-19,성남시수정구,2026-08-19T18:00,icon_seamless_eps,40,1,0,0,0
2026-08-19,성남시수정구,2026-08-19T18:00,ncep_gefs_seamless,31,1,0,0,0
2026-08-19,성남시수정구,2026-08-19T18:00,ecmwf_ifs025_ensemble,51,0.941,0.059,0,0
2026-08-19,성남시수정구,2026-08-19T18:00,gem_global_ensemble,21,0.952,0.048,0,0
2026-08-19,성남시수정구,2026-08-19T19:00,ensemble,143,0.993,0.007,0,0
2026-08-19,성남시수정구,2026-08-19T19:00,icon_seamless_eps,40,1,0,0,0
2026-08-19,성남시수정구,2026-08-19T19:00,ncep_gefs_seamless,31,1,0,0,0
2026-08-19,성남시수정구,2026-08-19T19:00,ecmwf_ifs025_ensemble,51,0.98,0.02,0,0
2026-08-19,성남시수정구,2026-08-19T19:00,gem_global_ensemble,21,1,0,0,0
2026-08-19,성남시수정구,2026-08-19T20:00,ensemble,143,0.993,0.007,0,0
2026-08-19,성남시수정구,2026-08-19T20:00,icon_seamless_eps,40,1,0,0,0
2026-08-19,성남시수정구,2026-08-19T20:00,ncep_gefs_seamless,31,1,0,0,0
2026-08-19,성남시수정구,2026-08-19T20:00,ecmwf_ifs025_ensemble,51,0.98,0.02,0,0
2026-08-19,성남시수정구,2026-08-19T20:00,gem_global_ensemble,21,1,0,0,0
2026-08-19,성남시수정구,2026-08-19T21:00,ensemble,143,0.993,0.007,0,0
2026-08-19,성남시수정구,2026-08-19T21:00,icon_seamless_eps,40,1,0,0,0
2026-08-19,성남시수정구,2026-08-19T21:00,ncep_gefs_seamless,31,1,0,0,0
2026-08-19,성남시수정구,2026-08-19T21:00,ecmwf_ifs025_ensemble,51,0.98,0.02,0,0
2026-08-19,성남시수정구,2026-08-19T21:00,gem_global_ensemble,21,1,0,0,0
2026-08-19,성남시수정구,2026-08-19T22:00,ensemble,143,0.986,0.014,0,0
2026-08-19,성남시수정구,2026-08-19T22:00,icon_seamless_eps,40,1,0,0,0
2026-08-19,성남시수정구,2026-08-19T22:00,ncep_gefs_seamless,31,1,0,0,0
2026-08-19,성남시수정구,2026-08-19T22:00,ecmwf_ifs025_ensemble,51,0.98,0.02,0,0
2026-08-19,성남시수정구,2026-08-19T22:00,gem_global_ensemble,21,0.952,0.048,0,0
2026-08-19,성남시수정구,2026-08-19T23:00,ensemble,143,0.986,0.014,0,0
2026-08-19,성남시수정구,2026-08-19T23:00,icon_seamless_eps,40,1,0,0,0
2026-08-19,성남시수정구,2026-08-19T23:00,ncep_gefs_seamless,31,1,0,0,0
2026-08-19,성남시수정구,2026-08-19T23:00,ecmwf_ifs025_ensemble,51,0.98,0.02,0,0
2026-08-19,성남시수정구,2026-08-19T23:00,gem_global_ensemble,21,0.952,0.048,0,0
2026-08-19,성남시수정구,2026-08-20T00:00,ensemble,143,0.979,0.021,0,0
2026-08-19,성남시수정구,2026-08-20T00:00,icon_seamless_eps,40,0.975,0.025,0,0
2026-08-19,성남시수정구,2026-08-20T00:00,ncep_gefs_seamless,31,1,0,0,0
2026-08-19,성남시수정구,2026-08-20T00:00,ecmwf_ifs025_ensemble,51,0.98,0.02,0,0
2026-08-19,성남시수정구,2026-08-20T00:00,gem_global_ensemble,21,0.952,0.048,0,0
2026-08-19,성남시수정구,2026-08-20T01:00,ensemble,143,0.909,0.084,0.007,0
2026-08-19,성남시수정구,2026-08-20T01:00,icon_seamless_eps,40,0.95,0.05,0,0
2026-08-19,성남시수정구,2026-08-20T01:00,ncep_gefs_seamless,31,0.806,0.194,0,0
2026-08-19,성남시수정구,2026-08-20T01:00,ecmwf_ifs025_ensemble,51,0.941,0.039,0.02,0
2026-08-19,성남시수정구,2026-08-20T01:00,gem_global_ensemble,21,0.905,0.095,0,0
2026-08-19,성남시수정구,2026-08-20T02:00,ensemble,143,0.909,0.084,0.007,0
2026-08-19,성남시수정구,2026-08-20T02:00,icon_seamless_eps,40,0.95,0.05,0,0
2026-08-19,성남시수정구,2026-08-20T02:00,ncep_gefs_seamless,31,0.806,0.194,0,0
2026-08-19,성남시수정구,2026-08-20T02:00,ecmwf_ifs025_ensemble,51,0.941,0.039,0.02,0
2026-08-19,성남시수정구,2026-08-20T02:00,gem_global_ensemble,21,0.905,0.095,0,0
2026-08-19,성남시수정구,2026-08-20T03:00,ensemble,143,0.916,0.07,0.014,0
2026-08-19,성남시수정구,2026-08-20T03:00,icon_seamless_eps,40,0.975,0,0.025,0
2026-08-19,성남시수정구,2026-08-20T03:00,ncep_gefs_seamless,31,0.806,0.194,0,0
2026-08-19,성남시수정구,2026-08-20T03:00,ecmwf_ifs025_ensemble,51,0.941,0.039,0.02,0
2026-08-19,성남시수정구,2026-08-20T03:00,gem_global_ensemble,21,0.905,0.095,0,0
2026-08-19,성남시수정구,2026-08-20T04:00,ensemble,143,0.867,0.098,0.035,0
2026-08-19,성남시수정구,2026-08-20T04:00,icon_seamless_eps,40,0.875,0.1,0.025,0
2026-08-19,성남시수정구,2026-08-20T04:00,ncep_gefs_seamless,31,0.742,0.194,0.065,0
2026-08-19,성남시수정구,2026-08-20T04:00,ecmwf_ifs025_ensemble,51,0.941,0.039,0.02,0
2026-08-19,성남시수정구,2026-08-20T04:00,gem_global_ensemble,21,0.857,0.095,0.048,0
2026-08-19,성남시수정구,2026-08-20T05:00,ensemble,143,0.881,0.084,0.035,0
2026-08-19,성남시수정구,2026-08-20T05:00,icon_seamless_eps,40,0.925,0.05,0.025,0
2026-08-19,성남시수정구,2026-08-20T05:00,ncep_gefs_seamless,31,0.742,0.194,0.065,0
2026-08-19,성남시수정구,2026-08-20T05:00,ecmwf_ifs025_ensemble,51,0.941,0.039,0.02,0
2026-08-19,성남시수정구,2026-08-20T05:00,gem_global_ensemble,21,0.857,0.095,0.048,0
2026-08-19,성남시수정구,2026-08-20T06:00,ensemble,143,0.874,0.091,0.035,0
2026-08-19,성남시수정구,2026-08-20T06:00,icon_seamless_eps,40,0.9,0.075,0.025,0
2026-08-19,성남시수정구,2026-08-20T06:00,ncep_gefs_seamless,31,0.742,0.194,0.065,0
2026-08-19,성남시수정구,2026-08-20T06:00,ecmwf_ifs025_ensemble,51,0.941,0.039,0.02,0
2026-08-19,성남시수정구,2026-08-20T06:00,gem_global_ensemble,21,0.857,0.095,0.048,0
2026-08-19,성남시수정구,2026-08-20T07:00,ensemble,143,0.839,0.133,0.028,0
2026-08-19,성남시수정구,2026-08-20T07:00,icon_seamless_eps,40,0.95,0,0.05,0
2026-08-19,성남시수정구,2026-08-20T07:00,ncep_gefs_seamless,31,0.677,0.258,0.065,0
2026-08-19,성남시수정구,2026-08-20T07:00,ecmwf_ifs025_ensemble,51,0.824,0.176,0,0
2026-08-19,성남시수정구,2026-08-20T07:00,gem_global_ensemble,21,0.905,0.095,0,0
2026-08-19,성남시수정구,2026-08-20T08:00,ensemble,143,0.832,0.14,0.028,0
2026-08-19,성남시수정구,2026-08-20T08:00,icon_seamless_eps,40,0.925,0.025,0.05,0
2026-08-19,성남시수정구,2026-08-20T08:00,ncep_gefs_seamless,31,0.677,0.258,0.065,0
2026-08-19,성남시수정구,2026-08-20T08:00,ecmwf_ifs025_ensemble,51,0.824,0.176,0,0
2026-08-19,성남시수정구,2026-08-20T08:00,gem_global_ensemble,21,0.905,0.095,0,0
2026-08-19,성남시수정구,2026-08-20T09:00,ensemble,143,0.825,0.154,0.021,0
2026-08-19,성남시수정구,2026-08-20T09:00,icon_seamless_eps,40,0.9,0.075,0.025,0
2026-08-19,성남시수정구,2026-08-20T09:00,ncep_gefs_seamless,31,0.677,0.258,0.065,0
2026-08-19,성남시수정구,2026-08-20T09:00,ecmwf_ifs025_ensemble,51,0.824,0.176,0,0
2026-08-19,성남시수정구,2026-08-20T09:00,gem_global_ensemble,21,0.905,0.095,0,0
2026-08-19,성남시수정구,2026-08-20T10:00,ensemble,143,0.867,0.112,0.021,0
2026-08-19,성남시수정구,2026-08-20T10:00,icon_seamless_eps,40,0.95,0.05,0,0
2026-08-19,성남시수정구,2026-08-20T10:00,ncep_gefs_seamless,31,0.742,0.161,0.097,0
2026-08-19,성남시수정구,2026-08-20T10:00,ecmwf_ifs025_ensemble,51,0.843,0.157,0,0
2026-08-19,성남시수정구,2026-08-20T10:00,gem_global_ensemble,21,0.952,0.048,0,0
2026-08-19,성남시수정구,2026-08-20T11:00,ensemble,143,0.867,0.112,0.021,0
2026-08-19,성남시수정구,2026-08-20T11:00,icon_seamless_eps,40,0.95,0.05,0,0
2026-08-19,성남시수정구,2026-08-20T11:00,ncep_gefs_seamless,31,0.742,0.161,0.097,0
2026-08-19,성남시수정구,2026-08-20T11:00,ecmwf_ifs025_ensemble,51,0.843,0.157,0,0
2026-08-19,성남시수정구,2026-08-20T11:00,gem_global_ensemble,21,0.952,0.048,0,0
2026-08-19,성남시수정구,2026-08-20T12:00,ensemble,143,0.867,0.112,0.021,0
2026-08-19,성남시수정구,2026-08-20T12:00,icon_seamless_eps,40,0.95,0.05,0,0
2026-08-19,성남시수정구,2026-08-20T12:00,ncep_gefs_seamless,31,0.742,0.161,0.097,0
2026-08-19,성남시수정구,2026-08-20T12:00,ecmwf_ifs025_ensemble,51,0.843,0.157,0,0
2026-08-19,성남시수정구,2026-08-20T12:00,gem_global_ensemble,21,0.952,0.048,0,0
2026-08-19,성남시수정구,2026-08-20T13:00,ensemble,143,0.839,0.147,0.014,0
2026-08-19,성남시수정구,2026-08-20T13:00,icon_seamless_eps,40,0.925,0.05,0.025,0
2026-08-19,성남시수정구,2026-08-20T13:00,ncep_gefs_seamless,31,0.774,0.194,0.032,0
2026-08-19,성남시수정구,2026-08-20T13:00,ecmwf_ifs025_ensemble,51,0.765,0.235,0,0
2026-08-19,성남시수정구,2026-08-20T13:00,gem_global_ensemble,21,0.952,0.048,0,0
2026-08-19,성남시수정구,2026-08-20T14:00,ensemble,143,0.839,0.147,0.014,0
2026-08-19,성남시수정구,2026-08-20T14:00,icon_seamless_eps,40,0.925,0.05,0.025,0
2026-08-19,성남시수정구,2026-08-20T14:00,ncep_gefs_seamless,31,0.774,0.194,0.032,0
2026-08-19,성남시수정구,2026-08-20T14:00,ecmwf_ifs025_ensemble,51,0.765,0.235,0,0
2026-08-19,성남시수정구,2026-08-20T14:00,gem_global_ensemble,21,0.952,0.048,0,0
2026-08-19,성남시수정구,2026-08-20T15:00,ensemble,143,0.839,0.147,0.014,0
2026-08-19,성남시수정구,2026-08-20T15:00,icon_seamless_eps,40,0.925,0.05,0.025,0
2026-08-19,성남시수정구,2026-08-20T15:00,ncep_gefs_seamless,31,0.774,0.194,0.032,0
2026-08-19,성남시수정구,2026-08-20T15:00,ecmwf_ifs025_ensemble,51,0.765,0.235,0,0
2026-08-19,성남시수정구,2026-08-20T15:00,gem_global_ensemble,21,0.952,0.048,0,0
2026-08-19,성남시수정구,2026-08-20T16:00,ensemble,143,0.825,0.154,0.021,0
2026-08-19,성남시수정구,2026-08-20T16:00,icon_seamless_eps,40,0.9,0.075,0.025,0
2026-08-19,성남시수정구,2026-08-20T16:00,ncep_gefs_seamless,31,0.839,0.161,0,0
2026-08-19,성남시수정구,2026-08-20T16:00,ecmwf_ifs025_ensemble,51,0.725,0.255,0.02,0
2026-08-19,성남시수정구,2026-08-20T16:00,gem_global_ensemble,21,0.905,0.048,0.048,0
2026-08-19,성남시수정구,2026-08-20T17:00,ensemble,143,0.825,0.154,0.021,0
2026-08-19,성남시수정구,2026-08-20T17:00,icon_seamless_eps,40,0.9,0.075,0.025,0
2026-08-19,성남시수정구,2026-08-20T17:00,ncep_gefs_seamless,31,0.839,0.161,0,0
2026-08-19,성남시수정구,2026-08-20T17:00,ecmwf_ifs025_ensemble,51,0.725,0.255,0.02,0
2026-08-19,성남시수정구,2026-08-20T17:00,gem_global_ensemble,21,0.905,0.048,0.048,0
2026-08-19,성남시수정구,2026-08-20T18:00,ensemble,143,0.825,0.154,0.021,0
2026-08-19,성남시수정구,2026-08-20T18:00,icon_seamless_eps,40,0.9,0.075,0.025,0
2026-08-19,성남시수정구,2026-08-20T18:00,ncep_gefs_seamless,31,0.839,0.161,0,0
2026-08-19,성남시수정구,2026-08-20T18:00,ecmwf_ifs025_ensemble,51,0.725,0.255,0.02,0
2026-08-19,성남시수정구,2026-08-20T18:00,gem_global_ensemble,21,0.905,0.048,0.048,0
2026-08-19,성남시수정구,2026-08-20T19:00,ensemble,143,0.874,0.126,0,0
2026-08-19,성남시수정구,2026-08-20T19:00,icon_seamless_eps,40,0.95,0.05,0,0
2026-08-19,성남시수정구,2026-08-20T19:00,ncep_gefs_seamless,31,0.71,0.29,0,0
2026-08-19,성남시수정구,2026-08-20T19:00,ecmwf_ifs025_ensemble,51,0.902,0.098,0,0
2026-08-19,성남시수정구,2026-08-20T19:00,gem_global_ensemble,21,0.905,0.095,0,0
2026-08-19,성남시수정구,2026-08-20T20:00,ensemble,143,0.874,0.126,0,0
2026-08-19,성남시수정구,2026-08-20T20:00,icon_seamless_eps,40,0.95,0.05,0,0
2026-08-19,성남시수정구,2026-08-20T20:00,ncep_gefs_seamless,31,0.71,0.29,0,0
2026-08-19,성남시수정구,2026-08-20T20:00,ecmwf_ifs025_ensemble,51,0.902,0.098,0,0
2026-08-19,성남시수정구,2026-08-20T20:00,gem_global_ensemble,21,0.905,0.095,0,0
2026-08-19,성남시수정구,2026-08-20T21:00,ensemble,143,0.874,0.126,0,0
2026-08-19,성남시수정구,2026-08-20T21:00,icon_seamless_eps,40,0.95,0.05,0,0
2026-08-19,성남시수정구,2026-08-20T21:00,ncep_gefs_seamless,31,0.71,0.29,0,0
2026-08-19,성남시수정구,2026-08-20T21:00,ecmwf_ifs025_ensemble,51,0.902,0.098,0,0
2026-08-19,성남시수정구,2026-08-20T21:00,gem_global_ensemble,21,0.905,0.095,0,0
2026-08-19,성남시수정구,2026-08-20T22:00,ensemble,143,0.881,0.105,0.014,0
2026-08-19,성남시수정구,2026-08-20T22:00,icon_seamless_eps,40,0.975,0.025,0,0
2026-08-19,성남시수정구,2026-08-20T22:00,ncep_gefs_seamless,31,0.613,0.355,0.032,0
2026-08-19,성남시수정구,2026-08-20T22:00,ecmwf_ifs025_ensemble,51,0.961,0.02,0.02,0
2026-08-19,성남시수정구,2026-08-20T22:00,gem_global_ensemble,21,0.905,0.095,0,0
2026-08-19,성남시수정구,2026-08-20T23:00,ensemble,143,0.881,0.105,0.014,0
2026-08-19,성남시수정구,2026-08-20T23:00,icon_seamless_eps,40,0.975,0.025,0,0
2026-08-19,성남시수정구,2026-08-20T23:00,ncep_gefs_seamless,31,0.613,0.355,0.032,0
2026-08-19,성남시수정구,2026-08-20T23:00,ecmwf_ifs025_ensemble,51,0.961,0.02,0.02,0
2026-08-19,성남시수정구,2026-08-20T23:00,gem_global_ensemble,21,0.905,0.095,0,0
2026-08-20,수원시권선구,2026-08-20T00:00,ensemble,143,0.944,0.049,0.007,0
2026-08-20,수원시권선구,2026-08-20T00:00,icon_seamless_eps,40,0.925,0.075,0,0
2026-08-20,수원시권선구,2026-08-20T00:00,ncep_gefs_seamless,31,1,0,0,0
2026-08-20,수원시권선구,2026-08-20T00:00,ecmwf_ifs025_ensemble,51,0.961,0.039,0,0
2026-08-20,수원시권선구,2026-08-20T00:00,gem_global_ensemble,21,0.857,0.095,0.048,0
2026-08-20,수원시권선구,2026-08-20T01:00,ensemble,143,0.881,0.105,0.014,0
2026-08-20,수원시권선구,2026-08-20T01:00,icon_seamless_eps,40,0.925,0.025,0.05,0
2026-08-20,수원시권선구,2026-08-20T01:00,ncep_gefs_seamless,31,0.806,0.194,0,0
2026-08-20,수원시권선구,2026-08-20T01:00,ecmwf_ifs025_ensemble,51,0.98,0.02,0,0
2026-08-20,수원시권선구,2026-08-20T01:00,gem_global_ensemble,21,0.667,0.333,0,0
2026-08-20,수원시권선구,2026-08-20T02:00,ensemble,143,0.867,0.112,0.021,0
2026-08-20,수원시권선구,2026-08-20T02:00,icon_seamless_eps,40,0.875,0.05,0.075,0
2026-08-20,수원시권선구,2026-08-20T02:00,ncep_gefs_seamless,31,0.806,0.194,0,0
2026-08-20,수원시권선구,2026-08-20T02:00,ecmwf_ifs025_ensemble,51,0.98,0.02,0,0
2026-08-20,수원시권선구,2026-08-20T02:00,gem_global_ensemble,21,0.667,0.333,0,0
2026-08-20,수원시권선구,2026-08-20T03:00,ensemble,143,0.86,0.105,0.028,0.007
2026-08-20,수원시권선구,2026-08-20T03:00,icon_seamless_eps,40,0.85,0.025,0.1,0.025
2026-08-20,수원시권선구,2026-08-20T03:00,ncep_gefs_seamless,31,0.806,0.194,0,0
2026-08-20,수원시권선구,2026-08-20T03:00,ecmwf_ifs025_ensemble,51,0.98,0.02,0,0
2026-08-20,수원시권선구,2026-08-20T03:00,gem_global_ensemble,21,0.667,0.333,0,0
2026-08-20,수원시권선구,2026-08-20T04:00,ensemble,143,0.818,0.126,0.056,0
2026-08-20,수원시권선구,2026-08-20T04:00,icon_seamless_eps,40,0.85,0,0.15,0
2026-08-20,수원시권선구,2026-08-20T04:00,ncep_gefs_seamless,31,0.677,0.323,0,0
2026-08-20,수원시권선구,2026-08-20T04:00,ecmwf_ifs025_ensemble,51,0.941,0.059,0,0
2026-08-20,수원시권선구,2026-08-20T04:00,gem_global_ensemble,21,0.667,0.238,0.095,0
2026-08-20,수원시권선구,2026-08-20T05:00,ensemble,143,0.804,0.161,0.035,0
2026-08-20,수원시권선구,2026-08-20T05:00,icon_seamless_eps,40,0.8,0.125,0.075,0
2026-08-20,수원시권선구,2026-08-20T05:00,ncep_gefs_seamless,31,0.677,0.323,0,0
2026-08-20,수원시권선구,2026-08-20T05:00,ecmwf_ifs025_ensemble,51,0.941,0.059,0,0
2026-08-20,수원시권선구,2026-08-20T05:00,gem_global_ensemble,21,0.667,0.238,0.095,0
2026-08-20,수원시권선구,2026-08-20T06:00,ensemble,143,0.811,0.161,0.028,0
2026-08-20,수원시권선구,2026-08-20T06:00,icon_seamless_eps,40,0.825,0.125,0.05,0
2026-08-20,수원시권선구,2026-08-20T06:00,ncep_gefs_seamless,31,0.677,0.323,0,0
2026-08-20,수원시권선구,2026-08-20T06:00,ecmwf_ifs025_ensemble,51,0.941,0.059,0,0
2026-08-20,수원시권선구,2026-08-20T06:00,gem_global_ensemble,21,0.667,0.238,0.095,0
2026-08-20,수원시권선구,2026-08-20T07:00,ensemble,143,0.65,0.308,0.035,0.007
2026-08-20,수원시권선구,2026-08-20T07:00,icon_seamless_eps,40,0.775,0.15,0.075,0
2026-08-20,수원시권선구,2026-08-20T07:00,ncep_gefs_seamless,31,0.452,0.548,0,0
2026-08-20,수원시권선구,2026-08-20T07:00,ecmwf_ifs025_ensemble,51,0.647,0.353,0,0
2026-08-20,수원시권선구,2026-08-20T07:00,gem_global_ensemble,21,0.714,0.143,0.095,0.048
2026-08-20,수원시권선구,2026-08-20T08:00,ensemble,143,0.65,0.294,0.049,0.007
2026-08-20,수원시권선구,2026-08-20T08:00,icon_seamless_eps,40,0.775,0.1,0.125,0
2026-08-20,수원시권선구,2026-08-20T08:00,ncep_gefs_seamless,31,0.452,0.548,0,0
2026-08-20,수원시권선구,2026-08-20T08:00,ecmwf_ifs025_ensemble,51,0.647,0.353,0,0
2026-08-20,수원시권선구,2026-08-20T08:00,gem_global_ensemble,21,0.714,0.143,0.095,0.048
2026-08-20,수원시권선구,2026-08-20T09:00,ensemble,143,0.636,0.308,0.042,0.014
2026-08-20,수원시권선구,2026-08-20T09:00,icon_seamless_eps,40,0.725,0.15,0.1,0.025
2026-08-20,수원시권선구,2026-08-20T09:00,ncep_gefs_seamless,31,0.452,0.548,0,0
2026-08-20,수원시권선구,2026-08-20T09:00,ecmwf_ifs025_ensemble,51,0.647,0.353,0,0
2026-08-20,수원시권선구,2026-08-20T09:00,gem_global_ensemble,21,0.714,0.143,0.095,0.048
2026-08-20,수원시권선구,2026-08-20T10:00,ensemble,143,0.608,0.301,0.077,0.014
2026-08-20,수원시권선구,2026-08-20T10:00,icon_seamless_eps,40,0.725,0.1,0.175,0
2026-08-20,수원시권선구,2026-08-20T10:00,ncep_gefs_seamless,31,0.484,0.484,0.032,0
2026-08-20,수원시권선구,2026-08-20T10:00,ecmwf_ifs025_ensemble,51,0.569,0.412,0.02,0
2026-08-20,수원시권선구,2026-08-20T10:00,gem_global_ensemble,21,0.667,0.143,0.095,0.095
2026-08-20,수원시권선구,2026-08-20T11:00,ensemble,143,0.594,0.336,0.049,0.021
2026-08-20,수원시권선구,2026-08-20T11:00,icon_seamless_eps,40,0.675,0.225,0.075,0.025
2026-08-20,수원시권선구,2026-08-20T11:00,ncep_gefs_seamless,31,0.484,0.484,0.032,0
2026-08-20,수원시권선구,2026-08-20T11:00,ecmwf_ifs025_ensemble,51,0.569,0.412,0.02,0
2026-08-20,수원시권선구,2026-08-20T11:00,gem_global_ensemble,21,0.667,0.143,0.095,0.095
2026-08-20,수원시권선구,2026-08-20T12:00,ensemble,143,0.58,0.364,0.042,0.014
2026-08-20,수원시권선구,2026-08-20T12:00,icon_seamless_eps,40,0.625,0.325,0.05,0
2026-08-20,수원시권선구,2026-08-20T12:00,ncep_gefs_seamless,31,0.484,0.484,0.032,0
2026-08-20,수원시권선구,2026-08-20T12:00,ecmwf_ifs025_ensemble,51,0.569,0.412,0.02,0
2026-08-20,수원시권선구,2026-08-20T12:00,gem_global_ensemble,21,0.667,0.143,0.095,0.095
2026-08-20,수원시권선구,2026-08-20T13:00,ensemble,143,0.615,0.364,0.014,0.007
2026-08-20,수원시권선구,2026-08-20T13:00,icon_seamless_eps,40,0.525,0.425,0.05,0
2026-08-20,수원시권선구,2026-08-20T13:00,ncep_gefs_seamless,31,0.484,0.516,0,0
2026-08-20,수원시권선구,2026-08-20T13:00,ecmwf_ifs025_ensemble,51,0.745,0.255,0,0
2026-08-20,수원시권선구,2026-08-20T13:00,gem_global_ensemble,21,0.667,0.286,0,0.048
2026-08-20,수원시권선구,2026-08-20T14:00,ensemble,143,0.608,0.371,0.014,0.007
2026-08-20,수원시권선구,2026-08-20T14:00,icon_seamless_eps,40,0.5,0.45,0.05,0
2026-08-20,수원시권선구,2026-08-20T14:00,ncep_gefs_seamless,31,0.484,0.516,0,0
2026-08-20,수원시권선구,2026-08-20T14:00,ecmwf_ifs025_ensemble,51,0.745,0.255,0,0
2026-08-20,수원시권선구,2026-08-20T14:00,gem_global_ensemble,21,0.667,0.286,0,0.048
2026-08-20,수원시권선구,2026-08-20T15:00,ensemble,143,0.601,0.364,0.028,0.007
2026-08-20,수원시권선구,2026-08-20T15:00,icon_seamless_eps,40,0.475,0.425,0.1,0
2026-08-20,수원시권선구,2026-08-20T15:00,ncep_gefs_seamless,31,0.484,0.516,0,0
2026-08-20,수원시권선구,2026-08-20T15:00,ecmwf_ifs025_ensemble,51,0.745,0.255,0,0
2026-08-20,수원시권선구,2026-08-20T15:00,gem_global_ensemble,21,0.667,0.286,0,0.048
2026-08-20,수원시권선구,2026-08-20T16:00,ensemble,143,0.643,0.336,0.014,0.007
2026-08-20,수원시권선구,2026-08-20T16:00,icon_seamless_eps,40,0.425,0.5,0.05,0.025
2026-08-20,수원시권선구,2026-08-20T16:00,ncep_gefs_seamless,31,0.677,0.323,0,0
2026-08-20,수원시권선구,2026-08-20T16:00,ecmwf_ifs025_ensemble,51,0.686,0.314,0,0
2026-08-20,수원시권선구,2026-08-20T16:00,gem_global_ensemble,21,0.905,0.095,0,0
2026-08-20,수원시권선구,2026-08-20T17:00,ensemble,143,0.664,0.322,0.014,0
2026-08-20,수원시권선구,2026-08-20T17:00,icon_seamless_eps,40,0.5,0.45,0.05,0
2026-08-20,수원시권선구,2026-08-20T17:00,ncep_gefs_seamless,31,0.677,0.323,0,0
2026-08-20,수원시권선구,2026-08-20T17:00,ecmwf_ifs025_ensemble,51,0.686,0.314,0,0
2026-08-20,수원시권선구,2026-08-20T17:00,gem_global_ensemble,21,0.905,0.095,0,0
2026-08-20,수원시권선구,2026-08-20T18:00,ensemble,143,0.671,0.315,0.014,0
2026-08-20,수원시권선구,2026-08-20T18:00,icon_seamless_eps,40,0.525,0.425,0.05,0
2026-08-20,수원시권선구,2026-08-20T18:00,ncep_gefs_seamless,31,0.677,0.323,0,0
2026-08-20,수원시권선구,2026-08-20T18:00,ecmwf_ifs025_ensemble,51,0.686,0.314,0,0
2026-08-20,수원시권선구,2026-08-20T18:00,gem_global_ensemble,21,0.905,0.095,0,0
2026-08-20,수원시권선구,2026-08-20T19:00,ensemble,143,0.895,0.105,0,0
2026-08-20,수원시권선구,2026-08-20T19:00,icon_seamless_eps,40,0.775,0.225,0,0
2026-08-20,수원시권선구,2026-08-20T19:00,ncep_gefs_seamless,31,0.968,0.032,0,0
2026-08-20,수원시권선구,2026-08-20T19:00,ecmwf_ifs025_ensemble,51,0.922,0.078,0,0
2026-08-20,수원시권선구,2026-08-20T19:00,gem_global_ensemble,21,0.952,0.048,0,0
2026-08-20,수원시권선구,2026-08-20T20:00,ensemble,143,0.902,0.098,0,0
2026-08-20,수원시권선구,2026-08-20T20:00,icon_seamless_eps,40,0.8,0.2,0,0
2026-08-20,수원시권선구,2026-08-20T20:00,ncep_gefs_seamless,31,0.968,0.032,0,0
2026-08-20,수원시권선구,2026-08-20T20:00,ecmwf_ifs025_ensemble,51,0.922,0.078,0,0
2026-08-20,수원시권선구,2026-08-20T20:00,gem_global_ensemble,21,0.952,0.048,0,0
2026-08-20,수원시권선구,2026-08-20T21:00,ensemble,143,0.923,0.077,0,0
2026-08-20,수원시권선구,2026-08-20T21:00,icon_seamless_eps,40,0.875,0.125,0,0
2026-08-20,수원시권선구,2026-08-20T21:00,ncep_gefs_seamless,31,0.968,0.032,0,0
2026-08-20,수원시권선구,2026-08-20T21:00,ecmwf_ifs025_ensemble,51,0.922,0.078,0,0
2026-08-20,수원시권선구,2026-08-20T21:00,gem_global_ensemble,21,0.952,0.048,0,0
2026-08-20,수원시권선구,2026-08-20T22:00,ensemble,143,0.93,0.07,0,0
2026-08-20,수원시권선구,2026-08-20T22:00,icon_seamless_eps,40,0.95,0.05,0,0
2026-08-20,수원시권선구,2026-08-20T22:00,ncep_gefs_seamless,31,0.935,0.065,0,0
2026-08-20,수원시권선구,2026-08-20T22:00,ecmwf_ifs025_ensemble,51,0.902,0.098,0,0
2026-08-20,수원시권선구,2026-08-20T22:00,gem_global_ensemble,21,0.952,0.048,0,0
2026-08-20,수원시권선구,2026-08-20T23:00,ensemble,143,0.923,0.077,0,0
2026-08-20,수원시권선구,2026-08-20T23:00,icon_seamless_eps,40,0.925,0.075,0,0
2026-08-20,수원시권선구,2026-08-20T23:00,ncep_gefs_seamless,31,0.935,0.065,0,0
2026-08-20,수원시권선구,2026-08-20T23:00,ecmwf_ifs025_ensemble,51,0.902,0.098,0,0
2026-08-20,수원시권선구,2026-08-20T23:00,gem_global_ensemble,21,0.952,0.048,0,0
2026-08-20,수원시권선구,2026-08-21T00:00,ensemble,143,0.923,0.07,0.007,0
2026-08-20,수원시권선구,2026-08-21T00:00,icon_seamless_eps,40,0.925,0.05,0.025,0
2026-08-20,수원시권선구,2026-08-21T00:00,ncep_gefs_seamless,31,0.935,0.065,0,0
2026-08-20,수원시권선구,2026-08-21T00:00,ecmwf_ifs025_ensemble,51,0.902,0.098,0,0
2026-08-20,수원시권선구,2026-08-21T00:00,gem_global_ensemble,21,0.952,0.048,0,0
2026-08-20,수원시권선구,2026-08-21T01:00,ensemble,143,0.86,0.112,0.028,0
2026-08-20,수원시권선구,2026-08-21T01:00,icon_seamless_eps,40,0.825,0.15,0.025,0
2026-08-20,수원시권선구,2026-08-21T01:00,ncep_gefs_seamless,31,0.871,0.097,0.032,0
2026-08-20,수원시권선구,2026-08-21T01:00,ecmwf_ifs025_ensemble,51,0.843,0.137,0.02,0
2026-08-20,수원시권선구,2026-08-21T01:00,gem_global_ensemble,21,0.952,0,0.048,0
2026-08-20,수원시권선구,2026-08-21T02:00,ensemble,143,0.853,0.105,0.042,0
2026-08-20,수원시권선구,2026-08-21T02:00,icon_seamless_eps,40,0.8,0.125,0.075,0
2026-08-20,수원시권선구,2026-08-21T02:00,ncep_gefs_seamless,31,0.871,0.097,0.032,0
2026-08-20,수원시권선구,2026-08-21T02:00,ecmwf_ifs025_ensemble,51,0.843,0.137,0.02,0
2026-08-20,수원시권선구,2026-08-21T02:00,gem_global_ensemble,21,0.952,0,0.048,0
2026-08-20,수원시권선구,2026-08-21T03:00,ensemble,143,0.804,0.147,0.049,0
2026-08-20,수원시권선구,2026-08-21T03:00,icon_seamless_eps,40,0.625,0.275,0.1,0
2026-08-20,수원시권선구,2026-08-21T03:00,ncep_gefs_seamless,31,0.871,0.097,0.032,0
2026-08-20,수원시권선구,2026-08-21T03:00,ecmwf_ifs025_ensemble,51,0.843,0.137,0.02,0
2026-08-20,수원시권선구,2026-08-21T03:00,gem_global_ensemble,21,0.952,0,0.048,0
2026-08-20,수원시권선구,2026-08-21T04:00,ensemble,143,0.594,0.294,0.112,0
2026-08-20,수원시권선구,2026-08-21T04:00,icon_seamless_eps,40,0.525,0.225,0.25,0
2026-08-20,수원시권선구,2026-08-21T04:00,ncep_gefs_seamless,31,0.677,0.258,0.065,0
2026-08-20,수원시권선구,2026-08-21T04:00,ecmwf_ifs025_ensemble,51,0.549,0.392,0.059,0
2026-08-20,수원시권선구,2026-08-21T04:00,gem_global_ensemble,21,0.714,0.238,0.048,0
2026-08-20,수원시권선구,2026-08-21T05:00,ensemble,143,0.573,0.294,0.119,0.014
2026-08-20,수원시권선구,2026-08-21T05:00,icon_seamless_eps,40,0.45,0.225,0.275,0.05
2026-08-20,수원시권선구,2026-08-21T05:00,ncep_gefs_seamless,31,0.677,0.258,0.065,0
2026-08-20,수원시권선구,2026-08-21T05:00,ecmwf_ifs025_ensemble,51,0.549,0.392,0.059,0
2026-08-20,수원시권선구,2026-08-21T05:00,gem_global_ensemble,21,0.714,0.238,0.048,0
2026-08-20,수원시권선구,2026-08-21T06:00,ensemble,143,0.552,0.301,0.119,0.028
2026-08-20,수원시권선구,2026-08-21T06:00,icon_seamless_eps,40,0.375,0.25,0.275,0.1
2026-08-20,수원시권선구,2026-08-21T06:00,ncep_gefs_seamless,31,0.677,0.258,0.065,0
2026-08-20,수원시권선구,2026-08-21T06:00,ecmwf_ifs025_ensemble,51,0.549,0.392,0.059,0
2026-08-20,수원시권선구,2026-08-21T06:00,gem_global_ensemble,21,0.714,0.238,0.048,0
2026-08-20,수원시권선구,2026-08-21T07:00,ensemble,143,0.371,0.343,0.231,0.056
2026-08-20,수원시권선구,2026-08-21T07:00,icon_seamless_eps,40,0.275,0.225,0.325,0.175
2026-08-20,수원시권선구,2026-08-21T07:00,ncep_gefs_seamless,31,0.548,0.29,0.161,0
2026-08-20,수원시권선구,2026-08-21T07:00,ecmwf_ifs025_ensemble,51,0.314,0.451,0.235,0
2026-08-20,수원시권선구,2026-08-21T07:00,gem_global_ensemble,21,0.429,0.381,0.143,0.048
2026-08-20,수원시권선구,2026-08-21T08:00,ensemble,143,0.357,0.322,0.28,0.042
2026-08-20,수원시권선구,2026-08-21T08:00,icon_seamless_eps,40,0.225,0.15,0.5,0.125
2026-08-20,수원시권선구,2026-08-21T08:00,ncep_gefs_seamless,31,0.548,0.29,0.161,0
2026-08-20,수원시권선구,2026-08-21T08:00,ecmwf_ifs025_ensemble,51,0.314,0.451,0.235,0
2026-08-20,수원시권선구,2026-08-21T08:00,gem_global_ensemble,21,0.429,0.381,0.143,0.048
2026-08-20,수원시권선구,2026-08-21T09:00,ensemble,143,0.35,0.35,0.273,0.028
2026-08-20,수원시권선구,2026-08-21T09:00,icon_seamless_eps,40,0.2,0.25,0.475,0.075
2026-08-20,수원시권선구,2026-08-21T09:00,ncep_gefs_seamless,31,0.548,0.29,0.161,0
2026-08-20,수원시권선구,2026-08-21T09:00,ecmwf_ifs025_ensemble,51,0.314,0.451,0.235,0
2026-08-20,수원시권선구,2026-08-21T09:00,gem_global_ensemble,21,0.429,0.381,0.143,0.048
2026-08-20,수원시권선구,2026-08-21T10:00,ensemble,143,0.28,0.455,0.238,0.028
2026-08-20,수원시권선구,2026-08-21T10:00,icon_seamless_eps,40,0.075,0.45,0.425,0.05
2026-08-20,수원시권선구,2026-08-21T10:00,ncep_gefs_seamless,31,0.484,0.387,0.129,0
2026-08-20,수원시권선구,2026-08-21T10:00,ecmwf_ifs025_ensemble,51,0.157,0.608,0.216,0.02
2026-08-20,수원시권선구,2026-08-21T10:00,gem_global_ensemble,21,0.667,0.19,0.095,0.048
2026-08-20,수원시권선구,2026-08-21T11:00,ensemble,143,0.28,0.455,0.238,0.028
2026-08-20,수원시권선구,2026-08-21T11:00,icon_seamless_eps,40,0.075,0.45,0.425,0.05
2026-08-20,수원시권선구,2026-08-21T11:00,ncep_gefs_seamless,31,0.484,0.387,0.129,0
2026-08-20,수원시권선구,2026-08-21T11:00,ecmwf_ifs025_ensemble,51,0.157,0.608,0.216,0.02
2026-08-20,수원시권선구,2026-08-21T11:00,gem_global_ensemble,21,0.667,0.19,0.095,0.048
2026-08-20,수원시권선구,2026-08-21T12:00,ensemble,143,0.28,0.455,0.238,0.028
2026-08-20,수원시권선구,2026-08-21T12:00,icon_seamless_eps,40,0.075,0.45,0.425,0.05
2026-08-20,수원시권선구,2026-08-21T12:00,ncep_gefs_seamless,31,0.484,0.387,0.129,0
2026-08-20,수원시권선구,2026-08-21T12:00,ecmwf_ifs025_ensemble,51,0.157,0.608,0.216,0.02
2026-08-20,수원시권선구,2026-08-21T12:00,gem_global_ensemble,21,0.667,0.19,0.095,0.048
2026-08-20,수원시권선구,2026-08-21T13:00,ensemble,143,0.294,0.503,0.168,0.035
2026-08-20,수원시권선구,2026-08-21T13:00,icon_seamless_eps,40,0.1,0.6,0.25,0.05
2026-08-20,수원시권선구,2026-08-21T13:00,ncep_gefs_seamless,31,0.581,0.355,0.065,0
2026-08-20,수원시권선구,2026-08-21T13:00,ecmwf_ifs025_ensemble,51,0.098,0.667,0.196,0.039
2026-08-20,수원시권선구,2026-08-21T13:00,gem_global_ensemble,21,0.714,0.143,0.095,0.048
2026-08-20,수원시권선구,2026-08-21T14:00,ensemble,143,0.294,0.503,0.168,0.035
2026-08-20,수원시권선구,2026-08-21T14:00,icon_seamless_eps,40,0.1,0.6,0.25,0.05
2026-08-20,수원시권선구,2026-08-21T14:00,ncep_gefs_seamless,31,0.581,0.355,0.065,0
2026-08-20,수원시권선구,2026-08-21T14:00,ecmwf_ifs025_ensemble,51,0.098,0.667,0.196,0.039
2026-08-20,수원시권선구,2026-08-21T14:00,gem_global_ensemble,21,0.714,0.143,0.095,0.048
2026-08-20,수원시권선구,2026-08-21T15:00,ensemble,143,0.294,0.503,0.168,0.035
2026-08-20,수원시권선구,2026-08-21T15:00,icon_seamless_eps,40,0.1,0.6,0.25,0.05
2026-08-20,수원시권선구,2026-08-21T15:00,ncep_gefs_seamless,31,0.581,0.355,0.065,0
2026-08-20,수원시권선구,2026-08-21T15:00,ecmwf_ifs025_ensemble,51,0.098,0.667,0.196,0.039
2026-08-20,수원시권선구,2026-08-21T15:00,gem_global_ensemble,21,0.714,0.143,0.095,0.048
2026-08-20,수원시권선구,2026-08-21T16:00,ensemble,143,0.378,0.462,0.147,0.014
2026-08-20,수원시권선구,2026-08-21T16:00,icon_seamless_eps,40,0.25,0.45,0.275,0.025
2026-08-20,수원시권선구,2026-08-21T16:00,ncep_gefs_seamless,31,0.71,0.258,0.032,0
2026-08-20,수원시권선구,2026-08-21T16:00,ecmwf_ifs025_ensemble,51,0.137,0.686,0.157,0.02
2026-08-20,수원시권선구,2026-08-21T16:00,gem_global_ensemble,21,0.714,0.238,0.048,0
2026-08-20,수원시권선구,2026-08-21T17:00,ensemble,143,0.378,0.462,0.147,0.014
2026-08-20,수원시권선구,2026-08-21T17:00,icon_seamless_eps,40,0.25,0.45,0.275,0.025
2026-08-20,수원시권선구,2026-08-21T17:00,ncep_gefs_seamless,31,0.71,0.258,0.032,0
2026-08-20,수원시권선구,2026-08-21T17:00,ecmwf_ifs025_ensemble,51,0.137,0.686,0.157,0.02
2026-08-20,수원시권선구,2026-08-21T17:00,gem_global_ensemble,21,0.714,0.238,0.048,0
2026-08-20,수원시권선구,2026-08-21T18:00,ensemble,143,0.378,0.462,0.147,0.014
2026-08-20,수원시권선구,2026-08-21T18:00,icon_seamless_eps,40,0.25,0.45,0.275,0.025
2026-08-20,수원시권선구,2026-08-21T18:00,ncep_gefs_seamless,31,0.71,0.258,0.032,0
2026-08-20,수원시권선구,2026-08-21T18:00,ecmwf_ifs025_ensemble,51,0.137,0.686,0.157,0.02
2026-08-20,수원시권선구,2026-08-21T18:00,gem_global_ensemble,21,0.714,0.238,0.048,0
2026-08-20,수원시권선구,2026-08-21T19:00,ensemble,143,0.434,0.385,0.154,0.028
2026-08-20,수원시권선구,2026-08-21T19:00,icon_seamless_eps,40,0.2,0.475,0.275,0.05
2026-08-20,수원시권선구,2026-08-21T19:00,ncep_gefs_seamless,31,0.742,0.226,0.032,0
2026-08-20,수원시권선구,2026-08-21T19:00,ecmwf_ifs025_ensemble,51,0.294,0.529,0.176,0
2026-08-20,수원시권선구,2026-08-21T19:00,gem_global_ensemble,21,0.762,0.095,0.048,0.095
2026-08-20,수원시권선구,2026-08-21T20:00,ensemble,143,0.434,0.385,0.154,0.028
2026-08-20,수원시권선구,2026-08-21T20:00,icon_seamless_eps,40,0.2,0.475,0.275,0.05
2026-08-20,수원시권선구,2026-08-21T20:00,ncep_gefs_seamless,31,0.742,0.226,0.032,0
2026-08-20,수원시권선구,2026-08-21T20:00,ecmwf_ifs025_ensemble,51,0.294,0.529,0.176,0
2026-08-20,수원시권선구,2026-08-21T20:00,gem_global_ensemble,21,0.762,0.095,0.048,0.095
2026-08-20,수원시권선구,2026-08-21T21:00,ensemble,143,0.434,0.385,0.154,0.028
2026-08-20,수원시권선구,2026-08-21T21:00,icon_seamless_eps,40,0.2,0.475,0.275,0.05
2026-08-20,수원시권선구,2026-08-21T21:00,ncep_gefs_seamless,31,0.742,0.226,0.032,0
2026-08-20,수원시권선구,2026-08-21T21:00,ecmwf_ifs025_ensemble,51,0.294,0.529,0.176,0
2026-08-20,수원시권선구,2026-08-21T21:00,gem_global_ensemble,21,0.762,0.095,0.048,0.095
2026-08-20,수원시권선구,2026-08-21T22:00,ensemble,143,0.483,0.266,0.224,0.028
2026-08-20,수원시권선구,2026-08-21T22:00,icon_seamless_eps,40,0.175,0.275,0.475,0.075
2026-08-20,수원시권선구,2026-08-21T22:00,ncep_gefs_seamless,31,0.871,0.065,0.065,0
2026-08-20,수원시권선구,2026-08-21T22:00,ecmwf_ifs025_ensemble,51,0.451,0.353,0.176,0.02
2026-08-20,수원시권선구,2026-08-21T22:00,gem_global_ensemble,21,0.571,0.333,0.095,0
2026-08-20,수원시권선구,2026-08-21T23:00,ensemble,143,0.483,0.266,0.224,0.028
2026-08-20,수원시권선구,2026-08-21T23:00,icon_seamless_eps,40,0.175,0.275,0.475,0.075
2026-08-20,수원시권선구,2026-08-21T23:00,ncep_gefs_seamless,31,0.871,0.065,0.065,0
2026-08-20,수원시권선구,2026-08-21T23:00,ecmwf_ifs025_ensemble,51,0.451,0.353,0.176,0.02
2026-08-20,수원시권선구,2026-08-21T23:00,gem_global_ensemble,21,0.571,0.333,0.095,0
2026-08-20,성남시수정구,2026-08-20T00:00,ensemble,143,0.972,0.021,0.007,0
2026-08-20,성남시수정구,2026-08-20T00:00,icon_seamless_eps,40,0.975,0.025,0,0
2026-08-20,성남시수정구,2026-08-20T00:00,ncep_gefs_seamless,31,1,0,0,0
2026-08-20,성남시수정구,2026-08-20T00:00,ecmwf_ifs025_ensemble,51,1,0,0,0
2026-08-20,성남시수정구,2026-08-20T00:00,gem_global_ensemble,21,0.857,0.095,0.048,0
2026-08-20,성남시수정구,2026-08-20T01:00,ensemble,143,0.937,0.063,0,0
2026-08-20,성남시수정구,2026-08-20T01:00,icon_seamless_eps,40,0.95,0.05,0,0
2026-08-20,성남시수정구,2026-08-20T01:00,ncep_gefs_seamless,31,1,0,0,0
2026-08-20,성남시수정구,2026-08-20T01:00,ecmwf_ifs025_ensemble,51,1,0,0,0
2026-08-20,성남시수정구,2026-08-20T01:00,gem_global_ensemble,21,0.667,0.333,0,0
2026-08-20,성남시수정구,2026-08-20T02:00,ensemble,143,0.916,0.077,0.007,0
2026-08-20,성남시수정구,2026-08-20T02:00,icon_seamless_eps,40,0.875,0.1,0.025,0
2026-08-20,성남시수정구,2026-08-20T02:00,ncep_gefs_seamless,31,1,0,0,0
2026-08-20,성남시수정구,2026-08-20T02:00,ecmwf_ifs025_ensemble,51,1,0,0,0
2026-08-20,성남시수정구,2026-08-20T02:00,gem_global_ensemble,21,0.667,0.333,0,0
2026-08-20,성남시수정구,2026-08-20T03:00,ensemble,143,0.916,0.07,0.014,0
2026-08-20,성남시수정구,2026-08-20T03:00,icon_seamless_eps,40,0.875,0.075,0.05,0
2026-08-20,성남시수정구,2026-08-20T03:00,ncep_gefs_seamless,31,1,0,0,0
2026-08-20,성남시수정구,2026-08-20T03:00,ecmwf_ifs025_ensemble,51,1,0,0,0
2026-08-20,성남시수정구,2026-08-20T03:00,gem_global_ensemble,21,0.667,0.333,0,0
2026-08-20,성남시수정구,2026-08-20T04:00,ensemble,143,0.874,0.07,0.056,0
2026-08-20,성남시수정구,2026-08-20T04:00,icon_seamless_eps,40,0.85,0,0.15,0
2026-08-20,성남시수정구,2026-08-20T04:00,ncep_gefs_seamless,31,0.903,0.097,0,0
2026-08-20,성남시수정구,2026-08-20T04:00,ecmwf_ifs025_ensemble,51,0.961,0.039,0,0
2026-08-20,성남시수정구,2026-08-20T04:00,gem_global_ensemble,21,0.667,0.238,0.095,0
2026-08-20,성남시수정구,2026-08-20T05:00,ensemble,143,0.874,0.091,0.035,0
2026-08-20,성남시수정구,2026-08-20T05:00,icon_seamless_eps,40,0.85,0.075,0.075,0
2026-08-20,성남시수정구,2026-08-20T05:00,ncep_gefs_seamless,31,0.903,0.097,0,0
2026-08-20,성남시수정구,2026-08-20T05:00,ecmwf_ifs025_ensemble,51,0.961,0.039,0,0
2026-08-20,성남시수정구,2026-08-20T05:00,gem_global_ensemble,21,0.667,0.238,0.095,0
2026-08-20,성남시수정구,2026-08-20T06:00,ensemble,143,0.881,0.091,0.028,0
2026-08-20,성남시수정구,2026-08-20T06:00,icon_seamless_eps,40,0.875,0.075,0.05,0
2026-08-20,성남시수정구,2026-08-20T06:00,ncep_gefs_seamless,31,0.903,0.097,0,0
2026-08-20,성남시수정구,2026-08-20T06:00,ecmwf_ifs025_ensemble,51,0.961,0.039,0,0
2026-08-20,성남시수정구,2026-08-20T06:00,gem_global_ensemble,21,0.667,0.238,0.095,0
2026-08-20,성남시수정구,2026-08-20T07:00,ensemble,143,0.79,0.175,0.021,0.014
2026-08-20,성남시수정구,2026-08-20T07:00,icon_seamless_eps,40,0.8,0.15,0.025,0.025
2026-08-20,성남시수정구,2026-08-20T07:00,ncep_gefs_seamless,31,0.774,0.226,0,0
2026-08-20,성남시수정구,2026-08-20T07:00,ecmwf_ifs025_ensemble,51,0.824,0.176,0,0
2026-08-20,성남시수정구,2026-08-20T07:00,gem_global_ensemble,21,0.714,0.143,0.095,0.048
2026-08-20,성남시수정구,2026-08-20T08:00,ensemble,143,0.797,0.161,0.035,0.007
2026-08-20,성남시수정구,2026-08-20T08:00,icon_seamless_eps,40,0.825,0.1,0.075,0
2026-08-20,성남시수정구,2026-08-20T08:00,ncep_gefs_seamless,31,0.774,0.226,0,0
2026-08-20,성남시수정구,2026-08-20T08:00,ecmwf_ifs025_ensemble,51,0.824,0.176,0,0
2026-08-20,성남시수정구,2026-08-20T08:00,gem_global_ensemble,21,0.714,0.143,0.095,0.048
2026-08-20,성남시수정구,2026-08-20T09:00,ensemble,143,0.783,0.168,0.035,0.014
2026-08-20,성남시수정구,2026-08-20T09:00,icon_seamless_eps,40,0.775,0.125,0.075,0.025
2026-08-20,성남시수정구,2026-08-20T09:00,ncep_gefs_seamless,31,0.774,0.226,0,0
2026-08-20,성남시수정구,2026-08-20T09:00,ecmwf_ifs025_ensemble,51,0.824,0.176,0,0
2026-08-20,성남시수정구,2026-08-20T09:00,gem_global_ensemble,21,0.714,0.143,0.095,0.048
2026-08-20,성남시수정구,2026-08-20T10:00,ensemble,143,0.699,0.245,0.042,0.014
2026-08-20,성남시수정구,2026-08-20T10:00,icon_seamless_eps,40,0.75,0.15,0.1,0
2026-08-20,성남시수정구,2026-08-20T10:00,ncep_gefs_seamless,31,0.581,0.419,0,0
2026-08-20,성남시수정구,2026-08-20T10:00,ecmwf_ifs025_ensemble,51,0.745,0.255,0,0
2026-08-20,성남시수정구,2026-08-20T10:00,gem_global_ensemble,21,0.667,0.143,0.095,0.095
2026-08-20,성남시수정구,2026-08-20T11:00,ensemble,143,0.706,0.245,0.028,0.021
2026-08-20,성남시수정구,2026-08-20T11:00,icon_seamless_eps,40,0.775,0.15,0.05,0.025
2026-08-20,성남시수정구,2026-08-20T11:00,ncep_gefs_seamless,31,0.581,0.419,0,0
2026-08-20,성남시수정구,2026-08-20T11:00,ecmwf_ifs025_ensemble,51,0.745,0.255,0,0
2026-08-20,성남시수정구,2026-08-20T11:00,gem_global_ensemble,21,0.667,0.143,0.095,0.095
2026-08-20,성남시수정구,2026-08-20T12:00,ensemble,143,0.692,0.273,0.021,0.014
2026-08-20,성남시수정구,2026-08-20T12:00,icon_seamless_eps,40,0.725,0.25,0.025,0
2026-08-20,성남시수정구,2026-08-20T12:00,ncep_gefs_seamless,31,0.581,0.419,0,0
2026-08-20,성남시수정구,2026-08-20T12:00,ecmwf_ifs025_ensemble,51,0.745,0.255,0,0
2026-08-20,성남시수정구,2026-08-20T12:00,gem_global_ensemble,21,0.667,0.143,0.095,0.095
2026-08-20,성남시수정구,2026-08-20T13:00,ensemble,143,0.72,0.252,0.021,0.007
2026-08-20,성남시수정구,2026-08-20T13:00,icon_seamless_eps,40,0.675,0.25,0.075,0
2026-08-20,성남시수정구,2026-08-20T13:00,ncep_gefs_seamless,31,0.645,0.355,0,0
2026-08-20,성남시수정구,2026-08-20T13:00,ecmwf_ifs025_ensemble,51,0.824,0.176,0,0
2026-08-20,성남시수정구,2026-08-20T13:00,gem_global_ensemble,21,0.667,0.286,0,0.048
2026-08-20,성남시수정구,2026-08-20T14:00,ensemble,143,0.692,0.301,0,0.007
2026-08-20,성남시수정구,2026-08-20T14:00,icon_seamless_eps,40,0.575,0.425,0,0
2026-08-20,성남시수정구,2026-08-20T14:00,ncep_gefs_seamless,31,0.645,0.355,0,0
2026-08-20,성남시수정구,2026-08-20T14:00,ecmwf_ifs025_ensemble,51,0.824,0.176,0,0
2026-08-20,성남시수정구,2026-08-20T14:00,gem_global_ensemble,21,0.667,0.286,0,0.048
2026-08-20,성남시수정구,2026-08-20T15:00,ensemble,143,0.692,0.287,0.014,0.007
2026-08-20,성남시수정구,2026-08-20T15:00,icon_seamless_eps,40,0.575,0.375,0.05,0
2026-08-20,성남시수정구,2026-08-20T15:00,ncep_gefs_seamless,31,0.645,0.355,0,0
2026-08-20,성남시수정구,2026-08-20T15:00,ecmwf_ifs025_ensemble,51,0.824,0.176,0,0
2026-08-20,성남시수정구,2026-08-20T15:00,gem_global_ensemble,21,0.667,0.286,0,0.048
2026-08-20,성남시수정구,2026-08-20T16:00,ensemble,143,0.748,0.217,0.035,0
2026-08-20,성남시수정구,2026-08-20T16:00,icon_seamless_eps,40,0.5,0.375,0.125,0
2026-08-20,성남시수정구,2026-08-20T16:00,ncep_gefs_seamless,31,0.742,0.258,0,0
2026-08-20,성남시수정구,2026-08-20T16:00,ecmwf_ifs025_ensemble,51,0.882,0.118,0,0
2026-08-20,성남시수정구,2026-08-20T16:00,gem_global_ensemble,21,0.905,0.095,0,0
2026-08-20,성남시수정구,2026-08-20T17:00,ensemble,143,0.769,0.21,0.021,0
2026-08-20,성남시수정구,2026-08-20T17:00,icon_seamless_eps,40,0.575,0.35,0.075,0
2026-08-20,성남시수정구,2026-08-20T17:00,ncep_gefs_seamless,31,0.742,0.258,0,0
2026-08-20,성남시수정구,2026-08-20T17:00,ecmwf_ifs025_ensemble,51,0.882,0.118,0,0
2026-08-20,성남시수정구,2026-08-20T17:00,gem_global_ensemble,21,0.905,0.095,0,0
2026-08-20,성남시수정구,2026-08-20T18:00,ensemble,143,0.79,0.196,0.014,0
2026-08-20,성남시수정구,2026-08-20T18:00,icon_seamless_eps,40,0.65,0.3,0.05,0
2026-08-20,성남시수정구,2026-08-20T18:00,ncep_gefs_seamless,31,0.742,0.258,0,0
2026-08-20,성남시수정구,2026-08-20T18:00,ecmwf_ifs025_ensemble,51,0.882,0.118,0,0
2026-08-20,성남시수정구,2026-08-20T18:00,gem_global_ensemble,21,0.905,0.095,0,0
2026-08-20,성남시수정구,2026-08-20T19:00,ensemble,143,0.895,0.105,0,0
2026-08-20,성남시수정구,2026-08-20T19:00,icon_seamless_eps,40,0.725,0.275,0,0
2026-08-20,성남시수정구,2026-08-20T19:00,ncep_gefs_seamless,31,0.968,0.032,0,0
2026-08-20,성남시수정구,2026-08-20T19:00,ecmwf_ifs025_ensemble,51,0.961,0.039,0,0
2026-08-20,성남시수정구,2026-08-20T19:00,gem_global_ensemble,21,0.952,0.048,0,0
2026-08-20,성남시수정구,2026-08-20T20:00,ensemble,143,0.902,0.098,0,0
2026-08-20,성남시수정구,2026-08-20T20:00,icon_seamless_eps,40,0.75,0.25,0,0
2026-08-20,성남시수정구,2026-08-20T20:00,ncep_gefs_seamless,31,0.968,0.032,0,0
2026-08-20,성남시수정구,2026-08-20T20:00,ecmwf_ifs025_ensemble,51,0.961,0.039,0,0
2026-08-20,성남시수정구,2026-08-20T20:00,gem_global_ensemble,21,0.952,0.048,0,0
2026-08-20,성남시수정구,2026-08-20T21:00,ensemble,143,0.93,0.07,0,0
2026-08-20,성남시수정구,2026-08-20T21:00,icon_seamless_eps,40,0.85,0.15,0,0
2026-08-20,성남시수정구,2026-08-20T21:00,ncep_gefs_seamless,31,0.968,0.032,0,0
2026-08-20,성남시수정구,2026-08-20T21:00,ecmwf_ifs025_ensemble,51,0.961,0.039,0,0
2026-08-20,성남시수정구,2026-08-20T21:00,gem_global_ensemble,21,0.952,0.048,0,0
2026-08-20,성남시수정구,2026-08-20T22:00,ensemble,143,0.902,0.098,0,0
2026-08-20,성남시수정구,2026-08-20T22:00,icon_seamless_eps,40,0.95,0.05,0,0
2026-08-20,성남시수정구,2026-08-20T22:00,ncep_gefs_seamless,31,0.903,0.097,0,0
2026-08-20,성남시수정구,2026-08-20T22:00,ecmwf_ifs025_ensemble,51,0.843,0.157,0,0
2026-08-20,성남시수정구,2026-08-20T22:00,gem_global_ensemble,21,0.952,0.048,0,0
2026-08-20,성남시수정구,2026-08-20T23:00,ensemble,143,0.909,0.091,0,0
2026-08-20,성남시수정구,2026-08-20T23:00,icon_seamless_eps,40,0.975,0.025,0,0
2026-08-20,성남시수정구,2026-08-20T23:00,ncep_gefs_seamless,31,0.903,0.097,0,0
2026-08-20,성남시수정구,2026-08-20T23:00,ecmwf_ifs025_ensemble,51,0.843,0.157,0,0
2026-08-20,성남시수정구,2026-08-20T23:00,gem_global_ensemble,21,0.952,0.048,0,0
2026-08-20,성남시수정구,2026-08-21T00:00,ensemble,143,0.881,0.119,0,0
2026-08-20,성남시수정구,2026-08-21T00:00,icon_seamless_eps,40,0.875,0.125,0,0
2026-08-20,성남시수정구,2026-08-21T00:00,ncep_gefs_seamless,31,0.903,0.097,0,0
2026-08-20,성남시수정구,2026-08-21T00:00,ecmwf_ifs025_ensemble,51,0.843,0.157,0,0
2026-08-20,성남시수정구,2026-08-21T00:00,gem_global_ensemble,21,0.952,0.048,0,0
2026-08-20,성남시수정구,2026-08-21T01:00,ensemble,143,0.853,0.112,0.035,0
2026-08-20,성남시수정구,2026-08-21T01:00,icon_seamless_eps,40,0.875,0.075,0.05,0
2026-08-20,성남시수정구,2026-08-21T01:00,ncep_gefs_seamless,31,0.839,0.161,0,0
2026-08-20,성남시수정구,2026-08-21T01:00,ecmwf_ifs025_ensemble,51,0.804,0.157,0.039,0
2026-08-20,성남시수정구,2026-08-21T01:00,gem_global_ensemble,21,0.952,0,0.048,0
2026-08-20,성남시수정구,2026-08-21T02:00,ensemble,143,0.825,0.14,0.035,0
2026-08-20,성남시수정구,2026-08-21T02:00,icon_seamless_eps,40,0.775,0.175,0.05,0
2026-08-20,성남시수정구,2026-08-21T02:00,ncep_gefs_seamless,31,0.839,0.161,0,0
2026-08-20,성남시수정구,2026-08-21T02:00,ecmwf_ifs025_ensemble,51,0.804,0.157,0.039,0
2026-08-20,성남시수정구,2026-08-21T02:00,gem_global_ensemble,21,0.952,0,0.048,0
2026-08-20,성남시수정구,2026-08-21T03:00,ensemble,143,0.797,0.154,0.049,0
2026-08-20,성남시수정구,2026-08-21T03:00,icon_seamless_eps,40,0.675,0.225,0.1,0
2026-08-20,성남시수정구,2026-08-21T03:00,ncep_gefs_seamless,31,0.839,0.161,0,0
2026-08-20,성남시수정구,2026-08-21T03:00,ecmwf_ifs025_ensemble,51,0.804,0.157,0.039,0
2026-08-20,성남시수정구,2026-08-21T03:00,gem_global_ensemble,21,0.952,0,0.048,0
2026-08-20,성남시수정구,2026-08-21T04:00,ensemble,143,0.664,0.294,0.042,0
2026-08-20,성남시수정구,2026-08-21T04:00,icon_seamless_eps,40,0.575,0.325,0.1,0
2026-08-20,성남시수정구,2026-08-21T04:00,ncep_gefs_seamless,31,0.839,0.129,0.032,0
2026-08-20,성남시수정구,2026-08-21T04:00,ecmwf_ifs025_ensemble,51,0.608,0.392,0,0
2026-08-20,성남시수정구,2026-08-21T04:00,gem_global_ensemble,21,0.714,0.238,0.048,0
2026-08-20,성남시수정구,2026-08-21T05:00,ensemble,143,0.65,0.259,0.091,0
2026-08-20,성남시수정구,2026-08-21T05:00,icon_seamless_eps,40,0.525,0.2,0.275,0
2026-08-20,성남시수정구,2026-08-21T05:00,ncep_gefs_seamless,31,0.839,0.129,0.032,0
2026-08-20,성남시수정구,2026-08-21T05:00,ecmwf_ifs025_ensemble,51,0.608,0.392,0,0
2026-08-20,성남시수정구,2026-08-21T05:00,gem_global_ensemble,21,0.714,0.238,0.048,0
2026-08-20,성남시수정구,2026-08-21T06:00,ensemble,143,0.622,0.28,0.084,0.014
2026-08-20,성남시수정구,2026-08-21T06:00,icon_seamless_eps,40,0.425,0.275,0.25,0.05
2026-08-20,성남시수정구,2026-08-21T06:00,ncep_gefs_seamless,31,0.839,0.129,0.032,0
2026-08-20,성남시수정구,2026-08-21T06:00,ecmwf_ifs025_ensemble,51,0.608,0.392,0,0
2026-08-20,성남시수정구,2026-08-21T06:00,gem_global_ensemble,21,0.714,0.238,0.048,0
2026-08-20,성남시수정구,2026-08-21T07:00,ensemble,143,0.427,0.385,0.147,0.042
2026-08-20,성남시수정구,2026-08-21T07:00,icon_seamless_eps,40,0.425,0.2,0.25,0.125
2026-08-20,성남시수정구,2026-08-21T07:00,ncep_gefs_seamless,31,0.548,0.355,0.097,0
2026-08-20,성남시수정구,2026-08-21T07:00,ecmwf_ifs025_ensemble,51,0.353,0.549,0.098,0
2026-08-20,성남시수정구,2026-08-21T07:00,gem_global_ensemble,21,0.429,0.381,0.143,0.048
2026-08-20,성남시수정구,2026-08-21T08:00,ensemble,143,0.385,0.406,0.168,0.042
2026-08-20,성남시수정구,2026-08-21T08:00,icon_seamless_eps,40,0.275,0.275,0.325,0.125
2026-08-20,성남시수정구,2026-08-21T08:00,ncep_gefs_seamless,31,0.548,0.355,0.097,0
2026-08-20,성남시수정구,2026-08-21T08:00,ecmwf_ifs025_ensemble,51,0.353,0.549,0.098,0
2026-08-20,성남시수정구,2026-08-21T08:00,gem_global_ensemble,21,0.429,0.381,0.143,0.048
2026-08-20,성남시수정구,2026-08-21T09:00,ensemble,143,0.378,0.399,0.196,0.028
2026-08-20,성남시수정구,2026-08-21T09:00,icon_seamless_eps,40,0.25,0.25,0.425,0.075
2026-08-20,성남시수정구,2026-08-21T09:00,ncep_gefs_seamless,31,0.548,0.355,0.097,0
2026-08-20,성남시수정구,2026-08-21T09:00,ecmwf_ifs025_ensemble,51,0.353,0.549,0.098,0
2026-08-20,성남시수정구,2026-08-21T09:00,gem_global_ensemble,21,0.429,0.381,0.143,0.048
2026-08-20,성남시수정구,2026-08-21T10:00,ensemble,143,0.322,0.483,0.175,0.021
2026-08-20,성남시수정구,2026-08-21T10:00,icon_seamless_eps,40,0.125,0.45,0.375,0.05
2026-08-20,성남시수정구,2026-08-21T10:00,ncep_gefs_seamless,31,0.581,0.355,0.065,0
2026-08-20,성남시수정구,2026-08-21T10:00,ecmwf_ifs025_ensemble,51,0.176,0.706,0.118,0
2026-08-20,성남시수정구,2026-08-21T10:00,gem_global_ensemble,21,0.667,0.19,0.095,0.048
2026-08-20,성남시수정구,2026-08-21T11:00,ensemble,143,0.322,0.483,0.175,0.021
2026-08-20,성남시수정구,2026-08-21T11:00,icon_seamless_eps,40,0.125,0.45,0.375,0.05
2026-08-20,성남시수정구,2026-08-21T11:00,ncep_gefs_seamless,31,0.581,0.355,0.065,0
2026-08-20,성남시수정구,2026-08-21T11:00,ecmwf_ifs025_ensemble,51,0.176,0.706,0.118,0
2026-08-20,성남시수정구,2026-08-21T11:00,gem_global_ensemble,21,0.667,0.19,0.095,0.048
2026-08-20,성남시수정구,2026-08-21T12:00,ensemble,143,0.322,0.483,0.175,0.021
2026-08-20,성남시수정구,2026-08-21T12:00,icon_seamless_eps,40,0.125,0.45,0.375,0.05
2026-08-20,성남시수정구,2026-08-21T12:00,ncep_gefs_seamless,31,0.581,0.355,0.065,0
2026-08-20,성남시수정구,2026-08-21T12:00,ecmwf_ifs025_ensemble,51,0.176,0.706,0.118,0
2026-08-20,성남시수정구,2026-08-21T12:00,gem_global_ensemble,21,0.667,0.19,0.095,0.048
2026-08-20,성남시수정구,2026-08-21T13:00,ensemble,143,0.315,0.483,0.175,0.028
2026-08-20,성남시수정구,2026-08-21T13:00,icon_seamless_eps,40,0.1,0.6,0.225,0.075
2026-08-20,성남시수정구,2026-08-21T13:00,ncep_gefs_seamless,31,0.613,0.355,0.032,0
2026-08-20,성남시수정구,2026-08-21T13:00,ecmwf_ifs025_ensemble,51,0.137,0.608,0.255,0
2026-08-20,성남시수정구,2026-08-21T13:00,gem_global_ensemble,21,0.714,0.143,0.095,0.048
2026-08-20,성남시수정구,2026-08-21T14:00,ensemble,143,0.315,0.483,0.175,0.028
2026-08-20,성남시수정구,2026-08-21T14:00,icon_seamless_eps,40,0.1,0.6,0.225,0.075
2026-08-20,성남시수정구,2026-08-21T14:00,ncep_gefs_seamless,31,0.613,0.355,0.032,0
2026-08-20,성남시수정구,2026-08-21T14:00,ecmwf_ifs025_ensemble,51,0.137,0.608,0.255,0
2026-08-20,성남시수정구,2026-08-21T14:00,gem_global_ensemble,21,0.714,0.143,0.095,0.048
2026-08-20,성남시수정구,2026-08-21T15:00,ensemble,143,0.315,0.483,0.175,0.028
2026-08-20,성남시수정구,2026-08-21T15:00,icon_seamless_eps,40,0.1,0.6,0.225,0.075
2026-08-20,성남시수정구,2026-08-21T15:00,ncep_gefs_seamless,31,0.613,0.355,0.032,0
2026-08-20,성남시수정구,2026-08-21T15:00,ecmwf_ifs025_ensemble,51,0.137,0.608,0.255,0
2026-08-20,성남시수정구,2026-08-21T15:00,gem_global_ensemble,21,0.714,0.143,0.095,0.048
2026-08-20,성남시수정구,2026-08-21T16:00,ensemble,143,0.399,0.441,0.126,0.035
2026-08-20,성남시수정구,2026-08-21T16:00,icon_seamless_eps,40,0.25,0.525,0.2,0.025
2026-08-20,성남시수정구,2026-08-21T16:00,ncep_gefs_seamless,31,0.71,0.258,0.032,0
2026-08-20,성남시수정구,2026-08-21T16:00,ecmwf_ifs025_ensemble,51,0.196,0.569,0.157,0.078
2026-08-20,성남시수정구,2026-08-21T16:00,gem_global_ensemble,21,0.714,0.238,0.048,0
2026-08-20,성남시수정구,2026-08-21T17:00,ensemble,143,0.399,0.441,0.126,0.035
2026-08-20,성남시수정구,2026-08-21T17:00,icon_seamless_eps,40,0.25,0.525,0.2,0.025
2026-08-20,성남시수정구,2026-08-21T17:00,ncep_gefs_seamless,31,0.71,0.258,0.032,0
2026-08-20,성남시수정구,2026-08-21T17:00,ecmwf_ifs025_ensemble,51,0.196,0.569,0.157,0.078
2026-08-20,성남시수정구,2026-08-21T17:00,gem_global_ensemble,21,0.714,0.238,0.048,0
2026-08-20,성남시수정구,2026-08-21T18:00,ensemble,143,0.399,0.441,0.126,0.035
2026-08-20,성남시수정구,2026-08-21T18:00,icon_seamless_eps,40,0.25,0.525,0.2,0.025
2026-08-20,성남시수정구,2026-08-21T18:00,ncep_gefs_seamless,31,0.71,0.258,0.032,0
2026-08-20,성남시수정구,2026-08-21T18:00,ecmwf_ifs025_ensemble,51,0.196,0.569,0.157,0.078
2026-08-20,성남시수정구,2026-08-21T18:00,gem_global_ensemble,21,0.714,0.238,0.048,0
2026-08-20,성남시수정구,2026-08-21T19:00,ensemble,143,0.503,0.329,0.147,0.021
2026-08-20,성남시수정구,2026-08-21T19:00,icon_seamless_eps,40,0.325,0.325,0.325,0.025
2026-08-20,성남시수정구,2026-08-21T19:00,ncep_gefs_seamless,31,0.774,0.226,0,0
2026-08-20,성남시수정구,2026-08-21T19:00,ecmwf_ifs025_ensemble,51,0.373,0.49,0.137,0
2026-08-20,성남시수정구,2026-08-21T19:00,gem_global_ensemble,21,0.762,0.095,0.048,0.095
2026-08-20,성남시수정구,2026-08-21T20:00,ensemble,143,0.503,0.329,0.147,0.021
2026-08-20,성남시수정구,2026-08-21T20:00,icon_seamless_eps,40,0.325,0.325,0.325,0.025
2026-08-20,성남시수정구,2026-08-21T20:00,ncep_gefs_seamless,31,0.774,0.226,0,0
2026-08-20,성남시수정구,2026-08-21T20:00,ecmwf_ifs025_ensemble,51,0.373,0.49,0.137,0
2026-08-20,성남시수정구,2026-08-21T20:00,gem_global_ensemble,21,0.762,0.095,0.048,0.095
2026-08-20,성남시수정구,2026-08-21T21:00,ensemble,143,0.503,0.329,0.147,0.021
2026-08-20,성남시수정구,2026-08-21T21:00,icon_seamless_eps,40,0.325,0.325,0.325,0.025
2026-08-20,성남시수정구,2026-08-21T21:00,ncep_gefs_seamless,31,0.774,0.226,0,0
2026-08-20,성남시수정구,2026-08-21T21:00,ecmwf_ifs025_ensemble,51,0.373,0.49,0.137,0
2026-08-20,성남시수정구,2026-08-21T21:00,gem_global_ensemble,21,0.762,0.095,0.048,0.095
2026-08-20,성남시수정구,2026-08-21T22:00,ensemble,143,0.517,0.266,0.203,0.014
2026-08-20,성남시수정구,2026-08-21T22:00,icon_seamless_eps,40,0.225,0.3,0.45,0.025
2026-08-20,성남시수정구,2026-08-21T22:00,ncep_gefs_seamless,31,0.806,0.161,0.032,0
2026-08-20,성남시수정구,2026-08-21T22:00,ecmwf_ifs025_ensemble,51,0.549,0.275,0.157,0.02
2026-08-20,성남시수정구,2026-08-21T22:00,gem_global_ensemble,21,0.571,0.333,0.095,0
2026-08-20,성남시수정구,2026-08-21T23:00,ensemble,143,0.517,0.266,0.203,0.014
2026-08-20,성남시수정구,2026-08-21T23:00,icon_seamless_eps,40,0.225,0.3,0.45,0.025
2026-08-20,성남시수정구,2026-08-21T23:00,ncep_gefs_seamless,31,0.806,0.161,0.032,0
2026-08-20,성남시수정구,2026-08-21T23:00,ecmwf_ifs025_ensemble,51,0.549,0.275,0.157,0.02
2026-08-20,성남시수정구,2026-08-21T23:00,gem_global_ensemble,21,0.571,0.333,0.095,0
2026-08-21,수원시권선구,2026-08-21T00:00,ensemble,143,0.874,0.119,0.007,0
2026-08-21,수원시권선구,2026-08-21T00:00,icon_seamless_eps,40,0.95,0.05,0,0
2026-08-21,수원시권선구,2026-08-21T00:00,ncep_gefs_seamless,31,0.806,0.194,0,0
2026-08-21,수원시권선구,2026-08-21T00:00,ecmwf_ifs025_ensemble,51,0.882,0.118,0,0
2026-08-21,수원시권선구,2026-08-21T00:00,gem_global_ensemble,21,0.81,0.143,0.048,0
2026-08-21,수원시권선구,2026-08-21T01:00,ensemble,143,0.86,0.119,0.021,0
2026-08-21,수원시권선구,2026-08-21T01:00,icon_seamless_eps,40,1,0,0,0
2026-08-21,수원시권선구,2026-08-21T01:00,ncep_gefs_seamless,31,1,0,0,0
2026-08-21,수원시권선구,2026-08-21T01:00,ecmwf_ifs025_ensemble,51,0.686,0.314,0,0
2026-08-21,수원시권선구,2026-08-21T01:00,gem_global_ensemble,21,0.81,0.048,0.143,0
2026-08-21,수원시권선구,2026-08-21T02:00,ensemble,143,0.846,0.133,0.021,0
2026-08-21,수원시권선구,2026-08-21T02:00,icon_seamless_eps,40,0.95,0.05,0,0
2026-08-21,수원시권선구,2026-08-21T02:00,ncep_gefs_seamless,31,1,0,0,0
2026-08-21,수원시권선구,2026-08-21T02:00,ecmwf_ifs025_ensemble,51,0.686,0.314,0,0
2026-08-21,수원시권선구,2026-08-21T02:00,gem_global_ensemble,21,0.81,0.048,0.143,0
2026-08-21,수원시권선구,2026-08-21T03:00,ensemble,143,0.839,0.14,0.021,0
2026-08-21,수원시권선구,2026-08-21T03:00,icon_seamless_eps,40,0.925,0.075,0,0
2026-08-21,수원시권선구,2026-08-21T03:00,ncep_gefs_seamless,31,1,0,0,0
2026-08-21,수원시권선구,2026-08-21T03:00,ecmwf_ifs025_ensemble,51,0.686,0.314,0,0
2026-08-21,수원시권선구,2026-08-21T03:00,gem_global_ensemble,21,0.81,0.048,0.143,0
2026-08-21,수원시권선구,2026-08-21T04:00,ensemble,143,0.517,0.385,0.084,0.014
2026-08-21,수원시권선구,2026-08-21T04:00,icon_seamless_eps,40,0.775,0.2,0.025,0
2026-08-21,수원시권선구,2026-08-21T04:00,ncep_gefs_seamless,31,0.774,0.226,0,0
2026-08-21,수원시권선구,2026-08-21T04:00,ecmwf_ifs025_ensemble,51,0.196,0.667,0.137,0
2026-08-21,수원시권선구,2026-08-21T04:00,gem_global_ensemble,21,0.429,0.286,0.19,0.095
2026-08-21,수원시권선구,2026-08-21T05:00,ensemble,143,0.434,0.413,0.14,0.014
2026-08-21,수원시권선구,2026-08-21T05:00,icon_seamless_eps,40,0.475,0.3,0.225,0
2026-08-21,수원시권선구,2026-08-21T05:00,ncep_gefs_seamless,31,0.774,0.226,0,0
2026-08-21,수원시권선구,2026-08-21T05:00,ecmwf_ifs025_ensemble,51,0.196,0.667,0.137,0
2026-08-21,수원시권선구,2026-08-21T05:00,gem_global_ensemble,21,0.429,0.286,0.19,0.095
2026-08-21,수원시권선구,2026-08-21T06:00,ensemble,143,0.357,0.427,0.196,0.021
2026-08-21,수원시권선구,2026-08-21T06:00,icon_seamless_eps,40,0.2,0.35,0.425,0.025
2026-08-21,수원시권선구,2026-08-21T06:00,ncep_gefs_seamless,31,0.774,0.226,0,0
2026-08-21,수원시권선구,2026-08-21T06:00,ecmwf_ifs025_ensemble,51,0.196,0.667,0.137,0
2026-08-21,수원시권선구,2026-08-21T06:00,gem_global_ensemble,21,0.429,0.286,0.19,0.095
2026-08-21,수원시권선구,2026-08-21T07:00,ensemble,143,0.14,0.385,0.406,0.07
2026-08-21,수원시권선구,2026-08-21T07:00,icon_seamless_eps,40,0.125,0.375,0.45,0.05
2026-08-21,수원시권선구,2026-08-21T07:00,ncep_gefs_seamless,31,0.226,0.484,0.226,0.065
2026-08-21,수원시권선구,2026-08-21T07:00,ecmwf_ifs025_ensemble,51,0.039,0.392,0.549,0.02
2026-08-21,수원시권선구,2026-08-21T07:00,gem_global_ensemble,21,0.286,0.238,0.238,0.238
2026-08-21,수원시권선구,2026-08-21T08:00,ensemble,143,0.133,0.399,0.392,0.077
2026-08-21,수원시권선구,2026-08-21T08:00,icon_seamless_eps,40,0.1,0.425,0.4,0.075
2026-08-21,수원시권선구,2026-08-21T08:00,ncep_gefs_seamless,31,0.226,0.484,0.226,0.065
2026-08-21,수원시권선구,2026-08-21T08:00,ecmwf_ifs025_ensemble,51,0.039,0.392,0.549,0.02
2026-08-21,수원시권선구,2026-08-21T08:00,gem_global_ensemble,21,0.286,0.238,0.238,0.238
2026-08-21,수원시권선구,2026-08-21T09:00,ensemble,143,0.154,0.364,0.406,0.077
2026-08-21,수원시권선구,2026-08-21T09:00,icon_seamless_eps,40,0.175,0.3,0.45,0.075
2026-08-21,수원시권선구,2026-08-21T09:00,ncep_gefs_seamless,31,0.226,0.484,0.226,0.065
2026-08-21,수원시권선구,2026-08-21T09:00,ecmwf_ifs025_ensemble,51,0.039,0.392,0.549,0.02
2026-08-21,수원시권선구,2026-08-21T09:00,gem_global_ensemble,21,0.286,0.238,0.238,0.238
2026-08-21,수원시권선구,2026-08-21T10:00,ensemble,143,0.077,0.322,0.469,0.133
2026-08-21,수원시권선구,2026-08-21T10:00,icon_seamless_eps,40,0.075,0.325,0.425,0.175
2026-08-21,수원시권선구,2026-08-21T10:00,ncep_gefs_seamless,31,0.032,0.355,0.355,0.258
2026-08-21,수원시권선구,2026-08-21T10:00,ecmwf_ifs025_ensemble,51,0,0.314,0.647,0.039
2026-08-21,수원시권선구,2026-08-21T10:00,gem_global_ensemble,21,0.333,0.286,0.286,0.095
2026-08-21,수원시권선구,2026-08-21T11:00,ensemble,143,0.07,0.28,0.483,0.168
2026-08-21,수원시권선구,2026-08-21T11:00,icon_seamless_eps,40,0.05,0.175,0.475,0.3
2026-08-21,수원시권선구,2026-08-21T11:00,ncep_gefs_seamless,31,0.032,0.355,0.355,0.258
2026-08-21,수원시권선구,2026-08-21T11:00,ecmwf_ifs025_ensemble,51,0,0.314,0.647,0.039
2026-08-21,수원시권선구,2026-08-21T11:00,gem_global_ensemble,21,0.333,0.286,0.286,0.095
2026-08-21,수원시권선구,2026-08-21T12:00,ensemble,143,0.056,0.28,0.503,0.161
2026-08-21,수원시권선구,2026-08-21T12:00,icon_seamless_eps,40,0,0.175,0.55,0.275
2026-08-21,수원시권선구,2026-08-21T12:00,ncep_gefs_seamless,31,0.032,0.355,0.355,0.258
2026-08-21,수원시권선구,2026-08-21T12:00,ecmwf_ifs025_ensemble,51,0,0.314,0.647,0.039
2026-08-21,수원시권선구,2026-08-21T12:00,gem_global_ensemble,21,0.333,0.286,0.286,0.095
2026-08-21,수원시권선구,2026-08-21T13:00,ensemble,143,0.07,0.224,0.517,0.189
2026-08-21,수원시권선구,2026-08-21T13:00,icon_seamless_eps,40,0,0.1,0.65,0.25
2026-08-21,수원시권선구,2026-08-21T13:00,ncep_gefs_seamless,31,0.032,0.29,0.419,0.258
2026-08-21,수원시권선구,2026-08-21T13:00,ecmwf_ifs025_ensemble,51,0,0.294,0.608,0.098
2026-08-21,수원시권선구,2026-08-21T13:00,gem_global_ensemble,21,0.429,0.19,0.19,0.19
2026-08-21,수원시권선구,2026-08-21T14:00,ensemble,143,0.07,0.259,0.497,0.175
2026-08-21,수원시권선구,2026-08-21T14:00,icon_seamless_eps,40,0,0.225,0.575,0.2
2026-08-21,수원시권선구,2026-08-21T14:00,ncep_gefs_seamless,31,0.032,0.29,0.419,0.258
2026-08-21,수원시권선구,2026-08-21T14:00,ecmwf_ifs025_ensemble,51,0,0.294,0.608,0.098
2026-08-21,수원시권선구,2026-08-21T14:00,gem_global_ensemble,21,0.429,0.19,0.19,0.19
2026-08-21,수원시권선구,2026-08-21T15:00,ensemble,143,0.077,0.266,0.503,0.154
2026-08-21,수원시권선구,2026-08-21T15:00,icon_seamless_eps,40,0.025,0.25,0.6,0.125
2026-08-21,수원시권선구,2026-08-21T15:00,ncep_gefs_seamless,31,0.032,0.29,0.419,0.258
2026-08-21,수원시권선구,2026-08-21T15:00,ecmwf_ifs025_ensemble,51,0,0.294,0.608,0.098
2026-08-21,수원시권선구,2026-08-21T15:00,gem_global_ensemble,21,0.429,0.19,0.19,0.19
2026-08-21,수원시권선구,2026-08-21T16:00,ensemble,143,0.14,0.469,0.357,0.035
2026-08-21,수원시권선구,2026-08-21T16:00,icon_seamless_eps,40,0,0.525,0.4,0.075
2026-08-21,수원시권선구,2026-08-21T16:00,ncep_gefs_seamless,31,0.194,0.452,0.323,0.032
2026-08-21,수원시권선구,2026-08-21T16:00,ecmwf_ifs025_ensemble,51,0.059,0.529,0.392,0.02
2026-08-21,수원시권선구,2026-08-21T16:00,gem_global_ensemble,21,0.524,0.238,0.238,0
2026-08-21,수원시권선구,2026-08-21T17:00,ensemble,143,0.14,0.503,0.329,0.028
2026-08-21,수원시권선구,2026-08-21T17:00,icon_seamless_eps,40,0,0.65,0.3,0.05
2026-08-21,수원시권선구,2026-08-21T17:00,ncep_gefs_seamless,31,0.194,0.452,0.323,0.032
2026-08-21,수원시권선구,2026-08-21T17:00,ecmwf_ifs025_ensemble,51,0.059,0.529,0.392,0.02
2026-08-21,수원시권선구,2026-08-21T17:00,gem_global_ensemble,21,0.524,0.238,0.238,0
2026-08-21,수원시권선구,2026-08-21T18:00,ensemble,143,0.161,0.49,0.329,0.021
2026-08-21,수원시권선구,2026-08-21T18:00,icon_seamless_eps,40,0.075,0.6,0.3,0.025
2026-08-21,수원시권선구,2026-08-21T18:00,ncep_gefs_seamless,31,0.194,0.452,0.323,0.032
2026-08-21,수원시권선구,2026-08-21T18:00,ecmwf_ifs025_ensemble,51,0.059,0.529,0.392,0.02
2026-08-21,수원시권선구,2026-08-21T18:00,gem_global_ensemble,21,0.524,0.238,0.238,0
2026-08-21,수원시권선구,2026-08-21T19:00,ensemble,143,0.315,0.524,0.154,0.007
2026-08-21,수원시권선구,2026-08-21T19:00,icon_seamless_eps,40,0.125,0.725,0.15,0
2026-08-21,수원시권선구,2026-08-21T19:00,ncep_gefs_seamless,31,0.29,0.613,0.097,0
2026-08-21,수원시권선구,2026-08-21T19:00,ecmwf_ifs025_ensemble,51,0.294,0.471,0.235,0
2026-08-21,수원시권선구,2026-08-21T19:00,gem_global_ensemble,21,0.762,0.143,0.048,0.048
2026-08-21,수원시권선구,2026-08-21T20:00,ensemble,143,0.35,0.469,0.175,0.007
2026-08-21,수원시권선구,2026-08-21T20:00,icon_seamless_eps,40,0.25,0.525,0.225,0
2026-08-21,수원시권선구,2026-08-21T20:00,ncep_gefs_seamless,31,0.29,0.613,0.097,0
2026-08-21,수원시권선구,2026-08-21T20:00,ecmwf_ifs025_ensemble,51,0.294,0.471,0.235,0
2026-08-21,수원시권선구,2026-08-21T20:00,gem_global_ensemble,21,0.762,0.143,0.048,0.048
2026-08-21,수원시권선구,2026-08-21T21:00,ensemble,143,0.385,0.455,0.154,0.007
2026-08-21,수원시권선구,2026-08-21T21:00,icon_seamless_eps,40,0.375,0.475,0.15,0
2026-08-21,수원시권선구,2026-08-21T21:00,ncep_gefs_seamless,31,0.29,0.613,0.097,0
2026-08-21,수원시권선구,2026-08-21T21:00,ecmwf_ifs025_ensemble,51,0.294,0.471,0.235,0
2026-08-21,수원시권선구,2026-08-21T21:00,gem_global_ensemble,21,0.762,0.143,0.048,0.048
2026-08-21,수원시권선구,2026-08-21T22:00,ensemble,143,0.399,0.476,0.126,0
2026-08-21,수원시권선구,2026-08-21T22:00,icon_seamless_eps,40,0.475,0.35,0.175,0
2026-08-21,수원시권선구,2026-08-21T22:00,ncep_gefs_seamless,31,0.355,0.516,0.129,0
2026-08-21,수원시권선구,2026-08-21T22:00,ecmwf_ifs025_ensemble,51,0.275,0.608,0.118,0
2026-08-21,수원시권선구,2026-08-21T22:00,gem_global_ensemble,21,0.619,0.333,0.048,0
2026-08-21,수원시권선구,2026-08-21T23:00,ensemble,143,0.378,0.476,0.147,0
2026-08-21,수원시권선구,2026-08-21T23:00,icon_seamless_eps,40,0.4,0.35,0.25,0
2026-08-21,수원시권선구,2026-08-21T23:00,ncep_gefs_seamless,31,0.355,0.516,0.129,0
2026-08-21,수원시권선구,2026-08-21T23:00,ecmwf_ifs025_ensemble,51,0.275,0.608,0.118,0
2026-08-21,수원시권선구,2026-08-21T23:00,gem_global_ensemble,21,0.619,0.333,0.048,0
2026-08-21,수원시권선구,2026-08-22T00:00,ensemble,143,0.385,0.441,0.175,0
2026-08-21,수원시권선구,2026-08-22T00:00,icon_seamless_eps,40,0.425,0.225,0.35,0
2026-08-21,수원시권선구,2026-08-22T00:00,ncep_gefs_seamless,31,0.355,0.516,0.129,0
2026-08-21,수원시권선구,2026-08-22T00:00,ecmwf_ifs025_ensemble,51,0.275,0.608,0.118,0
2026-08-21,수원시권선구,2026-08-22T00:00,gem_global_ensemble,21,0.619,0.333,0.048,0
2026-08-21,수원시권선구,2026-08-22T01:00,ensemble,143,0.224,0.427,0.329,0.021
2026-08-21,수원시권선구,2026-08-22T01:00,icon_seamless_eps,40,0.225,0.35,0.375,0.05
2026-08-21,수원시권선구,2026-08-22T01:00,ncep_gefs_seamless,31,0.194,0.548,0.258,0
2026-08-21,수원시권선구,2026-08-22T01:00,ecmwf_ifs025_ensemble,51,0.137,0.392,0.451,0.02
2026-08-21,수원시권선구,2026-08-22T01:00,gem_global_ensemble,21,0.476,0.476,0.048,0
2026-08-21,수원시권선구,2026-08-22T02:00,ensemble,143,0.21,0.42,0.35,0.021
2026-08-21,수원시권선구,2026-08-22T02:00,icon_seamless_eps,40,0.175,0.325,0.45,0.05
2026-08-21,수원시권선구,2026-08-22T02:00,ncep_gefs_seamless,31,0.194,0.548,0.258,0
2026-08-21,수원시권선구,2026-08-22T02:00,ecmwf_ifs025_ensemble,51,0.137,0.392,0.451,0.02
2026-08-21,수원시권선구,2026-08-22T02:00,gem_global_ensemble,21,0.476,0.476,0.048,0
2026-08-21,수원시권선구,2026-08-22T03:00,ensemble,143,0.189,0.406,0.385,0.021
2026-08-21,수원시권선구,2026-08-22T03:00,icon_seamless_eps,40,0.1,0.275,0.575,0.05
2026-08-21,수원시권선구,2026-08-22T03:00,ncep_gefs_seamless,31,0.194,0.548,0.258,0
2026-08-21,수원시권선구,2026-08-22T03:00,ecmwf_ifs025_ensemble,51,0.137,0.392,0.451,0.02
2026-08-21,수원시권선구,2026-08-22T03:00,gem_global_ensemble,21,0.476,0.476,0.048,0
2026-08-21,수원시권선구,2026-08-22T04:00,ensemble,143,0.133,0.462,0.378,0.028
2026-08-21,수원시권선구,2026-08-22T04:00,icon_seamless_eps,40,0.05,0.325,0.55,0.075
2026-08-21,수원시권선구,2026-08-22T04:00,ncep_gefs_seamless,31,0.065,0.645,0.258,0.032
2026-08-21,수원시권선구,2026-08-22T04:00,ecmwf_ifs025_ensemble,51,0.098,0.49,0.412,0
2026-08-21,수원시권선구,2026-08-22T04:00,gem_global_ensemble,21,0.476,0.381,0.143,0
2026-08-21,수원시권선구,2026-08-22T05:00,ensemble,143,0.133,0.503,0.35,0.014
2026-08-21,수원시권선구,2026-08-22T05:00,icon_seamless_eps,40,0.05,0.475,0.45,0.025
2026-08-21,수원시권선구,2026-08-22T05:00,ncep_gefs_seamless,31,0.065,0.645,0.258,0.032
2026-08-21,수원시권선구,2026-08-22T05:00,ecmwf_ifs025_ensemble,51,0.098,0.49,0.412,0
2026-08-21,수원시권선구,2026-08-22T05:00,gem_global_ensemble,21,0.476,0.381,0.143,0
2026-08-21,수원시권선구,2026-08-22T06:00,ensemble,143,0.161,0.517,0.315,0.007
2026-08-21,수원시권선구,2026-08-22T06:00,icon_seamless_eps,40,0.15,0.525,0.325,0
2026-08-21,수원시권선구,2026-08-22T06:00,ncep_gefs_seamless,31,0.065,0.645,0.258,0.032
2026-08-21,수원시권선구,2026-08-22T06:00,ecmwf_ifs025_ensemble,51,0.098,0.49,0.412,0
2026-08-21,수원시권선구,2026-08-22T06:00,gem_global_ensemble,21,0.476,0.381,0.143,0
2026-08-21,수원시권선구,2026-08-22T07:00,ensemble,143,0.287,0.448,0.245,0.021
2026-08-21,수원시권선구,2026-08-22T07:00,icon_seamless_eps,40,0.275,0.375,0.325,0.025
2026-08-21,수원시권선구,2026-08-22T07:00,ncep_gefs_seamless,31,0.065,0.516,0.387,0.032
2026-08-21,수원시권선구,2026-08-22T07:00,ecmwf_ifs025_ensemble,51,0.216,0.588,0.196,0
2026-08-21,수원시권선구,2026-08-22T07:00,gem_global_ensemble,21,0.81,0.143,0,0.048
2026-08-21,수원시권선구,2026-08-22T08:00,ensemble,143,0.308,0.434,0.238,0.021
2026-08-21,수원시권선구,2026-08-22T08:00,icon_seamless_eps,40,0.35,0.325,0.3,0.025
2026-08-21,수원시권선구,2026-08-22T08:00,ncep_gefs_seamless,31,0.065,0.516,0.387,0.032
2026-08-21,수원시권선구,2026-08-22T08:00,ecmwf_ifs025_ensemble,51,0.216,0.588,0.196,0
2026-08-21,수원시권선구,2026-08-22T08:00,gem_global_ensemble,21,0.81,0.143,0,0.048
2026-08-21,수원시권선구,2026-08-22T09:00,ensemble,143,0.322,0.434,0.224,0.021
2026-08-21,수원시권선구,2026-08-22T09:00,icon_seamless_eps,40,0.4,0.325,0.25,0.025
2026-08-21,수원시권선구,2026-08-22T09:00,ncep_gefs_seamless,31,0.065,0.516,0.387,0.032
2026-08-21,수원시권선구,2026-08-22T09:00,ecmwf_ifs025_ensemble,51,0.216,0.588,0.196,0
2026-08-21,수원시권선구,2026-08-22T09:00,gem_global_ensemble,21,0.81,0.143,0,0.048
2026-08-21,수원시권선구,2026-08-22T10:00,ensemble,143,0.42,0.35,0.203,0.028
2026-08-21,수원시권선구,2026-08-22T10:00,icon_seamless_eps,40,0.425,0.25,0.275,0.05
2026-08-21,수원시권선구,2026-08-22T10:00,ncep_gefs_seamless,31,0.097,0.419,0.419,0.065
2026-08-21,수원시권선구,2026-08-22T10:00,ecmwf_ifs025_ensemble,51,0.412,0.529,0.059,0
2026-08-21,수원시권선구,2026-08-22T10:00,gem_global_ensemble,21,0.905,0,0.095,0
2026-08-21,수원시권선구,2026-08-22T11:00,ensemble,143,0.406,0.392,0.182,0.021
2026-08-21,수원시권선구,2026-08-22T11:00,icon_seamless_eps,40,0.375,0.4,0.2,0.025
2026-08-21,수원시권선구,2026-08-22T11:00,ncep_gefs_seamless,31,0.097,0.419,0.419,0.065
2026-08-21,수원시권선구,2026-08-22T11:00,ecmwf_ifs025_ensemble,51,0.412,0.529,0.059,0
2026-08-21,수원시권선구,2026-08-22T11:00,gem_global_ensemble,21,0.905,0,0.095,0
2026-08-21,수원시권선구,2026-08-22T12:00,ensemble,143,0.413,0.385,0.189,0.014
2026-08-21,수원시권선구,2026-08-22T12:00,icon_seamless_eps,40,0.4,0.375,0.225,0
2026-08-21,수원시권선구,2026-08-22T12:00,ncep_gefs_seamless,31,0.097,0.419,0.419,0.065
2026-08-21,수원시권선구,2026-08-22T12:00,ecmwf_ifs025_ensemble,51,0.412,0.529,0.059,0
2026-08-21,수원시권선구,2026-08-22T12:00,gem_global_ensemble,21,0.905,0,0.095,0
2026-08-21,수원시권선구,2026-08-22T13:00,ensemble,143,0.462,0.448,0.077,0.014
2026-08-21,수원시권선구,2026-08-22T13:00,icon_seamless_eps,40,0.375,0.475,0.15,0
2026-08-21,수원시권선구,2026-08-22T13:00,ncep_gefs_seamless,31,0.226,0.581,0.129,0.065
2026-08-21,수원시권선구,2026-08-22T13:00,ecmwf_ifs025_ensemble,51,0.51,0.471,0.02,0
2026-08-21,수원시권선구,2026-08-22T13:00,gem_global_ensemble,21,0.857,0.143,0,0
2026-08-21,수원시권선구,2026-08-22T14:00,ensemble,143,0.469,0.462,0.056,0.014
2026-08-21,수원시권선구,2026-08-22T14:00,icon_seamless_eps,40,0.4,0.525,0.075,0
2026-08-21,수원시권선구,2026-08-22T14:00,ncep_gefs_seamless,31,0.226,0.581,0.129,0.065
2026-08-21,수원시권선구,2026-08-22T14:00,ecmwf_ifs025_ensemble,51,0.51,0.471,0.02,0
2026-08-21,수원시권선구,2026-08-22T14:00,gem_global_ensemble,21,0.857,0.143,0,0
2026-08-21,수원시권선구,2026-08-22T15:00,ensemble,143,0.49,0.427,0.07,0.014
2026-08-21,수원시권선구,2026-08-22T15:00,icon_seamless_eps,40,0.475,0.4,0.125,0
2026-08-21,수원시권선구,2026-08-22T15:00,ncep_gefs_seamless,31,0.226,0.581,0.129,0.065
2026-08-21,수원시권선구,2026-08-22T15:00,ecmwf_ifs025_ensemble,51,0.51,0.471,0.02,0
2026-08-21,수원시권선구,2026-08-22T15:00,gem_global_ensemble,21,0.857,0.143,0,0
2026-08-21,수원시권선구,2026-08-22T16:00,ensemble,143,0.58,0.322,0.091,0.007
2026-08-21,수원시권선구,2026-08-22T16:00,icon_seamless_eps,40,0.55,0.275,0.175,0
2026-08-21,수원시권선구,2026-08-22T16:00,ncep_gefs_seamless,31,0.613,0.323,0.065,0
2026-08-21,수원시권선구,2026-08-22T16:00,ecmwf_ifs025_ensemble,51,0.529,0.431,0.039,0
2026-08-21,수원시권선구,2026-08-22T16:00,gem_global_ensemble,21,0.714,0.143,0.095,0.048
2026-08-21,수원시권선구,2026-08-22T17:00,ensemble,143,0.566,0.343,0.077,0.014
2026-08-21,수원시권선구,2026-08-22T17:00,icon_seamless_eps,40,0.5,0.35,0.125,0.025
2026-08-21,수원시권선구,2026-08-22T17:00,ncep_gefs_seamless,31,0.613,0.323,0.065,0
2026-08-21,수원시권선구,2026-08-22T17:00,ecmwf_ifs025_ensemble,51,0.529,0.431,0.039,0
2026-08-21,수원시권선구,2026-08-22T17:00,gem_global_ensemble,21,0.714,0.143,0.095,0.048
2026-08-21,수원시권선구,2026-08-22T18:00,ensemble,143,0.601,0.315,0.07,0.014
2026-08-21,수원시권선구,2026-08-22T18:00,icon_seamless_eps,40,0.625,0.25,0.1,0.025
2026-08-21,수원시권선구,2026-08-22T18:00,ncep_gefs_seamless,31,0.613,0.323,0.065,0
2026-08-21,수원시권선구,2026-08-22T18:00,ecmwf_ifs025_ensemble,51,0.529,0.431,0.039,0
2026-08-21,수원시권선구,2026-08-22T18:00,gem_global_ensemble,21,0.714,0.143,0.095,0.048
2026-08-21,수원시권선구,2026-08-22T19:00,ensemble,143,0.818,0.126,0.049,0.007
2026-08-21,수원시권선구,2026-08-22T19:00,icon_seamless_eps,40,0.7,0.175,0.1,0.025
2026-08-21,수원시권선구,2026-08-22T19:00,ncep_gefs_seamless,31,0.871,0.129,0,0
2026-08-21,수원시권선구,2026-08-22T19:00,ecmwf_ifs025_ensemble,51,0.843,0.118,0.039,0
2026-08-21,수원시권선구,2026-08-22T19:00,gem_global_ensemble,21,0.905,0.048,0.048,0
2026-08-21,수원시권선구,2026-08-22T20:00,ensemble,143,0.839,0.112,0.049,0
2026-08-21,수원시권선구,2026-08-22T20:00,icon_seamless_eps,40,0.775,0.125,0.1,0
2026-08-21,수원시권선구,2026-08-22T20:00,ncep_gefs_seamless,31,0.871,0.129,0,0
2026-08-21,수원시권선구,2026-08-22T20:00,ecmwf_ifs025_ensemble,51,0.843,0.118,0.039,0
2026-08-21,수원시권선구,2026-08-22T20:00,gem_global_ensemble,21,0.905,0.048,0.048,0
2026-08-21,수원시권선구,2026-08-22T21:00,ensemble,143,0.839,0.126,0.035,0
2026-08-21,수원시권선구,2026-08-22T21:00,icon_seamless_eps,40,0.775,0.175,0.05,0
2026-08-21,수원시권선구,2026-08-22T21:00,ncep_gefs_seamless,31,0.871,0.129,0,0
2026-08-21,수원시권선구,2026-08-22T21:00,ecmwf_ifs025_ensemble,51,0.843,0.118,0.039,0
2026-08-21,수원시권선구,2026-08-22T21:00,gem_global_ensemble,21,0.905,0.048,0.048,0
2026-08-21,수원시권선구,2026-08-22T22:00,ensemble,143,0.804,0.119,0.077,0
2026-08-21,수원시권선구,2026-08-22T22:00,icon_seamless_eps,40,0.65,0.15,0.2,0
2026-08-21,수원시권선구,2026-08-22T22:00,ncep_gefs_seamless,31,0.774,0.194,0.032,0
2026-08-21,수원시권선구,2026-08-22T22:00,ecmwf_ifs025_ensemble,51,0.863,0.098,0.039,0
2026-08-21,수원시권선구,2026-08-22T22:00,gem_global_ensemble,21,1,0,0,0
2026-08-21,수원시권선구,2026-08-22T23:00,ensemble,143,0.804,0.119,0.077,0
2026-08-21,수원시권선구,2026-08-22T23:00,icon_seamless_eps,40,0.65,0.15,0.2,0
2026-08-21,수원시권선구,2026-08-22T23:00,ncep_gefs_seamless,31,0.774,0.194,0.032,0
2026-08-21,수원시권선구,2026-08-22T23:00,ecmwf_ifs025_ensemble,51,0.863,0.098,0.039,0
2026-08-21,수원시권선구,2026-08-22T23:00,gem_global_ensemble,21,1,0,0,0
2026-08-21,성남시수정구,2026-08-21T00:00,ensemble,143,0.839,0.154,0.007,0
2026-08-21,성남시수정구,2026-08-21T00:00,icon_seamless_eps,40,0.925,0.075,0,0
2026-08-21,성남시수정구,2026-08-21T00:00,ncep_gefs_seamless,31,0.645,0.355,0,0
2026-08-21,성남시수정구,2026-08-21T00:00,ecmwf_ifs025_ensemble,51,0.902,0.098,0,0
2026-08-21,성남시수정구,2026-08-21T00:00,gem_global_ensemble,21,0.81,0.143,0.048,0
2026-08-21,성남시수정구,2026-08-21T01:00,ensemble,143,0.874,0.098,0.028,0
2026-08-21,성남시수정구,2026-08-21T01:00,icon_seamless_eps,40,0.925,0.075,0,0
2026-08-21,성남시수정구,2026-08-21T01:00,ncep_gefs_seamless,31,0.968,0.032,0,0
2026-08-21,성남시수정구,2026-08-21T01:00,ecmwf_ifs025_ensemble,51,0.804,0.176,0.02,0
2026-08-21,성남시수정구,2026-08-21T01:00,gem_global_ensemble,21,0.81,0.048,0.143,0
2026-08-21,성남시수정구,2026-08-21T02:00,ensemble,143,0.881,0.091,0.028,0
2026-08-21,성남시수정구,2026-08-21T02:00,icon_seamless_eps,40,0.95,0.05,0,0
2026-08-21,성남시수정구,2026-08-21T02:00,ncep_gefs_seamless,31,0.968,0.032,0,0
2026-08-21,성남시수정구,2026-08-21T02:00,ecmwf_ifs025_ensemble,51,0.804,0.176,0.02,0
2026-08-21,성남시수정구,2026-08-21T02:00,gem_global_ensemble,21,0.81,0.048,0.143,0
2026-08-21,성남시수정구,2026-08-21T03:00,ensemble,143,0.881,0.091,0.028,0
2026-08-21,성남시수정구,2026-08-21T03:00,icon_seamless_eps,40,0.95,0.05,0,0
2026-08-21,성남시수정구,2026-08-21T03:00,ncep_gefs_seamless,31,0.968,0.032,0,0
2026-08-21,성남시수정구,2026-08-21T03:00,ecmwf_ifs025_ensemble,51,0.804,0.176,0.02,0
2026-08-21,성남시수정구,2026-08-21T03:00,gem_global_ensemble,21,0.81,0.048,0.143,0
2026-08-21,성남시수정구,2026-08-21T04:00,ensemble,143,0.601,0.322,0.063,0.014
2026-08-21,성남시수정구,2026-08-21T04:00,icon_seamless_eps,40,0.875,0.125,0,0
2026-08-21,성남시수정구,2026-08-21T04:00,ncep_gefs_seamless,31,0.903,0.097,0,0
2026-08-21,성남시수정구,2026-08-21T04:00,ecmwf_ifs025_ensemble,51,0.275,0.627,0.098,0
2026-08-21,성남시수정구,2026-08-21T04:00,gem_global_ensemble,21,0.429,0.286,0.19,0.095
2026-08-21,성남시수정구,2026-08-21T05:00,ensemble,143,0.566,0.343,0.077,0.014
2026-08-21,성남시수정구,2026-08-21T05:00,icon_seamless_eps,40,0.75,0.2,0.05,0
2026-08-21,성남시수정구,2026-08-21T05:00,ncep_gefs_seamless,31,0.903,0.097,0,0
2026-08-21,성남시수정구,2026-08-21T05:00,ecmwf_ifs025_ensemble,51,0.275,0.627,0.098,0
2026-08-21,성남시수정구,2026-08-21T05:00,gem_global_ensemble,21,0.429,0.286,0.19,0.095
2026-08-21,성남시수정구,2026-08-21T06:00,ensemble,143,0.497,0.343,0.147,0.014
2026-08-21,성남시수정구,2026-08-21T06:00,icon_seamless_eps,40,0.5,0.2,0.3,0
2026-08-21,성남시수정구,2026-08-21T06:00,ncep_gefs_seamless,31,0.903,0.097,0,0
2026-08-21,성남시수정구,2026-08-21T06:00,ecmwf_ifs025_ensemble,51,0.275,0.627,0.098,0
2026-08-21,성남시수정구,2026-08-21T06:00,gem_global_ensemble,21,0.429,0.286,0.19,0.095
2026-08-21,성남시수정구,2026-08-21T07:00,ensemble,143,0.238,0.385,0.322,0.056
2026-08-21,성남시수정구,2026-08-21T07:00,icon_seamless_eps,40,0.3,0.4,0.275,0.025
2026-08-21,성남시수정구,2026-08-21T07:00,ncep_gefs_seamless,31,0.452,0.419,0.097,0.032
2026-08-21,성남시수정구,2026-08-21T07:00,ecmwf_ifs025_ensemble,51,0.039,0.412,0.529,0.02
2026-08-21,성남시수정구,2026-08-21T07:00,gem_global_ensemble,21,0.286,0.238,0.238,0.238
2026-08-21,성남시수정구,2026-08-21T08:00,ensemble,143,0.224,0.385,0.329,0.063
2026-08-21,성남시수정구,2026-08-21T08:00,icon_seamless_eps,40,0.25,0.4,0.3,0.05
2026-08-21,성남시수정구,2026-08-21T08:00,ncep_gefs_seamless,31,0.452,0.419,0.097,0.032
2026-08-21,성남시수정구,2026-08-21T08:00,ecmwf_ifs025_ensemble,51,0.039,0.412,0.529,0.02
2026-08-21,성남시수정구,2026-08-21T08:00,gem_global_ensemble,21,0.286,0.238,0.238,0.238
2026-08-21,성남시수정구,2026-08-21T09:00,ensemble,143,0.217,0.399,0.322,0.063
2026-08-21,성남시수정구,2026-08-21T09:00,icon_seamless_eps,40,0.225,0.45,0.275,0.05
2026-08-21,성남시수정구,2026-08-21T09:00,ncep_gefs_seamless,31,0.452,0.419,0.097,0.032
2026-08-21,성남시수정구,2026-08-21T09:00,ecmwf_ifs025_ensemble,51,0.039,0.412,0.529,0.02
2026-08-21,성남시수정구,2026-08-21T09:00,gem_global_ensemble,21,0.286,0.238,0.238,0.238
2026-08-21,성남시수정구,2026-08-21T10:00,ensemble,143,0.133,0.357,0.427,0.084
2026-08-21,성남시수정구,2026-08-21T10:00,icon_seamless_eps,40,0.225,0.35,0.35,0.075
2026-08-21,성남시수정구,2026-08-21T10:00,ncep_gefs_seamless,31,0.097,0.484,0.323,0.097
2026-08-21,성남시수정구,2026-08-21T10:00,ecmwf_ifs025_ensemble,51,0,0.314,0.608,0.078
2026-08-21,성남시수정구,2026-08-21T10:00,gem_global_ensemble,21,0.333,0.286,0.286,0.095
2026-08-21,성남시수정구,2026-08-21T11:00,ensemble,143,0.098,0.336,0.462,0.105
2026-08-21,성남시수정구,2026-08-21T11:00,icon_seamless_eps,40,0.1,0.275,0.475,0.15
2026-08-21,성남시수정구,2026-08-21T11:00,ncep_gefs_seamless,31,0.097,0.484,0.323,0.097
2026-08-21,성남시수정구,2026-08-21T11:00,ecmwf_ifs025_ensemble,51,0,0.314,0.608,0.078
2026-08-21,성남시수정구,2026-08-21T11:00,gem_global_ensemble,21,0.333,0.286,0.286,0.095
2026-08-21,성남시수정구,2026-08-21T12:00,ensemble,143,0.077,0.315,0.483,0.126
2026-08-21,성남시수정구,2026-08-21T12:00,icon_seamless_eps,40,0.025,0.2,0.55,0.225
2026-08-21,성남시수정구,2026-08-21T12:00,ncep_gefs_seamless,31,0.097,0.484,0.323,0.097
2026-08-21,성남시수정구,2026-08-21T12:00,ecmwf_ifs025_ensemble,51,0,0.314,0.608,0.078
2026-08-21,성남시수정구,2026-08-21T12:00,gem_global_ensemble,21,0.333,0.286,0.286,0.095
2026-08-21,성남시수정구,2026-08-21T13:00,ensemble,143,0.077,0.308,0.483,0.133
2026-08-21,성남시수정구,2026-08-21T13:00,icon_seamless_eps,40,0,0.25,0.55,0.2
2026-08-21,성남시수정구,2026-08-21T13:00,ncep_gefs_seamless,31,0.065,0.452,0.419,0.065
2026-08-21,성남시수정구,2026-08-21T13:00,ecmwf_ifs025_ensemble,51,0,0.314,0.588,0.098
2026-08-21,성남시수정구,2026-08-21T13:00,gem_global_ensemble,21,0.429,0.19,0.19,0.19
2026-08-21,성남시수정구,2026-08-21T14:00,ensemble,143,0.077,0.336,0.448,0.14
2026-08-21,성남시수정구,2026-08-21T14:00,icon_seamless_eps,40,0,0.35,0.425,0.225
2026-08-21,성남시수정구,2026-08-21T14:00,ncep_gefs_seamless,31,0.065,0.452,0.419,0.065
2026-08-21,성남시수정구,2026-08-21T14:00,ecmwf_ifs025_ensemble,51,0,0.314,0.588,0.098
2026-08-21,성남시수정구,2026-08-21T14:00,gem_global_ensemble,21,0.429,0.19,0.19,0.19
2026-08-21,성남시수정구,2026-08-21T15:00,ensemble,143,0.084,0.315,0.503,0.098
2026-08-21,성남시수정구,2026-08-21T15:00,icon_seamless_eps,40,0.025,0.275,0.625,0.075
2026-08-21,성남시수정구,2026-08-21T15:00,ncep_gefs_seamless,31,0.065,0.452,0.419,0.065
2026-08-21,성남시수정구,2026-08-21T15:00,ecmwf_ifs025_ensemble,51,0,0.314,0.588,0.098
2026-08-21,성남시수정구,2026-08-21T15:00,gem_global_ensemble,21,0.429,0.19,0.19,0.19
2026-08-21,성남시수정구,2026-08-21T16:00,ensemble,143,0.126,0.49,0.371,0.014
2026-08-21,성남시수정구,2026-08-21T16:00,icon_seamless_eps,40,0,0.55,0.4,0.05
2026-08-21,성남시수정구,2026-08-21T16:00,ncep_gefs_seamless,31,0.226,0.581,0.194,0
2026-08-21,성남시수정구,2026-08-21T16:00,ecmwf_ifs025_ensemble,51,0,0.49,0.51,0
2026-08-21,성남시수정구,2026-08-21T16:00,gem_global_ensemble,21,0.524,0.238,0.238,0
2026-08-21,성남시수정구,2026-08-21T17:00,ensemble,143,0.126,0.531,0.329,0.014
2026-08-21,성남시수정구,2026-08-21T17:00,icon_seamless_eps,40,0,0.7,0.25,0.05
2026-08-21,성남시수정구,2026-08-21T17:00,ncep_gefs_seamless,31,0.226,0.581,0.194,0
2026-08-21,성남시수정구,2026-08-21T17:00,ecmwf_ifs025_ensemble,51,0,0.49,0.51,0
2026-08-21,성남시수정구,2026-08-21T17:00,gem_global_ensemble,21,0.524,0.238,0.238,0
2026-08-21,성남시수정구,2026-08-21T18:00,ensemble,143,0.14,0.538,0.315,0.007
2026-08-21,성남시수정구,2026-08-21T18:00,icon_seamless_eps,40,0.05,0.725,0.2,0.025
2026-08-21,성남시수정구,2026-08-21T18:00,ncep_gefs_seamless,31,0.226,0.581,0.194,0
2026-08-21,성남시수정구,2026-08-21T18:00,ecmwf_ifs025_ensemble,51,0,0.49,0.51,0
2026-08-21,성남시수정구,2026-08-21T18:00,gem_global_ensemble,21,0.524,0.238,0.238,0
2026-08-21,성남시수정구,2026-08-21T19:00,ensemble,143,0.329,0.524,0.14,0.007
2026-08-21,성남시수정구,2026-08-21T19:00,icon_seamless_eps,40,0.075,0.825,0.1,0
2026-08-21,성남시수정구,2026-08-21T19:00,ncep_gefs_seamless,31,0.452,0.452,0.097,0
2026-08-21,성남시수정구,2026-08-21T19:00,ecmwf_ifs025_ensemble,51,0.275,0.49,0.235,0
2026-08-21,성남시수정구,2026-08-21T19:00,gem_global_ensemble,21,0.762,0.143,0.048,0.048
2026-08-21,성남시수정구,2026-08-21T20:00,ensemble,143,0.392,0.448,0.154,0.007
2026-08-21,성남시수정구,2026-08-21T20:00,icon_seamless_eps,40,0.3,0.55,0.15,0
2026-08-21,성남시수정구,2026-08-21T20:00,ncep_gefs_seamless,31,0.452,0.452,0.097,0
2026-08-21,성남시수정구,2026-08-21T20:00,ecmwf_ifs025_ensemble,51,0.275,0.49,0.235,0
2026-08-21,성남시수정구,2026-08-21T20:00,gem_global_ensemble,21,0.762,0.143,0.048,0.048
2026-08-21,성남시수정구,2026-08-21T21:00,ensemble,143,0.42,0.406,0.168,0.007
2026-08-21,성남시수정구,2026-08-21T21:00,icon_seamless_eps,40,0.4,0.4,0.2,0
2026-08-21,성남시수정구,2026-08-21T21:00,ncep_gefs_seamless,31,0.452,0.452,0.097,0
2026-08-21,성남시수정구,2026-08-21T21:00,ecmwf_ifs025_ensemble,51,0.275,0.49,0.235,0
2026-08-21,성남시수정구,2026-08-21T21:00,gem_global_ensemble,21,0.762,0.143,0.048,0.048
2026-08-21,성남시수정구,2026-08-21T22:00,ensemble,143,0.371,0.469,0.161,0
2026-08-21,성남시수정구,2026-08-21T22:00,icon_seamless_eps,40,0.425,0.45,0.125,0
2026-08-21,성남시수정구,2026-08-21T22:00,ncep_gefs_seamless,31,0.387,0.419,0.194,0
2026-08-21,성남시수정구,2026-08-21T22:00,ecmwf_ifs025_ensemble,51,0.216,0.569,0.216,0
2026-08-21,성남시수정구,2026-08-21T22:00,gem_global_ensemble,21,0.619,0.333,0.048,0
2026-08-21,성남시수정구,2026-08-21T23:00,ensemble,143,0.378,0.441,0.182,0
2026-08-21,성남시수정구,2026-08-21T23:00,icon_seamless_eps,40,0.45,0.35,0.2,0
2026-08-21,성남시수정구,2026-08-21T23:00,ncep_gefs_seamless,31,0.387,0.419,0.194,0
2026-08-21,성남시수정구,2026-08-21T23:00,ecmwf_ifs025_ensemble,51,0.216,0.569,0.216,0
2026-08-21,성남시수정구,2026-08-21T23:00,gem_global_ensemble,21,0.619,0.333,0.048,0
2026-08-21,성남시수정구,2026-08-22T00:00,ensemble,143,0.364,0.406,0.231,0
2026-08-21,성남시수정구,2026-08-22T00:00,icon_seamless_eps,40,0.4,0.225,0.375,0
2026-08-21,성남시수정구,2026-08-22T00:00,ncep_gefs_seamless,31,0.387,0.419,0.194,0
2026-08-21,성남시수정구,2026-08-22T00:00,ecmwf_ifs025_ensemble,51,0.216,0.569,0.216,0
2026-08-21,성남시수정구,2026-08-22T00:00,gem_global_ensemble,21,0.619,0.333,0.048,0
2026-08-21,성남시수정구,2026-08-22T01:00,ensemble,143,0.252,0.399,0.308,0.042
2026-08-21,성남시수정구,2026-08-22T01:00,icon_seamless_eps,40,0.3,0.25,0.4,0.05
2026-08-21,성남시수정구,2026-08-22T01:00,ncep_gefs_seamless,31,0.323,0.387,0.29,0
2026-08-21,성남시수정구,2026-08-22T01:00,ecmwf_ifs025_ensemble,51,0.078,0.49,0.353,0.078
2026-08-21,성남시수정구,2026-08-22T01:00,gem_global_ensemble,21,0.476,0.476,0.048,0
2026-08-21,성남시수정구,2026-08-22T02:00,ensemble,143,0.217,0.42,0.322,0.042
2026-08-21,성남시수정구,2026-08-22T02:00,icon_seamless_eps,40,0.175,0.325,0.45,0.05
2026-08-21,성남시수정구,2026-08-22T02:00,ncep_gefs_seamless,31,0.323,0.387,0.29,0
2026-08-21,성남시수정구,2026-08-22T02:00,ecmwf_ifs025_ensemble,51,0.078,0.49,0.353,0.078
2026-08-21,성남시수정구,2026-08-22T02:00,gem_global_ensemble,21,0.476,0.476,0.048,0
2026-08-21,성남시수정구,2026-08-22T03:00,ensemble,143,0.21,0.385,0.35,0.056
2026-08-21,성남시수정구,2026-08-22T03:00,icon_seamless_eps,40,0.15,0.2,0.55,0.1
2026-08-21,성남시수정구,2026-08-22T03:00,ncep_gefs_seamless,31,0.323,0.387,0.29,0
2026-08-21,성남시수정구,2026-08-22T03:00,ecmwf_ifs025_ensemble,51,0.078,0.49,0.353,0.078
2026-08-21,성남시수정구,2026-08-22T03:00,gem_global_ensemble,21,0.476,0.476,0.048,0
2026-08-21,성남시수정구,2026-08-22T04:00,ensemble,143,0.154,0.448,0.371,0.028
2026-08-21,성남시수정구,2026-08-22T04:00,icon_seamless_eps,40,0.075,0.275,0.575,0.075
2026-08-21,성남시수정구,2026-08-22T04:00,ncep_gefs_seamless,31,0.161,0.645,0.194,0
2026-08-21,성남시수정구,2026-08-22T04:00,ecmwf_ifs025_ensemble,51,0.078,0.49,0.412,0.02
2026-08-21,성남시수정구,2026-08-22T04:00,gem_global_ensemble,21,0.476,0.381,0.143,0
2026-08-21,성남시수정구,2026-08-22T05:00,ensemble,143,0.147,0.462,0.371,0.021
2026-08-21,성남시수정구,2026-08-22T05:00,icon_seamless_eps,40,0.05,0.325,0.575,0.05
2026-08-21,성남시수정구,2026-08-22T05:00,ncep_gefs_seamless,31,0.161,0.645,0.194,0
2026-08-21,성남시수정구,2026-08-22T05:00,ecmwf_ifs025_ensemble,51,0.078,0.49,0.412,0.02
2026-08-21,성남시수정구,2026-08-22T05:00,gem_global_ensemble,21,0.476,0.381,0.143,0
2026-08-21,성남시수정구,2026-08-22T06:00,ensemble,143,0.168,0.503,0.322,0.007
2026-08-21,성남시수정구,2026-08-22T06:00,icon_seamless_eps,40,0.125,0.475,0.4,0
2026-08-21,성남시수정구,2026-08-22T06:00,ncep_gefs_seamless,31,0.161,0.645,0.194,0
2026-08-21,성남시수정구,2026-08-22T06:00,ecmwf_ifs025_ensemble,51,0.078,0.49,0.412,0.02
2026-08-21,성남시수정구,2026-08-22T06:00,gem_global_ensemble,21,0.476,0.381,0.143,0
2026-08-21,성남시수정구,2026-08-22T07:00,ensemble,143,0.287,0.441,0.266,0.007
2026-08-21,성남시수정구,2026-08-22T07:00,icon_seamless_eps,40,0.25,0.4,0.35,0
2026-08-21,성남시수정구,2026-08-22T07:00,ncep_gefs_seamless,31,0.129,0.645,0.226,0
2026-08-21,성남시수정구,2026-08-22T07:00,ecmwf_ifs025_ensemble,51,0.196,0.471,0.333,0
2026-08-21,성남시수정구,2026-08-22T07:00,gem_global_ensemble,21,0.81,0.143,0,0.048
2026-08-21,성남시수정구,2026-08-22T08:00,ensemble,143,0.28,0.441,0.266,0.014
2026-08-21,성남시수정구,2026-08-22T08:00,icon_seamless_eps,40,0.225,0.4,0.35,0.025
2026-08-21,성남시수정구,2026-08-22T08:00,ncep_gefs_seamless,31,0.129,0.645,0.226,0
2026-08-21,성남시수정구,2026-08-22T08:00,ecmwf_ifs025_ensemble,51,0.196,0.471,0.333,0
2026-08-21,성남시수정구,2026-08-22T08:00,gem_global_ensemble,21,0.81,0.143,0,0.048
2026-08-21,성남시수정구,2026-08-22T09:00,ensemble,143,0.294,0.448,0.245,0.014
2026-08-21,성남시수정구,2026-08-22T09:00,icon_seamless_eps,40,0.275,0.425,0.275,0.025
2026-08-21,성남시수정구,2026-08-22T09:00,ncep_gefs_seamless,31,0.129,0.645,0.226,0
2026-08-21,성남시수정구,2026-08-22T09:00,ecmwf_ifs025_ensemble,51,0.196,0.471,0.333,0
2026-08-21,성남시수정구,2026-08-22T09:00,gem_global_ensemble,21,0.81,0.143,0,0.048
2026-08-21,성남시수정구,2026-08-22T10:00,ensemble,143,0.364,0.413,0.21,0.014
2026-08-21,성남시수정구,2026-08-22T10:00,icon_seamless_eps,40,0.35,0.35,0.275,0.025
2026-08-21,성남시수정구,2026-08-22T10:00,ncep_gefs_seamless,31,0.129,0.516,0.323,0.032
2026-08-21,성남시수정구,2026-08-22T10:00,ecmwf_ifs025_ensemble,51,0.294,0.569,0.137,0
2026-08-21,성남시수정구,2026-08-22T10:00,gem_global_ensemble,21,0.905,0,0.095,0
2026-08-21,성남시수정구,2026-08-22T11:00,ensemble,143,0.371,0.406,0.21,0.014
2026-08-21,성남시수정구,2026-08-22T11:00,icon_seamless_eps,40,0.375,0.325,0.275,0.025
2026-08-21,성남시수정구,2026-08-22T11:00,ncep_gefs_seamless,31,0.129,0.516,0.323,0.032
2026-08-21,성남시수정구,2026-08-22T11:00,ecmwf_ifs025_ensemble,51,0.294,0.569,0.137,0
2026-08-21,성남시수정구,2026-08-22T11:00,gem_global_ensemble,21,0.905,0,0.095,0
2026-08-21,성남시수정구,2026-08-22T12:00,ensemble,143,0.357,0.441,0.196,0.007
2026-08-21,성남시수정구,2026-08-22T12:00,icon_seamless_eps,40,0.325,0.45,0.225,0
2026-08-21,성남시수정구,2026-08-22T12:00,ncep_gefs_seamless,31,0.129,0.516,0.323,0.032
2026-08-21,성남시수정구,2026-08-22T12:00,ecmwf_ifs025_ensemble,51,0.294,0.569,0.137,0
2026-08-21,성남시수정구,2026-08-22T12:00,gem_global_ensemble,21,0.905,0,0.095,0
2026-08-21,성남시수정구,2026-08-22T13:00,ensemble,143,0.441,0.448,0.112,0
2026-08-21,성남시수정구,2026-08-22T13:00,icon_seamless_eps,40,0.425,0.425,0.15,0
2026-08-21,성남시수정구,2026-08-22T13:00,ncep_gefs_seamless,31,0.161,0.645,0.194,0
2026-08-21,성남시수정구,2026-08-22T13:00,ecmwf_ifs025_ensemble,51,0.451,0.471,0.078,0
2026-08-21,성남시수정구,2026-08-22T13:00,gem_global_ensemble,21,0.857,0.143,0,0
2026-08-21,성남시수정구,2026-08-22T14:00,ensemble,143,0.434,0.469,0.098,0
2026-08-21,성남시수정구,2026-08-22T14:00,icon_seamless_eps,40,0.4,0.5,0.1,0
2026-08-21,성남시수정구,2026-08-22T14:00,ncep_gefs_seamless,31,0.161,0.645,0.194,0
2026-08-21,성남시수정구,2026-08-22T14:00,ecmwf_ifs025_ensemble,51,0.451,0.471,0.078,0
2026-08-21,성남시수정구,2026-08-22T14:00,gem_global_ensemble,21,0.857,0.143,0,0
2026-08-21,성남시수정구,2026-08-22T15:00,ensemble,143,0.441,0.476,0.077,0.007
2026-08-21,성남시수정구,2026-08-22T15:00,icon_seamless_eps,40,0.425,0.525,0.025,0.025
2026-08-21,성남시수정구,2026-08-22T15:00,ncep_gefs_seamless,31,0.161,0.645,0.194,0
2026-08-21,성남시수정구,2026-08-22T15:00,ecmwf_ifs025_ensemble,51,0.451,0.471,0.078,0
2026-08-21,성남시수정구,2026-08-22T15:00,gem_global_ensemble,21,0.857,0.143,0,0
2026-08-21,성남시수정구,2026-08-22T16:00,ensemble,143,0.58,0.357,0.056,0.007
2026-08-21,성남시수정구,2026-08-22T16:00,icon_seamless_eps,40,0.525,0.375,0.1,0
2026-08-21,성남시수정구,2026-08-22T16:00,ncep_gefs_seamless,31,0.581,0.387,0.032,0
2026-08-21,성남시수정구,2026-08-22T16:00,ecmwf_ifs025_ensemble,51,0.569,0.412,0.02,0
2026-08-21,성남시수정구,2026-08-22T16:00,gem_global_ensemble,21,0.714,0.143,0.095,0.048
2026-08-21,성남시수정구,2026-08-22T17:00,ensemble,143,0.594,0.329,0.063,0.014
2026-08-21,성남시수정구,2026-08-22T17:00,icon_seamless_eps,40,0.575,0.275,0.125,0.025
2026-08-21,성남시수정구,2026-08-22T17:00,ncep_gefs_seamless,31,0.581,0.387,0.032,0
2026-08-21,성남시수정구,2026-08-22T17:00,ecmwf_ifs025_ensemble,51,0.569,0.412,0.02,0
2026-08-21,성남시수정구,2026-08-22T17:00,gem_global_ensemble,21,0.714,0.143,0.095,0.048
2026-08-21,성남시수정구,2026-08-22T18:00,ensemble,143,0.58,0.364,0.042,0.014
2026-08-21,성남시수정구,2026-08-22T18:00,icon_seamless_eps,40,0.525,0.4,0.05,0.025
2026-08-21,성남시수정구,2026-08-22T18:00,ncep_gefs_seamless,31,0.581,0.387,0.032,0
2026-08-21,성남시수정구,2026-08-22T18:00,ecmwf_ifs025_ensemble,51,0.569,0.412,0.02,0
2026-08-21,성남시수정구,2026-08-22T18:00,gem_global_ensemble,21,0.714,0.143,0.095,0.048
2026-08-21,성남시수정구,2026-08-22T19:00,ensemble,143,0.79,0.182,0.021,0.007
2026-08-21,성남시수정구,2026-08-22T19:00,icon_seamless_eps,40,0.675,0.275,0.025,0.025
2026-08-21,성남시수정구,2026-08-22T19:00,ncep_gefs_seamless,31,0.806,0.194,0,0
2026-08-21,성남시수정구,2026-08-22T19:00,ecmwf_ifs025_ensemble,51,0.824,0.157,0.02,0
2026-08-21,성남시수정구,2026-08-22T19:00,gem_global_ensemble,21,0.905,0.048,0.048,0
2026-08-21,성남시수정구,2026-08-22T20:00,ensemble,143,0.825,0.133,0.042,0
2026-08-21,성남시수정구,2026-08-22T20:00,icon_seamless_eps,40,0.8,0.1,0.1,0
2026-08-21,성남시수정구,2026-08-22T20:00,ncep_gefs_seamless,31,0.806,0.194,0,0
2026-08-21,성남시수정구,2026-08-22T20:00,ecmwf_ifs025_ensemble,51,0.824,0.157,0.02,0
2026-08-21,성남시수정구,2026-08-22T20:00,gem_global_ensemble,21,0.905,0.048,0.048,0
2026-08-21,성남시수정구,2026-08-22T21:00,ensemble,143,0.825,0.14,0.035,0
2026-08-21,성남시수정구,2026-08-22T21:00,icon_seamless_eps,40,0.8,0.125,0.075,0
2026-08-21,성남시수정구,2026-08-22T21:00,ncep_gefs_seamless,31,0.806,0.194,0,0
2026-08-21,성남시수정구,2026-08-22T21:00,ecmwf_ifs025_ensemble,51,0.824,0.157,0.02,0
2026-08-21,성남시수정구,2026-08-22T21:00,gem_global_ensemble,21,0.905,0.048,0.048,0
2026-08-21,성남시수정구,2026-08-22T22:00,ensemble,143,0.825,0.133,0.042,0
2026-08-21,성남시수정구,2026-08-22T22:00,icon_seamless_eps,40,0.725,0.15,0.125,0
2026-08-21,성남시수정구,2026-08-22T22:00,ncep_gefs_seamless,31,0.742,0.258,0,0
2026-08-21,성남시수정구,2026-08-22T22:00,ecmwf_ifs025_ensemble,51,0.882,0.098,0.02,0
2026-08-21,성남시수정구,2026-08-22T22:00,gem_global_ensemble,21,1,0,0,0
2026-08-21,성남시수정구,2026-08-22T23:00,ensemble,143,0.825,0.133,0.042,0
2026-08-21,성남시수정구,2026-08-22T23:00,icon_seamless_eps,40,0.725,0.15,0.125,0
2026-08-21,성남시수정구,2026-08-22T23:00,ncep_gefs_seamless,31,0.742,0.258,0,0
2026-08-21,성남시수정구,2026-08-22T23:00,ecmwf_ifs025_ensemble,51,0.882,0.098,0.02,0
2026-08-21,성남시수정구,2026-08-22T23:00,gem_global_ensemble,21,1,0,0,0
2026-08-22,수원시권선구,2026-08-22T00:00,ensemble,143,0.273,0.42,0.287,0.021
2026-08-22,수원시권선구,2026-08-22T00:00,icon_seamless_eps,40,0.35,0.425,0.225,0
2026-08-22,수원시권선구,2026-08-22T00:00,ncep_gefs_seamless,31,0.323,0.387,0.29,0
2026-08-22,수원시권선구,2026-08-22T00:00,ecmwf_ifs025_ensemble,51,0.137,0.49,0.353,0.02
2026-08-22,수원시권선구,2026-08-22T00:00,gem_global_ensemble,21,0.381,0.286,0.238,0.095
2026-08-22,수원시권선구,2026-08-22T01:00,ensemble,143,0.21,0.252,0.413,0.126
2026-08-22,수원시권선구,2026-08-22T01:00,icon_seamless_eps,40,0.525,0.35,0.125,0
2026-08-22,수원시권선구,2026-08-22T01:00,ncep_gefs_seamless,31,0.065,0.419,0.516,0
2026-08-22,수원시권선구,2026-08-22T01:00,ecmwf_ifs025_ensemble,51,0,0.039,0.667,0.294
2026-08-22,수원시권선구,2026-08-22T01:00,gem_global_ensemble,21,0.333,0.333,0.19,0.143
2026-08-22,수원시권선구,2026-08-22T02:00,ensemble,143,0.238,0.21,0.427,0.126
2026-08-22,수원시권선구,2026-08-22T02:00,icon_seamless_eps,40,0.625,0.2,0.175,0
2026-08-22,수원시권선구,2026-08-22T02:00,ncep_gefs_seamless,31,0.065,0.419,0.516,0
2026-08-22,수원시권선구,2026-08-22T02:00,ecmwf_ifs025_ensemble,51,0,0.039,0.667,0.294
2026-08-22,수원시권선구,2026-08-22T02:00,gem_global_ensemble,21,0.333,0.333,0.19,0.143
2026-08-22,수원시권선구,2026-08-22T03:00,ensemble,143,0.21,0.224,0.434,0.133
2026-08-22,수원시권선구,2026-08-22T03:00,icon_seamless_eps,40,0.525,0.25,0.2,0.025
2026-08-22,수원시권선구,2026-08-22T03:00,ncep_gefs_seamless,31,0.065,0.419,0.516,0
2026-08-22,수원시권선구,2026-08-22T03:00,ecmwf_ifs025_ensemble,51,0,0.039,0.667,0.294
2026-08-22,수원시권선구,2026-08-22T03:00,gem_global_ensemble,21,0.333,0.333,0.19,0.143
2026-08-22,수원시권선구,2026-08-22T04:00,ensemble,143,0.147,0.266,0.469,0.119
2026-08-22,수원시권선구,2026-08-22T04:00,icon_seamless_eps,40,0.25,0.4,0.3,0.05
2026-08-22,수원시권선구,2026-08-22T04:00,ncep_gefs_seamless,31,0.032,0.323,0.645,0
2026-08-22,수원시권선구,2026-08-22T04:00,ecmwf_ifs025_ensemble,51,0,0.176,0.549,0.275
2026-08-22,수원시권선구,2026-08-22T04:00,gem_global_ensemble,21,0.476,0.143,0.333,0.048
2026-08-22,수원시권선구,2026-08-22T05:00,ensemble,143,0.119,0.245,0.503,0.133
2026-08-22,수원시권선구,2026-08-22T05:00,icon_seamless_eps,40,0.15,0.325,0.425,0.1
2026-08-22,수원시권선구,2026-08-22T05:00,ncep_gefs_seamless,31,0.032,0.323,0.645,0
2026-08-22,수원시권선구,2026-08-22T05:00,ecmwf_ifs025_ensemble,51,0,0.176,0.549,0.275
2026-08-22,수원시권선구,2026-08-22T05:00,gem_global_ensemble,21,0.476,0.143,0.333,0.048
2026-08-22,수원시권선구,2026-08-22T06:00,ensemble,143,0.084,0.224,0.552,0.14
2026-08-22,수원시권선구,2026-08-22T06:00,icon_seamless_eps,40,0.025,0.25,0.6,0.125
2026-08-22,수원시권선구,2026-08-22T06:00,ncep_gefs_seamless,31,0.032,0.323,0.645,0
2026-08-22,수원시권선구,2026-08-22T06:00,ecmwf_ifs025_ensemble,51,0,0.176,0.549,0.275
2026-08-22,수원시권선구,2026-08-22T06:00,gem_global_ensemble,21,0.476,0.143,0.333,0.048
2026-08-22,수원시권선구,2026-08-22T07:00,ensemble,143,0.154,0.329,0.434,0.084
2026-08-22,수원시권선구,2026-08-22T07:00,icon_seamless_eps,40,0.05,0.2,0.65,0.1
2026-08-22,수원시권선구,2026-08-22T07:00,ncep_gefs_seamless,31,0,0.452,0.484,0.065
2026-08-22,수원시권선구,2026-08-22T07:00,ecmwf_ifs025_ensemble,51,0.118,0.451,0.353,0.078
2026-08-22,수원시권선구,2026-08-22T07:00,gem_global_ensemble,21,0.667,0.095,0.143,0.095
2026-08-22,수원시권선구,2026-08-22T08:00,ensemble,143,0.161,0.336,0.427,0.077
2026-08-22,수원시권선구,2026-08-22T08:00,icon_seamless_eps,40,0.075,0.225,0.625,0.075
2026-08-22,수원시권선구,2026-08-22T08:00,ncep_gefs_seamless,31,0,0.452,0.484,0.065
2026-08-22,수원시권선구,2026-08-22T08:00,ecmwf_ifs025_ensemble,51,0.118,0.451,0.353,0.078
2026-08-22,수원시권선구,2026-08-22T08:00,gem_global_ensemble,21,0.667,0.095,0.143,0.095
2026-08-22,수원시권선구,2026-08-22T09:00,ensemble,143,0.161,0.371,0.406,0.063
2026-08-22,수원시권선구,2026-08-22T09:00,icon_seamless_eps,40,0.075,0.35,0.55,0.025
2026-08-22,수원시권선구,2026-08-22T09:00,ncep_gefs_seamless,31,0,0.452,0.484,0.065
2026-08-22,수원시권선구,2026-08-22T09:00,ecmwf_ifs025_ensemble,51,0.118,0.451,0.353,0.078
2026-08-22,수원시권선구,2026-08-22T09:00,gem_global_ensemble,21,0.667,0.095,0.143,0.095
2026-08-22,수원시권선구,2026-08-22T10:00,ensemble,143,0.196,0.399,0.35,0.056
2026-08-22,수원시권선구,2026-08-22T10:00,icon_seamless_eps,40,0.125,0.575,0.3,0
2026-08-22,수원시권선구,2026-08-22T10:00,ncep_gefs_seamless,31,0,0.323,0.484,0.194
2026-08-22,수원시권선구,2026-08-22T10:00,ecmwf_ifs025_ensemble,51,0.176,0.353,0.431,0.039
2026-08-22,수원시권선구,2026-08-22T10:00,gem_global_ensemble,21,0.667,0.286,0.048,0
2026-08-22,수원시권선구,2026-08-22T11:00,ensemble,143,0.21,0.378,0.357,0.056
2026-08-22,수원시권선구,2026-08-22T11:00,icon_seamless_eps,40,0.175,0.5,0.325,0
2026-08-22,수원시권선구,2026-08-22T11:00,ncep_gefs_seamless,31,0,0.323,0.484,0.194
2026-08-22,수원시권선구,2026-08-22T11:00,ecmwf_ifs025_ensemble,51,0.176,0.353,0.431,0.039
2026-08-22,수원시권선구,2026-08-22T11:00,gem_global_ensemble,21,0.667,0.286,0.048,0
2026-08-22,수원시권선구,2026-08-22T12:00,ensemble,143,0.21,0.406,0.329,0.056
2026-08-22,수원시권선구,2026-08-22T12:00,icon_seamless_eps,40,0.175,0.6,0.225,0
2026-08-22,수원시권선구,2026-08-22T12:00,ncep_gefs_seamless,31,0,0.323,0.484,0.194
2026-08-22,수원시권선구,2026-08-22T12:00,ecmwf_ifs025_ensemble,51,0.176,0.353,0.431,0.039
2026-08-22,수원시권선구,2026-08-22T12:00,gem_global_ensemble,21,0.667,0.286,0.048,0
2026-08-22,수원시권선구,2026-08-22T13:00,ensemble,143,0.196,0.462,0.308,0.035
2026-08-22,수원시권선구,2026-08-22T13:00,icon_seamless_eps,40,0.2,0.5,0.275,0.025
2026-08-22,수원시권선구,2026-08-22T13:00,ncep_gefs_seamless,31,0,0.613,0.323,0.065
2026-08-22,수원시권선구,2026-08-22T13:00,ecmwf_ifs025_ensemble,51,0.078,0.49,0.412,0.02
2026-08-22,수원시권선구,2026-08-22T13:00,gem_global_ensemble,21,0.762,0.095,0.095,0.048
2026-08-22,수원시권선구,2026-08-22T14:00,ensemble,143,0.203,0.462,0.308,0.028
2026-08-22,수원시권선구,2026-08-22T14:00,icon_seamless_eps,40,0.225,0.5,0.275,0
2026-08-22,수원시권선구,2026-08-22T14:00,ncep_gefs_seamless,31,0,0.613,0.323,0.065
2026-08-22,수원시권선구,2026-08-22T14:00,ecmwf_ifs025_ensemble,51,0.078,0.49,0.412,0.02
2026-08-22,수원시권선구,2026-08-22T14:00,gem_global_ensemble,21,0.762,0.095,0.095,0.048
2026-08-22,수원시권선구,2026-08-22T15:00,ensemble,143,0.196,0.462,0.315,0.028
2026-08-22,수원시권선구,2026-08-22T15:00,icon_seamless_eps,40,0.2,0.5,0.3,0
2026-08-22,수원시권선구,2026-08-22T15:00,ncep_gefs_seamless,31,0,0.613,0.323,0.065
2026-08-22,수원시권선구,2026-08-22T15:00,ecmwf_ifs025_ensemble,51,0.078,0.49,0.412,0.02
2026-08-22,수원시권선구,2026-08-22T15:00,gem_global_ensemble,21,0.762,0.095,0.095,0.048
2026-08-22,수원시권선구,2026-08-22T16:00,ensemble,143,0.42,0.42,0.147,0.014
2026-08-22,수원시권선구,2026-08-22T16:00,icon_seamless_eps,40,0.35,0.5,0.15,0
2026-08-22,수원시권선구,2026-08-22T16:00,ncep_gefs_seamless,31,0.742,0.226,0.032,0
2026-08-22,수원시권선구,2026-08-22T16:00,ecmwf_ifs025_ensemble,51,0.157,0.608,0.216,0.02
2026-08-22,수원시권선구,2026-08-22T16:00,gem_global_ensemble,21,0.714,0.095,0.143,0.048
2026-08-22,수원시권선구,2026-08-22T17:00,ensemble,143,0.476,0.364,0.14,0.021
2026-08-22,수원시권선구,2026-08-22T17:00,icon_seamless_eps,40,0.55,0.3,0.125,0.025
2026-08-22,수원시권선구,2026-08-22T17:00,ncep_gefs_seamless,31,0.742,0.226,0.032,0
2026-08-22,수원시권선구,2026-08-22T17:00,ecmwf_ifs025_ensemble,51,0.157,0.608,0.216,0.02
2026-08-22,수원시권선구,2026-08-22T17:00,gem_global_ensemble,21,0.714,0.095,0.143,0.048
2026-08-22,수원시권선구,2026-08-22T18:00,ensemble,143,0.538,0.329,0.112,0.021
2026-08-22,수원시권선구,2026-08-22T18:00,icon_seamless_eps,40,0.775,0.175,0.025,0.025
2026-08-22,수원시권선구,2026-08-22T18:00,ncep_gefs_seamless,31,0.742,0.226,0.032,0
2026-08-22,수원시권선구,2026-08-22T18:00,ecmwf_ifs025_ensemble,51,0.157,0.608,0.216,0.02
2026-08-22,수원시권선구,2026-08-22T18:00,gem_global_ensemble,21,0.714,0.095,0.143,0.048
2026-08-22,수원시권선구,2026-08-22T19:00,ensemble,143,0.685,0.252,0.056,0.007
2026-08-22,수원시권선구,2026-08-22T19:00,icon_seamless_eps,40,0.825,0.125,0.05,0
2026-08-22,수원시권선구,2026-08-22T19:00,ncep_gefs_seamless,31,0.839,0.161,0,0
2026-08-22,수원시권선구,2026-08-22T19:00,ecmwf_ifs025_ensemble,51,0.431,0.451,0.098,0.02
2026-08-22,수원시권선구,2026-08-22T19:00,gem_global_ensemble,21,0.81,0.143,0.048,0
2026-08-22,수원시권선구,2026-08-22T20:00,ensemble,143,0.685,0.259,0.049,0.007
2026-08-22,수원시권선구,2026-08-22T20:00,icon_seamless_eps,40,0.825,0.15,0.025,0
2026-08-22,수원시권선구,2026-08-22T20:00,ncep_gefs_seamless,31,0.839,0.161,0,0
2026-08-22,수원시권선구,2026-08-22T20:00,ecmwf_ifs025_ensemble,51,0.431,0.451,0.098,0.02
2026-08-22,수원시권선구,2026-08-22T20:00,gem_global_ensemble,21,0.81,0.143,0.048,0
2026-08-22,수원시권선구,2026-08-22T21:00,ensemble,143,0.678,0.245,0.07,0.007
2026-08-22,수원시권선구,2026-08-22T21:00,icon_seamless_eps,40,0.8,0.1,0.1,0
2026-08-22,수원시권선구,2026-08-22T21:00,ncep_gefs_seamless,31,0.839,0.161,0,0
2026-08-22,수원시권선구,2026-08-22T21:00,ecmwf_ifs025_ensemble,51,0.431,0.451,0.098,0.02
2026-08-22,수원시권선구,2026-08-22T21:00,gem_global_ensemble,21,0.81,0.143,0.048,0
2026-08-22,수원시권선구,2026-08-22T22:00,ensemble,143,0.559,0.287,0.14,0.014
2026-08-22,수원시권선구,2026-08-22T22:00,icon_seamless_eps,40,0.65,0.2,0.15,0
2026-08-22,수원시권선구,2026-08-22T22:00,ncep_gefs_seamless,31,0.581,0.355,0.065,0
2026-08-22,수원시권선구,2026-08-22T22:00,ecmwf_ifs025_ensemble,51,0.373,0.392,0.216,0.02
2026-08-22,수원시권선구,2026-08-22T22:00,gem_global_ensemble,21,0.81,0.095,0.048,0.048
2026-08-22,수원시권선구,2026-08-22T23:00,ensemble,143,0.51,0.287,0.168,0.035
2026-08-22,수원시권선구,2026-08-22T23:00,icon_seamless_eps,40,0.475,0.2,0.25,0.075
2026-08-22,수원시권선구,2026-08-22T23:00,ncep_gefs_seamless,31,0.581,0.355,0.065,0
2026-08-22,수원시권선구,2026-08-22T23:00,ecmwf_ifs025_ensemble,51,0.373,0.392,0.216,0.02
2026-08-22,수원시권선구,2026-08-22T23:00,gem_global_ensemble,21,0.81,0.095,0.048,0.048
2026-08-22,수원시권선구,2026-08-23T00:00,ensemble,143,0.483,0.273,0.217,0.028
2026-08-22,수원시권선구,2026-08-23T00:00,icon_seamless_eps,40,0.375,0.15,0.425,0.05
2026-08-22,수원시권선구,2026-08-23T00:00,ncep_gefs_seamless,31,0.581,0.355,0.065,0
2026-08-22,수원시권선구,2026-08-23T00:00,ecmwf_ifs025_ensemble,51,0.373,0.392,0.216,0.02
2026-08-22,수원시권선구,2026-08-23T00:00,gem_global_ensemble,21,0.81,0.095,0.048,0.048
2026-08-22,수원시권선구,2026-08-23T01:00,ensemble,143,0.503,0.308,0.175,0.014
2026-08-22,수원시권선구,2026-08-23T01:00,icon_seamless_eps,40,0.4,0.25,0.3,0.05
2026-08-22,수원시권선구,2026-08-23T01:00,ncep_gefs_seamless,31,0.516,0.355,0.129,0
2026-08-22,수원시권선구,2026-08-23T01:00,ecmwf_ifs025_ensemble,51,0.451,0.412,0.137,0
2026-08-22,수원시권선구,2026-08-23T01:00,gem_global_ensemble,21,0.81,0.095,0.095,0
2026-08-22,수원시권선구,2026-08-23T02:00,ensemble,143,0.573,0.28,0.14,0.007
2026-08-22,수원시권선구,2026-08-23T02:00,icon_seamless_eps,40,0.65,0.15,0.175,0.025
2026-08-22,수원시권선구,2026-08-23T02:00,ncep_gefs_seamless,31,0.516,0.355,0.129,0
2026-08-22,수원시권선구,2026-08-23T02:00,ecmwf_ifs025_ensemble,51,0.451,0.412,0.137,0
2026-08-22,수원시권선구,2026-08-23T02:00,gem_global_ensemble,21,0.81,0.095,0.095,0
2026-08-22,수원시권선구,2026-08-23T03:00,ensemble,143,0.608,0.266,0.126,0
2026-08-22,수원시권선구,2026-08-23T03:00,icon_seamless_eps,40,0.775,0.1,0.125,0
2026-08-22,수원시권선구,2026-08-23T03:00,ncep_gefs_seamless,31,0.516,0.355,0.129,0
2026-08-22,수원시권선구,2026-08-23T03:00,ecmwf_ifs025_ensemble,51,0.451,0.412,0.137,0
2026-08-22,수원시권선구,2026-08-23T03:00,gem_global_ensemble,21,0.81,0.095,0.095,0
2026-08-22,수원시권선구,2026-08-23T04:00,ensemble,143,0.839,0.126,0.035,0
2026-08-22,수원시권선구,2026-08-23T04:00,icon_seamless_eps,40,0.825,0.15,0.025,0
2026-08-22,수원시권선구,2026-08-23T04:00,ncep_gefs_seamless,31,0.871,0.129,0,0
2026-08-22,수원시권선구,2026-08-23T04:00,ecmwf_ifs025_ensemble,51,0.804,0.118,0.078,0
2026-08-22,수원시권선구,2026-08-23T04:00,gem_global_ensemble,21,0.905,0.095,0,0
2026-08-22,수원시권선구,2026-08-23T05:00,ensemble,143,0.874,0.091,0.035,0
2026-08-22,수원시권선구,2026-08-23T05:00,icon_seamless_eps,40,0.95,0.025,0.025,0
2026-08-22,수원시권선구,2026-08-23T05:00,ncep_gefs_seamless,31,0.871,0.129,0,0
2026-08-22,수원시권선구,2026-08-23T05:00,ecmwf_ifs025_ensemble,51,0.804,0.118,0.078,0
2026-08-22,수원시권선구,2026-08-23T05:00,gem_global_ensemble,21,0.905,0.095,0,0
2026-08-22,수원시권선구,2026-08-23T06:00,ensemble,143,0.881,0.091,0.028,0
2026-08-22,수원시권선구,2026-08-23T06:00,icon_seamless_eps,40,0.975,0.025,0,0
2026-08-22,수원시권선구,2026-08-23T06:00,ncep_gefs_seamless,31,0.871,0.129,0,0
2026-08-22,수원시권선구,2026-08-23T06:00,ecmwf_ifs025_ensemble,51,0.804,0.118,0.078,0
2026-08-22,수원시권선구,2026-08-23T06:00,gem_global_ensemble,21,0.905,0.095,0,0
2026-08-22,수원시권선구,2026-08-23T07:00,ensemble,143,0.965,0.028,0.007,0
2026-08-22,수원시권선구,2026-08-23T07:00,icon_seamless_eps,40,1,0,0,0
2026-08-22,수원시권선구,2026-08-23T07:00,ncep_gefs_seamless,31,1,0,0,0
2026-08-22,수원시권선구,2026-08-23T07:00,ecmwf_ifs025_ensemble,51,0.902,0.078,0.02,0
2026-08-22,수원시권선구,2026-08-23T07:00,gem_global_ensemble,21,1,0,0,0
2026-08-22,수원시권선구,2026-08-23T08:00,ensemble,143,0.965,0.028,0.007,0
2026-08-22,수원시권선구,2026-08-23T08:00,icon_seamless_eps,40,1,0,0,0
2026-08-22,수원시권선구,2026-08-23T08:00,ncep_gefs_seamless,31,1,0,0,0
2026-08-22,수원시권선구,2026-08-23T08:00,ecmwf_ifs025_ensemble,51,0.902,0.078,0.02,0
2026-08-22,수원시권선구,2026-08-23T08:00,gem_global_ensemble,21,1,0,0,0
2026-08-22,수원시권선구,2026-08-23T09:00,ensemble,143,0.958,0.035,0.007,0
2026-08-22,수원시권선구,2026-08-23T09:00,icon_seamless_eps,40,0.975,0.025,0,0
2026-08-22,수원시권선구,2026-08-23T09:00,ncep_gefs_seamless,31,1,0,0,0
2026-08-22,수원시권선구,2026-08-23T09:00,ecmwf_ifs025_ensemble,51,0.902,0.078,0.02,0
2026-08-22,수원시권선구,2026-08-23T09:00,gem_global_ensemble,21,1,0,0,0
2026-08-22,수원시권선구,2026-08-23T10:00,ensemble,143,0.909,0.084,0.007,0
2026-08-22,수원시권선구,2026-08-23T10:00,icon_seamless_eps,40,0.925,0.075,0,0
2026-08-22,수원시권선구,2026-08-23T10:00,ncep_gefs_seamless,31,1,0,0,0
2026-08-22,수원시권선구,2026-08-23T10:00,ecmwf_ifs025_ensemble,51,0.824,0.157,0.02,0
2026-08-22,수원시권선구,2026-08-23T10:00,gem_global_ensemble,21,0.952,0.048,0,0
2026-08-22,수원시권선구,2026-08-23T11:00,ensemble,143,0.909,0.084,0.007,0
2026-08-22,수원시권선구,2026-08-23T11:00,icon_seamless_eps,40,0.925,0.075,0,0
2026-08-22,수원시권선구,2026-08-23T11:00,ncep_gefs_seamless,31,1,0,0,0
2026-08-22,수원시권선구,2026-08-23T11:00,ecmwf_ifs025_ensemble,51,0.824,0.157,0.02,0
2026-08-22,수원시권선구,2026-08-23T11:00,gem_global_ensemble,21,0.952,0.048,0,0
2026-08-22,수원시권선구,2026-08-23T12:00,ensemble,143,0.881,0.112,0.007,0
2026-08-22,수원시권선구,2026-08-23T12:00,icon_seamless_eps,40,0.825,0.175,0,0
2026-08-22,수원시권선구,2026-08-23T12:00,ncep_gefs_seamless,31,1,0,0,0
2026-08-22,수원시권선구,2026-08-23T12:00,ecmwf_ifs025_ensemble,51,0.824,0.157,0.02,0
2026-08-22,수원시권선구,2026-08-23T12:00,gem_global_ensemble,21,0.952,0.048,0,0
2026-08-22,수원시권선구,2026-08-23T13:00,ensemble,143,0.762,0.231,0.007,0
2026-08-22,수원시권선구,2026-08-23T13:00,icon_seamless_eps,40,0.9,0.1,0,0
2026-08-22,수원시권선구,2026-08-23T13:00,ncep_gefs_seamless,31,0.968,0.032,0,0
2026-08-22,수원시권선구,2026-08-23T13:00,ecmwf_ifs025_ensemble,51,0.431,0.549,0.02,0
2026-08-22,수원시권선구,2026-08-23T13:00,gem_global_ensemble,21,1,0,0,0
2026-08-22,수원시권선구,2026-08-23T14:00,ensemble,143,0.769,0.224,0.007,0
2026-08-22,수원시권선구,2026-08-23T14:00,icon_seamless_eps,40,0.925,0.075,0,0
2026-08-22,수원시권선구,2026-08-23T14:00,ncep_gefs_seamless,31,0.968,0.032,0,0
2026-08-22,수원시권선구,2026-08-23T14:00,ecmwf_ifs025_ensemble,51,0.431,0.549,0.02,0
2026-08-22,수원시권선구,2026-08-23T14:00,gem_global_ensemble,21,1,0,0,0
2026-08-22,수원시권선구,2026-08-23T15:00,ensemble,143,0.769,0.224,0.007,0
2026-08-22,수원시권선구,2026-08-23T15:00,icon_seamless_eps,40,0.925,0.075,0,0
2026-08-22,수원시권선구,2026-08-23T15:00,ncep_gefs_seamless,31,0.968,0.032,0,0
2026-08-22,수원시권선구,2026-08-23T15:00,ecmwf_ifs025_ensemble,51,0.431,0.549,0.02,0
2026-08-22,수원시권선구,2026-08-23T15:00,gem_global_ensemble,21,1,0,0,0
2026-08-22,수원시권선구,2026-08-23T16:00,ensemble,143,0.762,0.224,0.014,0
2026-08-22,수원시권선구,2026-08-23T16:00,icon_seamless_eps,40,0.95,0.05,0,0
2026-08-22,수원시권선구,2026-08-23T16:00,ncep_gefs_seamless,31,0.871,0.129,0,0
2026-08-22,수원시권선구,2026-08-23T16:00,ecmwf_ifs025_ensemble,51,0.451,0.51,0.039,0
2026-08-22,수원시권선구,2026-08-23T16:00,gem_global_ensemble,21,1,0,0,0
2026-08-22,수원시권선구,2026-08-23T17:00,ensemble,143,0.769,0.217,0.014,0
2026-08-22,수원시권선구,2026-08-23T17:00,icon_seamless_eps,40,0.975,0.025,0,0
2026-08-22,수원시권선구,2026-08-23T17:00,ncep_gefs_seamless,31,0.871,0.129,0,0
2026-08-22,수원시권선구,2026-08-23T17:00,ecmwf_ifs025_ensemble,51,0.451,0.51,0.039,0
2026-08-22,수원시권선구,2026-08-23T17:00,gem_global_ensemble,21,1,0,0,0
2026-08-22,수원시권선구,2026-08-23T18:00,ensemble,143,0.769,0.217,0.014,0
2026-08-22,수원시권선구,2026-08-23T18:00,icon_seamless_eps,40,0.975,0.025,0,0
2026-08-22,수원시권선구,2026-08-23T18:00,ncep_gefs_seamless,31,0.871,0.129,0,0
2026-08-22,수원시권선구,2026-08-23T18:00,ecmwf_ifs025_ensemble,51,0.451,0.51,0.039,0
2026-08-22,수원시권선구,2026-08-23T18:00,gem_global_ensemble,21,1,0,0,0
2026-08-22,수원시권선구,2026-08-23T19:00,ensemble,143,0.93,0.056,0.014,0
2026-08-22,수원시권선구,2026-08-23T19:00,icon_seamless_eps,40,0.975,0.025,0,0
2026-08-22,수원시권선구,2026-08-23T19:00,ncep_gefs_seamless,31,0.968,0.032,0,0
2026-08-22,수원시권선구,2026-08-23T19:00,ecmwf_ifs025_ensemble,51,0.882,0.098,0.02,0
2026-08-22,수원시권선구,2026-08-23T19:00,gem_global_ensemble,21,0.905,0.048,0.048,0
2026-08-22,수원시권선구,2026-08-23T20:00,ensemble,143,0.937,0.049,0.014,0
2026-08-22,수원시권선구,2026-08-23T20:00,icon_seamless_eps,40,1,0,0,0
2026-08-22,수원시권선구,2026-08-23T20:00,ncep_gefs_seamless,31,0.968,0.032,0,0
2026-08-22,수원시권선구,2026-08-23T20:00,ecmwf_ifs025_ensemble,51,0.882,0.098,0.02,0
2026-08-22,수원시권선구,2026-08-23T20:00,gem_global_ensemble,21,0.905,0.048,0.048,0
2026-08-22,수원시권선구,2026-08-23T21:00,ensemble,143,0.937,0.049,0.014,0
2026-08-22,수원시권선구,2026-08-23T21:00,icon_seamless_eps,40,1,0,0,0
2026-08-22,수원시권선구,2026-08-23T21:00,ncep_gefs_seamless,31,0.968,0.032,0,0
2026-08-22,수원시권선구,2026-08-23T21:00,ecmwf_ifs025_ensemble,51,0.882,0.098,0.02,0
2026-08-22,수원시권선구,2026-08-23T21:00,gem_global_ensemble,21,0.905,0.048,0.048,0
2026-08-22,수원시권선구,2026-08-23T22:00,ensemble,143,0.895,0.091,0.014,0
2026-08-22,수원시권선구,2026-08-23T22:00,icon_seamless_eps,40,1,0,0,0
2026-08-22,수원시권선구,2026-08-23T22:00,ncep_gefs_seamless,31,0.968,0.032,0,0
2026-08-22,수원시권선구,2026-08-23T22:00,ecmwf_ifs025_ensemble,51,0.784,0.196,0.02,0
2026-08-22,수원시권선구,2026-08-23T22:00,gem_global_ensemble,21,0.857,0.095,0.048,0
2026-08-22,수원시권선구,2026-08-23T23:00,ensemble,143,0.895,0.091,0.014,0
2026-08-22,수원시권선구,2026-08-23T23:00,icon_seamless_eps,40,1,0,0,0
2026-08-22,수원시권선구,2026-08-23T23:00,ncep_gefs_seamless,31,0.968,0.032,0,0
2026-08-22,수원시권선구,2026-08-23T23:00,ecmwf_ifs025_ensemble,51,0.784,0.196,0.02,0
2026-08-22,수원시권선구,2026-08-23T23:00,gem_global_ensemble,21,0.857,0.095,0.048,0
2026-08-22,성남시수정구,2026-08-22T00:00,ensemble,143,0.385,0.427,0.175,0.014
2026-08-22,성남시수정구,2026-08-22T00:00,icon_seamless_eps,40,0.475,0.3,0.225,0
2026-08-22,성남시수정구,2026-08-22T00:00,ncep_gefs_seamless,31,0.355,0.484,0.161,0
2026-08-22,성남시수정구,2026-08-22T00:00,ecmwf_ifs025_ensemble,51,0.333,0.549,0.118,0
2026-08-22,성남시수정구,2026-08-22T00:00,gem_global_ensemble,21,0.381,0.286,0.238,0.095
2026-08-22,성남시수정구,2026-08-22T01:00,ensemble,143,0.252,0.259,0.392,0.098
2026-08-22,성남시수정구,2026-08-22T01:00,icon_seamless_eps,40,0.625,0.25,0.125,0
2026-08-22,성남시수정구,2026-08-22T01:00,ncep_gefs_seamless,31,0.129,0.452,0.419,0
2026-08-22,성남시수정구,2026-08-22T01:00,ecmwf_ifs025_ensemble,51,0,0.118,0.667,0.216
2026-08-22,성남시수정구,2026-08-22T01:00,gem_global_ensemble,21,0.333,0.333,0.19,0.143
2026-08-22,성남시수정구,2026-08-22T02:00,ensemble,143,0.266,0.245,0.392,0.098
2026-08-22,성남시수정구,2026-08-22T02:00,icon_seamless_eps,40,0.675,0.2,0.125,0
2026-08-22,성남시수정구,2026-08-22T02:00,ncep_gefs_seamless,31,0.129,0.452,0.419,0
2026-08-22,성남시수정구,2026-08-22T02:00,ecmwf_ifs025_ensemble,51,0,0.118,0.667,0.216
2026-08-22,성남시수정구,2026-08-22T02:00,gem_global_ensemble,21,0.333,0.333,0.19,0.143
2026-08-22,성남시수정구,2026-08-22T03:00,ensemble,143,0.245,0.266,0.392,0.098
2026-08-22,성남시수정구,2026-08-22T03:00,icon_seamless_eps,40,0.6,0.275,0.125,0
2026-08-22,성남시수정구,2026-08-22T03:00,ncep_gefs_seamless,31,0.129,0.452,0.419,0
2026-08-22,성남시수정구,2026-08-22T03:00,ecmwf_ifs025_ensemble,51,0,0.118,0.667,0.216
2026-08-22,성남시수정구,2026-08-22T03:00,gem_global_ensemble,21,0.333,0.333,0.19,0.143
2026-08-22,성남시수정구,2026-08-22T04:00,ensemble,143,0.182,0.175,0.503,0.14
2026-08-22,성남시수정구,2026-08-22T04:00,icon_seamless_eps,40,0.375,0.325,0.275,0.025
2026-08-22,성남시수정구,2026-08-22T04:00,ncep_gefs_seamless,31,0.032,0.258,0.677,0.032
2026-08-22,성남시수정구,2026-08-22T04:00,ecmwf_ifs025_ensemble,51,0,0.02,0.647,0.333
2026-08-22,성남시수정구,2026-08-22T04:00,gem_global_ensemble,21,0.476,0.143,0.333,0.048
2026-08-22,성남시수정구,2026-08-22T05:00,ensemble,143,0.168,0.14,0.545,0.147
2026-08-22,성남시수정구,2026-08-22T05:00,icon_seamless_eps,40,0.325,0.2,0.425,0.05
2026-08-22,성남시수정구,2026-08-22T05:00,ncep_gefs_seamless,31,0.032,0.258,0.677,0.032
2026-08-22,성남시수정구,2026-08-22T05:00,ecmwf_ifs025_ensemble,51,0,0.02,0.647,0.333
2026-08-22,성남시수정구,2026-08-22T05:00,gem_global_ensemble,21,0.476,0.143,0.333,0.048
2026-08-22,성남시수정구,2026-08-22T06:00,ensemble,143,0.112,0.147,0.587,0.154
2026-08-22,성남시수정구,2026-08-22T06:00,icon_seamless_eps,40,0.125,0.225,0.575,0.075
2026-08-22,성남시수정구,2026-08-22T06:00,ncep_gefs_seamless,31,0.032,0.258,0.677,0.032
2026-08-22,성남시수정구,2026-08-22T06:00,ecmwf_ifs025_ensemble,51,0,0.02,0.647,0.333
2026-08-22,성남시수정구,2026-08-22T06:00,gem_global_ensemble,21,0.476,0.143,0.333,0.048
2026-08-22,성남시수정구,2026-08-22T07:00,ensemble,143,0.112,0.252,0.524,0.112
2026-08-22,성남시수정구,2026-08-22T07:00,icon_seamless_eps,40,0.025,0.25,0.625,0.1
2026-08-22,성남시수정구,2026-08-22T07:00,ncep_gefs_seamless,31,0,0.226,0.677,0.097
2026-08-22,성남시수정구,2026-08-22T07:00,ecmwf_ifs025_ensemble,51,0.02,0.333,0.51,0.137
2026-08-22,성남시수정구,2026-08-22T07:00,gem_global_ensemble,21,0.667,0.095,0.143,0.095
2026-08-22,성남시수정구,2026-08-22T08:00,ensemble,143,0.133,0.238,0.524,0.105
2026-08-22,성남시수정구,2026-08-22T08:00,icon_seamless_eps,40,0.1,0.2,0.625,0.075
2026-08-22,성남시수정구,2026-08-22T08:00,ncep_gefs_seamless,31,0,0.226,0.677,0.097
2026-08-22,성남시수정구,2026-08-22T08:00,ecmwf_ifs025_ensemble,51,0.02,0.333,0.51,0.137
2026-08-22,성남시수정구,2026-08-22T08:00,gem_global_ensemble,21,0.667,0.095,0.143,0.095
2026-08-22,성남시수정구,2026-08-22T09:00,ensemble,143,0.119,0.294,0.497,0.091
2026-08-22,성남시수정구,2026-08-22T09:00,icon_seamless_eps,40,0.05,0.4,0.525,0.025
2026-08-22,성남시수정구,2026-08-22T09:00,ncep_gefs_seamless,31,0,0.226,0.677,0.097
2026-08-22,성남시수정구,2026-08-22T09:00,ecmwf_ifs025_ensemble,51,0.02,0.333,0.51,0.137
2026-08-22,성남시수정구,2026-08-22T09:00,gem_global_ensemble,21,0.667,0.095,0.143,0.095
2026-08-22,성남시수정구,2026-08-22T10:00,ensemble,143,0.168,0.336,0.441,0.056
2026-08-22,성남시수정구,2026-08-22T10:00,icon_seamless_eps,40,0.125,0.45,0.4,0.025
2026-08-22,성남시수정구,2026-08-22T10:00,ncep_gefs_seamless,31,0,0.161,0.645,0.194
2026-08-22,성남시수정구,2026-08-22T10:00,ecmwf_ifs025_ensemble,51,0.098,0.373,0.51,0.02
2026-08-22,성남시수정구,2026-08-22T10:00,gem_global_ensemble,21,0.667,0.286,0.048,0
2026-08-22,성남시수정구,2026-08-22T11:00,ensemble,143,0.196,0.329,0.427,0.049
2026-08-22,성남시수정구,2026-08-22T11:00,icon_seamless_eps,40,0.225,0.425,0.35,0
2026-08-22,성남시수정구,2026-08-22T11:00,ncep_gefs_seamless,31,0,0.161,0.645,0.194
2026-08-22,성남시수정구,2026-08-22T11:00,ecmwf_ifs025_ensemble,51,0.098,0.373,0.51,0.02
2026-08-22,성남시수정구,2026-08-22T11:00,gem_global_ensemble,21,0.667,0.286,0.048,0
2026-08-22,성남시수정구,2026-08-22T12:00,ensemble,143,0.175,0.329,0.448,0.049
2026-08-22,성남시수정구,2026-08-22T12:00,icon_seamless_eps,40,0.15,0.425,0.425,0
2026-08-22,성남시수정구,2026-08-22T12:00,ncep_gefs_seamless,31,0,0.161,0.645,0.194
2026-08-22,성남시수정구,2026-08-22T12:00,ecmwf_ifs025_ensemble,51,0.098,0.373,0.51,0.02
2026-08-22,성남시수정구,2026-08-22T12:00,gem_global_ensemble,21,0.667,0.286,0.048,0
2026-08-22,성남시수정구,2026-08-22T13:00,ensemble,143,0.203,0.469,0.308,0.021
2026-08-22,성남시수정구,2026-08-22T13:00,icon_seamless_eps,40,0.2,0.5,0.3,0
2026-08-22,성남시수정구,2026-08-22T13:00,ncep_gefs_seamless,31,0.032,0.484,0.452,0.032
2026-08-22,성남시수정구,2026-08-22T13:00,ecmwf_ifs025_ensemble,51,0.078,0.588,0.314,0.02
2026-08-22,성남시수정구,2026-08-22T13:00,gem_global_ensemble,21,0.762,0.095,0.095,0.048
2026-08-22,성남시수정구,2026-08-22T14:00,ensemble,143,0.217,0.469,0.294,0.021
2026-08-22,성남시수정구,2026-08-22T14:00,icon_seamless_eps,40,0.25,0.5,0.25,0
2026-08-22,성남시수정구,2026-08-22T14:00,ncep_gefs_seamless,31,0.032,0.484,0.452,0.032
2026-08-22,성남시수정구,2026-08-22T14:00,ecmwf_ifs025_ensemble,51,0.078,0.588,0.314,0.02
2026-08-22,성남시수정구,2026-08-22T14:00,gem_global_ensemble,21,0.762,0.095,0.095,0.048
2026-08-22,성남시수정구,2026-08-22T15:00,ensemble,143,0.217,0.469,0.294,0.021
2026-08-22,성남시수정구,2026-08-22T15:00,icon_seamless_eps,40,0.25,0.5,0.25,0
2026-08-22,성남시수정구,2026-08-22T15:00,ncep_gefs_seamless,31,0.032,0.484,0.452,0.032
2026-08-22,성남시수정구,2026-08-22T15:00,ecmwf_ifs025_ensemble,51,0.078,0.588,0.314,0.02
2026-08-22,성남시수정구,2026-08-22T15:00,gem_global_ensemble,21,0.762,0.095,0.095,0.048
2026-08-22,성남시수정구,2026-08-22T16:00,ensemble,143,0.399,0.399,0.189,0.014
2026-08-22,성남시수정구,2026-08-22T16:00,icon_seamless_eps,40,0.275,0.575,0.15,0
2026-08-22,성남시수정구,2026-08-22T16:00,ncep_gefs_seamless,31,0.677,0.29,0.032,0
2026-08-22,성남시수정구,2026-08-22T16:00,ecmwf_ifs025_ensemble,51,0.196,0.451,0.333,0.02
2026-08-22,성남시수정구,2026-08-22T16:00,gem_global_ensemble,21,0.714,0.095,0.143,0.048
2026-08-22,성남시수정구,2026-08-22T17:00,ensemble,143,0.42,0.392,0.175,0.014
2026-08-22,성남시수정구,2026-08-22T17:00,icon_seamless_eps,40,0.35,0.55,0.1,0
2026-08-22,성남시수정구,2026-08-22T17:00,ncep_gefs_seamless,31,0.677,0.29,0.032,0
2026-08-22,성남시수정구,2026-08-22T17:00,ecmwf_ifs025_ensemble,51,0.196,0.451,0.333,0.02
2026-08-22,성남시수정구,2026-08-22T17:00,gem_global_ensemble,21,0.714,0.095,0.143,0.048
2026-08-22,성남시수정구,2026-08-22T18:00,ensemble,143,0.538,0.287,0.154,0.021
2026-08-22,성남시수정구,2026-08-22T18:00,icon_seamless_eps,40,0.775,0.175,0.025,0.025
2026-08-22,성남시수정구,2026-08-22T18:00,ncep_gefs_seamless,31,0.677,0.29,0.032,0
2026-08-22,성남시수정구,2026-08-22T18:00,ecmwf_ifs025_ensemble,51,0.196,0.451,0.333,0.02
2026-08-22,성남시수정구,2026-08-22T18:00,gem_global_ensemble,21,0.714,0.095,0.143,0.048
2026-08-22,성남시수정구,2026-08-22T19:00,ensemble,143,0.699,0.217,0.07,0.014
2026-08-22,성남시수정구,2026-08-22T19:00,icon_seamless_eps,40,0.85,0.1,0.025,0.025
2026-08-22,성남시수정구,2026-08-22T19:00,ncep_gefs_seamless,31,0.903,0.097,0,0
2026-08-22,성남시수정구,2026-08-22T19:00,ecmwf_ifs025_ensemble,51,0.412,0.412,0.157,0.02
2026-08-22,성남시수정구,2026-08-22T19:00,gem_global_ensemble,21,0.81,0.143,0.048,0
2026-08-22,성남시수정구,2026-08-22T20:00,ensemble,143,0.692,0.231,0.07,0.007
2026-08-22,성남시수정구,2026-08-22T20:00,icon_seamless_eps,40,0.825,0.15,0.025,0
2026-08-22,성남시수정구,2026-08-22T20:00,ncep_gefs_seamless,31,0.903,0.097,0,0
2026-08-22,성남시수정구,2026-08-22T20:00,ecmwf_ifs025_ensemble,51,0.412,0.412,0.157,0.02
2026-08-22,성남시수정구,2026-08-22T20:00,gem_global_ensemble,21,0.81,0.143,0.048,0
2026-08-22,성남시수정구,2026-08-22T21:00,ensemble,143,0.692,0.231,0.07,0.007
2026-08-22,성남시수정구,2026-08-22T21:00,icon_seamless_eps,40,0.825,0.15,0.025,0
2026-08-22,성남시수정구,2026-08-22T21:00,ncep_gefs_seamless,31,0.903,0.097,0,0
2026-08-22,성남시수정구,2026-08-22T21:00,ecmwf_ifs025_ensemble,51,0.412,0.412,0.157,0.02
2026-08-22,성남시수정구,2026-08-22T21:00,gem_global_ensemble,21,0.81,0.143,0.048,0
2026-08-22,성남시수정구,2026-08-22T22:00,ensemble,143,0.615,0.189,0.168,0.028
2026-08-22,성남시수정구,2026-08-22T22:00,icon_seamless_eps,40,0.8,0.075,0.1,0.025
2026-08-22,성남시수정구,2026-08-22T22:00,ncep_gefs_seamless,31,0.71,0.226,0.065,0
2026-08-22,성남시수정구,2026-08-22T22:00,ecmwf_ifs025_ensemble,51,0.333,0.294,0.333,0.039
2026-08-22,성남시수정구,2026-08-22T22:00,gem_global_ensemble,21,0.81,0.095,0.048,0.048
2026-08-22,성남시수정구,2026-08-22T23:00,ensemble,143,0.531,0.238,0.196,0.035
2026-08-22,성남시수정구,2026-08-22T23:00,icon_seamless_eps,40,0.5,0.25,0.2,0.05
2026-08-22,성남시수정구,2026-08-22T23:00,ncep_gefs_seamless,31,0.71,0.226,0.065,0
2026-08-22,성남시수정구,2026-08-22T23:00,ecmwf_ifs025_ensemble,51,0.333,0.294,0.333,0.039
2026-08-22,성남시수정구,2026-08-22T23:00,gem_global_ensemble,21,0.81,0.095,0.048,0.048
2026-08-22,성남시수정구,2026-08-23T00:00,ensemble,143,0.497,0.231,0.245,0.028
2026-08-22,성남시수정구,2026-08-23T00:00,icon_seamless_eps,40,0.375,0.225,0.375,0.025
2026-08-22,성남시수정구,2026-08-23T00:00,ncep_gefs_seamless,31,0.71,0.226,0.065,0
2026-08-22,성남시수정구,2026-08-23T00:00,ecmwf_ifs025_ensemble,51,0.333,0.294,0.333,0.039
2026-08-22,성남시수정구,2026-08-23T00:00,gem_global_ensemble,21,0.81,0.095,0.048,0.048
2026-08-22,성남시수정구,2026-08-23T01:00,ensemble,143,0.483,0.287,0.217,0.014
2026-08-22,성남시수정구,2026-08-23T01:00,icon_seamless_eps,40,0.425,0.2,0.325,0.05
2026-08-22,성남시수정구,2026-08-23T01:00,ncep_gefs_seamless,31,0.516,0.419,0.065,0
2026-08-22,성남시수정구,2026-08-23T01:00,ecmwf_ifs025_ensemble,51,0.373,0.353,0.275,0
2026-08-22,성남시수정구,2026-08-23T01:00,gem_global_ensemble,21,0.81,0.095,0.095,0
2026-08-22,성남시수정구,2026-08-23T02:00,ensemble,143,0.517,0.287,0.182,0.014
2026-08-22,성남시수정구,2026-08-23T02:00,icon_seamless_eps,40,0.55,0.2,0.2,0.05
2026-08-22,성남시수정구,2026-08-23T02:00,ncep_gefs_seamless,31,0.516,0.419,0.065,0
2026-08-22,성남시수정구,2026-08-23T02:00,ecmwf_ifs025_ensemble,51,0.373,0.353,0.275,0
2026-08-22,성남시수정구,2026-08-23T02:00,gem_global_ensemble,21,0.81,0.095,0.095,0
2026-08-22,성남시수정구,2026-08-23T03:00,ensemble,143,0.566,0.259,0.175,0
2026-08-22,성남시수정구,2026-08-23T03:00,icon_seamless_eps,40,0.725,0.1,0.175,0
2026-08-22,성남시수정구,2026-08-23T03:00,ncep_gefs_seamless,31,0.516,0.419,0.065,0
2026-08-22,성남시수정구,2026-08-23T03:00,ecmwf_ifs025_ensemble,51,0.373,0.353,0.275,0
2026-08-22,성남시수정구,2026-08-23T03:00,gem_global_ensemble,21,0.81,0.095,0.095,0
2026-08-22,성남시수정구,2026-08-23T04:00,ensemble,143,0.748,0.21,0.042,0
2026-08-22,성남시수정구,2026-08-23T04:00,icon_seamless_eps,40,0.85,0.1,0.05,0
2026-08-22,성남시수정구,2026-08-23T04:00,ncep_gefs_seamless,31,0.71,0.29,0,0
2026-08-22,성남시수정구,2026-08-23T04:00,ecmwf_ifs025_ensemble,51,0.627,0.294,0.078,0
2026-08-22,성남시수정구,2026-08-23T04:00,gem_global_ensemble,21,0.905,0.095,0,0
2026-08-22,성남시수정구,2026-08-23T05:00,ensemble,143,0.776,0.196,0.028,0
2026-08-22,성남시수정구,2026-08-23T05:00,icon_seamless_eps,40,0.95,0.05,0,0
2026-08-22,성남시수정구,2026-08-23T05:00,ncep_gefs_seamless,31,0.71,0.29,0,0
2026-08-22,성남시수정구,2026-08-23T05:00,ecmwf_ifs025_ensemble,51,0.627,0.294,0.078,0
2026-08-22,성남시수정구,2026-08-23T05:00,gem_global_ensemble,21,0.905,0.095,0,0
2026-08-22,성남시수정구,2026-08-23T06:00,ensemble,143,0.769,0.203,0.028,0
2026-08-22,성남시수정구,2026-08-23T06:00,icon_seamless_eps,40,0.925,0.075,0,0
2026-08-22,성남시수정구,2026-08-23T06:00,ncep_gefs_seamless,31,0.71,0.29,0,0
2026-08-22,성남시수정구,2026-08-23T06:00,ecmwf_ifs025_ensemble,51,0.627,0.294,0.078,0
2026-08-22,성남시수정구,2026-08-23T06:00,gem_global_ensemble,21,0.905,0.095,0,0
2026-08-22,성남시수정구,2026-08-23T07:00,ensemble,143,0.965,0.035,0,0
2026-08-22,성남시수정구,2026-08-23T07:00,icon_seamless_eps,40,1,0,0,0
2026-08-22,성남시수정구,2026-08-23T07:00,ncep_gefs_seamless,31,1,0,0,0
2026-08-22,성남시수정구,2026-08-23T07:00,ecmwf_ifs025_ensemble,51,0.902,0.098,0,0
2026-08-22,성남시수정구,2026-08-23T07:00,gem_global_ensemble,21,1,0,0,0
2026-08-22,성남시수정구,2026-08-23T08:00,ensemble,143,0.965,0.035,0,0
2026-08-22,성남시수정구,2026-08-23T08:00,icon_seamless_eps,40,1,0,0,0
2026-08-22,성남시수정구,2026-08-23T08:00,ncep_gefs_seamless,31,1,0,0,0
2026-08-22,성남시수정구,2026-08-23T08:00,ecmwf_ifs025_ensemble,51,0.902,0.098,0,0
2026-08-22,성남시수정구,2026-08-23T08:00,gem_global_ensemble,21,1,0,0,0
2026-08-22,성남시수정구,2026-08-23T09:00,ensemble,143,0.965,0.035,0,0
2026-08-22,성남시수정구,2026-08-23T09:00,icon_seamless_eps,40,1,0,0,0
2026-08-22,성남시수정구,2026-08-23T09:00,ncep_gefs_seamless,31,1,0,0,0
2026-08-22,성남시수정구,2026-08-23T09:00,ecmwf_ifs025_ensemble,51,0.902,0.098,0,0
2026-08-22,성남시수정구,2026-08-23T09:00,gem_global_ensemble,21,1,0,0,0
2026-08-22,성남시수정구,2026-08-23T10:00,ensemble,143,0.881,0.112,0.007,0
2026-08-22,성남시수정구,2026-08-23T10:00,icon_seamless_eps,40,0.9,0.1,0,0
2026-08-22,성남시수정구,2026-08-23T10:00,ncep_gefs_seamless,31,1,0,0,0
2026-08-22,성남시수정구,2026-08-23T10:00,ecmwf_ifs025_ensemble,51,0.765,0.216,0.02,0
2026-08-22,성남시수정구,2026-08-23T10:00,gem_global_ensemble,21,0.952,0.048,0,0
2026-08-22,성남시수정구,2026-08-23T11:00,ensemble,143,0.874,0.119,0.007,0
2026-08-22,성남시수정구,2026-08-23T11:00,icon_seamless_eps,40,0.875,0.125,0,0
2026-08-22,성남시수정구,2026-08-23T11:00,ncep_gefs_seamless,31,1,0,0,0
2026-08-22,성남시수정구,2026-08-23T11:00,ecmwf_ifs025_ensemble,51,0.765,0.216,0.02,0
2026-08-22,성남시수정구,2026-08-23T11:00,gem_global_ensemble,21,0.952,0.048,0,0
2026-08-22,성남시수정구,2026-08-23T12:00,ensemble,143,0.881,0.112,0.007,0
2026-08-22,성남시수정구,2026-08-23T12:00,icon_seamless_eps,40,0.9,0.1,0,0
2026-08-22,성남시수정구,2026-08-23T12:00,ncep_gefs_seamless,31,1,0,0,0
2026-08-22,성남시수정구,2026-08-23T12:00,ecmwf_ifs025_ensemble,51,0.765,0.216,0.02,0
2026-08-22,성남시수정구,2026-08-23T12:00,gem_global_ensemble,21,0.952,0.048,0,0
2026-08-22,성남시수정구,2026-08-23T13:00,ensemble,143,0.804,0.189,0.007,0
2026-08-22,성남시수정구,2026-08-23T13:00,icon_seamless_eps,40,0.875,0.125,0,0
2026-08-22,성남시수정구,2026-08-23T13:00,ncep_gefs_seamless,31,0.968,0.032,0,0
2026-08-22,성남시수정구,2026-08-23T13:00,ecmwf_ifs025_ensemble,51,0.569,0.412,0.02,0
2026-08-22,성남시수정구,2026-08-23T13:00,gem_global_ensemble,21,1,0,0,0
2026-08-22,성남시수정구,2026-08-23T14:00,ensemble,143,0.811,0.182,0.007,0
2026-08-22,성남시수정구,2026-08-23T14:00,icon_seamless_eps,40,0.9,0.1,0,0
2026-08-22,성남시수정구,2026-08-23T14:00,ncep_gefs_seamless,31,0.968,0.032,0,0
2026-08-22,성남시수정구,2026-08-23T14:00,ecmwf_ifs025_ensemble,51,0.569,0.412,0.02,0
2026-08-22,성남시수정구,2026-08-23T14:00,gem_global_ensemble,21,1,0,0,0
2026-08-22,성남시수정구,2026-08-23T15:00,ensemble,143,0.818,0.175,0.007,0
2026-08-22,성남시수정구,2026-08-23T15:00,icon_seamless_eps,40,0.925,0.075,0,0
2026-08-22,성남시수정구,2026-08-23T15:00,ncep_gefs_seamless,31,0.968,0.032,0,0
2026-08-22,성남시수정구,2026-08-23T15:00,ecmwf_ifs025_ensemble,51,0.569,0.412,0.02,0
2026-08-22,성남시수정구,2026-08-23T15:00,gem_global_ensemble,21,1,0,0,0
2026-08-22,성남시수정구,2026-08-23T16:00,ensemble,143,0.797,0.196,0.007,0
2026-08-22,성남시수정구,2026-08-23T16:00,icon_seamless_eps,40,0.975,0.025,0,0
2026-08-22,성남시수정구,2026-08-23T16:00,ncep_gefs_seamless,31,0.903,0.097,0,0
2026-08-22,성남시수정구,2026-08-23T16:00,ecmwf_ifs025_ensemble,51,0.51,0.471,0.02,0
2026-08-22,성남시수정구,2026-08-23T16:00,gem_global_ensemble,21,1,0,0,0
2026-08-22,성남시수정구,2026-08-23T17:00,ensemble,143,0.797,0.196,0.007,0
2026-08-22,성남시수정구,2026-08-23T17:00,icon_seamless_eps,40,0.975,0.025,0,0
2026-08-22,성남시수정구,2026-08-23T17:00,ncep_gefs_seamless,31,0.903,0.097,0,0
2026-08-22,성남시수정구,2026-08-23T17:00,ecmwf_ifs025_ensemble,51,0.51,0.471,0.02,0
2026-08-22,성남시수정구,2026-08-23T17:00,gem_global_ensemble,21,1,0,0,0
2026-08-22,성남시수정구,2026-08-23T18:00,ensemble,143,0.79,0.203,0.007,0
2026-08-22,성남시수정구,2026-08-23T18:00,icon_seamless_eps,40,0.95,0.05,0,0
2026-08-22,성남시수정구,2026-08-23T18:00,ncep_gefs_seamless,31,0.903,0.097,0,0
2026-08-22,성남시수정구,2026-08-23T18:00,ecmwf_ifs025_ensemble,51,0.51,0.471,0.02,0
2026-08-22,성남시수정구,2026-08-23T18:00,gem_global_ensemble,21,1,0,0,0
2026-08-22,성남시수정구,2026-08-23T19:00,ensemble,143,0.923,0.056,0.021,0
2026-08-22,성남시수정구,2026-08-23T19:00,icon_seamless_eps,40,0.975,0.025,0,0
2026-08-22,성남시수정구,2026-08-23T19:00,ncep_gefs_seamless,31,0.968,0.032,0,0
2026-08-22,성남시수정구,2026-08-23T19:00,ecmwf_ifs025_ensemble,51,0.863,0.098,0.039,0
2026-08-22,성남시수정구,2026-08-23T19:00,gem_global_ensemble,21,0.905,0.048,0.048,0
2026-08-22,성남시수정구,2026-08-23T20:00,ensemble,143,0.93,0.049,0.021,0
2026-08-22,성남시수정구,2026-08-23T20:00,icon_seamless_eps,40,1,0,0,0
2026-08-22,성남시수정구,2026-08-23T20:00,ncep_gefs_seamless,31,0.968,0.032,0,0
2026-08-22,성남시수정구,2026-08-23T20:00,ecmwf_ifs025_ensemble,51,0.863,0.098,0.039,0
2026-08-22,성남시수정구,2026-08-23T20:00,gem_global_ensemble,21,0.905,0.048,0.048,0
2026-08-22,성남시수정구,2026-08-23T21:00,ensemble,143,0.93,0.049,0.021,0
2026-08-22,성남시수정구,2026-08-23T21:00,icon_seamless_eps,40,1,0,0,0
2026-08-22,성남시수정구,2026-08-23T21:00,ncep_gefs_seamless,31,0.968,0.032,0,0
2026-08-22,성남시수정구,2026-08-23T21:00,ecmwf_ifs025_ensemble,51,0.863,0.098,0.039,0
2026-08-22,성남시수정구,2026-08-23T21:00,gem_global_ensemble,21,0.905,0.048,0.048,0
2026-08-22,성남시수정구,2026-08-23T22:00,ensemble,143,0.902,0.077,0.021,0
2026-08-22,성남시수정구,2026-08-23T22:00,icon_seamless_eps,40,1,0,0,0
2026-08-22,성남시수정구,2026-08-23T22:00,ncep_gefs_seamless,31,0.968,0.032,0,0
2026-08-22,성남시수정구,2026-08-23T22:00,ecmwf_ifs025_ensemble,51,0.804,0.157,0.039,0
2026-08-22,성남시수정구,2026-08-23T22:00,gem_global_ensemble,21,0.857,0.095,0.048,0
2026-08-22,성남시수정구,2026-08-23T23:00,ensemble,143,0.902,0.077,0.021,0
2026-08-22,성남시수정구,2026-08-23T23:00,icon_seamless_eps,40,1,0,0,0
2026-08-22,성남시수정구,2026-08-23T23:00,ncep_gefs_seamless,31,0.968,0.032,0,0
2026-08-22,성남시수정구,2026-08-23T23:00,ecmwf_ifs025_ensemble,51,0.804,0.157,0.039,0
2026-08-22,성남시수정구,2026-08-23T23:00,gem_global_ensemble,21,0.857,0.095,0.048,0
2026-08-23,수원시권선구,2026-08-23T00:00,ensemble,143,0.629,0.21,0.126,0.035
2026-08-23,수원시권선구,2026-08-23T00:00,icon_seamless_eps,40,0.475,0.15,0.275,0.1
2026-08-23,수원시권선구,2026-08-23T00:00,ncep_gefs_seamless,31,0.742,0.226,0.032,0
2026-08-23,수원시권선구,2026-08-23T00:00,ecmwf_ifs025_ensemble,51,0.725,0.216,0.039,0.02
2026-08-23,수원시권선구,2026-08-23T00:00,gem_global_ensemble,21,0.524,0.286,0.19,0
2026-08-23,수원시권선구,2026-08-23T01:00,ensemble,143,0.783,0.084,0.119,0.014
2026-08-23,수원시권선구,2026-08-23T01:00,icon_seamless_eps,40,0.55,0.05,0.35,0.05
2026-08-23,수원시권선구,2026-08-23T01:00,ncep_gefs_seamless,31,0.871,0.129,0,0
2026-08-23,수원시권선구,2026-08-23T01:00,ecmwf_ifs025_ensemble,51,0.941,0.039,0.02,0
2026-08-23,수원시권선구,2026-08-23T01:00,gem_global_ensemble,21,0.714,0.19,0.095,0
2026-08-23,수원시권선구,2026-08-23T02:00,ensemble,143,0.79,0.119,0.091,0
2026-08-23,수원시권선구,2026-08-23T02:00,icon_seamless_eps,40,0.575,0.175,0.25,0
2026-08-23,수원시권선구,2026-08-23T02:00,ncep_gefs_seamless,31,0.871,0.129,0,0
2026-08-23,수원시권선구,2026-08-23T02:00,ecmwf_ifs025_ensemble,51,0.941,0.039,0.02,0
2026-08-23,수원시권선구,2026-08-23T02:00,gem_global_ensemble,21,0.714,0.19,0.095,0
2026-08-23,수원시권선구,2026-08-23T03:00,ensemble,143,0.818,0.14,0.042,0
2026-08-23,수원시권선구,2026-08-23T03:00,icon_seamless_eps,40,0.675,0.25,0.075,0
2026-08-23,수원시권선구,2026-08-23T03:00,ncep_gefs_seamless,31,0.871,0.129,0,0
2026-08-23,수원시권선구,2026-08-23T03:00,ecmwf_ifs025_ensemble,51,0.941,0.039,0.02,0
2026-08-23,수원시권선구,2026-08-23T03:00,gem_global_ensemble,21,0.714,0.19,0.095,0
2026-08-23,수원시권선구,2026-08-23T04:00,ensemble,143,0.902,0.084,0.014,0
2026-08-23,수원시권선구,2026-08-23T04:00,icon_seamless_eps,40,0.825,0.125,0.05,0
2026-08-23,수원시권선구,2026-08-23T04:00,ncep_gefs_seamless,31,0.871,0.129,0,0
2026-08-23,수원시권선구,2026-08-23T04:00,ecmwf_ifs025_ensemble,51,1,0,0,0
2026-08-23,수원시권선구,2026-08-23T04:00,gem_global_ensemble,21,0.857,0.143,0,0
2026-08-23,수원시권선구,2026-08-23T05:00,ensemble,143,0.916,0.084,0,0
2026-08-23,수원시권선구,2026-08-23T05:00,icon_seamless_eps,40,0.875,0.125,0,0
2026-08-23,수원시권선구,2026-08-23T05:00,ncep_gefs_seamless,31,0.871,0.129,0,0
2026-08-23,수원시권선구,2026-08-23T05:00,ecmwf_ifs025_ensemble,51,1,0,0,0
2026-08-23,수원시권선구,2026-08-23T05:00,gem_global_ensemble,21,0.857,0.143,0,0
2026-08-23,수원시권선구,2026-08-23T06:00,ensemble,143,0.923,0.077,0,0
2026-08-23,수원시권선구,2026-08-23T06:00,icon_seamless_eps,40,0.9,0.1,0,0
2026-08-23,수원시권선구,2026-08-23T06:00,ncep_gefs_seamless,31,0.871,0.129,0,0
2026-08-23,수원시권선구,2026-08-23T06:00,ecmwf_ifs025_ensemble,51,1,0,0,0
2026-08-23,수원시권선구,2026-08-23T06:00,gem_global_ensemble,21,0.857,0.143,0,0
2026-08-23,수원시권선구,2026-08-23T07:00,ensemble,143,0.965,0.035,0,0
2026-08-23,수원시권선구,2026-08-23T07:00,icon_seamless_eps,40,0.95,0.05,0,0
2026-08-23,수원시권선구,2026-08-23T07:00,ncep_gefs_seamless,31,0.935,0.065,0,0
2026-08-23,수원시권선구,2026-08-23T07:00,ecmwf_ifs025_ensemble,51,1,0,0,0
2026-08-23,수원시권선구,2026-08-23T07:00,gem_global_ensemble,21,0.952,0.048,0,0
2026-08-23,수원시권선구,2026-08-23T08:00,ensemble,143,0.972,0.028,0,0
2026-08-23,수원시권선구,2026-08-23T08:00,icon_seamless_eps,40,0.975,0.025,0,0
2026-08-23,수원시권선구,2026-08-23T08:00,ncep_gefs_seamless,31,0.935,0.065,0,0
2026-08-23,수원시권선구,2026-08-23T08:00,ecmwf_ifs025_ensemble,51,1,0,0,0
2026-08-23,수원시권선구,2026-08-23T08:00,gem_global_ensemble,21,0.952,0.048,0,0
2026-08-23,수원시권선구,2026-08-23T09:00,ensemble,143,0.979,0.021,0,0
2026-08-23,수원시권선구,2026-08-23T09:00,icon_seamless_eps,40,1,0,0,0
2026-08-23,수원시권선구,2026-08-23T09:00,ncep_gefs_seamless,31,0.935,0.065,0,0
2026-08-23,수원시권선구,2026-08-23T09:00,ecmwf_ifs025_ensemble,51,1,0,0,0
2026-08-23,수원시권선구,2026-08-23T09:00,gem_global_ensemble,21,0.952,0.048,0,0
2026-08-23,수원시권선구,2026-08-23T10:00,ensemble,143,0.972,0.028,0,0
2026-08-23,수원시권선구,2026-08-23T10:00,icon_seamless_eps,40,1,0,0,0
2026-08-23,수원시권선구,2026-08-23T10:00,ncep_gefs_seamless,31,0.968,0.032,0,0
2026-08-23,수원시권선구,2026-08-23T10:00,ecmwf_ifs025_ensemble,51,0.961,0.039,0,0
2026-08-23,수원시권선구,2026-08-23T10:00,gem_global_ensemble,21,0.952,0.048,0,0
2026-08-23,수원시권선구,2026-08-23T11:00,ensemble,143,0.965,0.035,0,0
2026-08-23,수원시권선구,2026-08-23T11:00,icon_seamless_eps,40,0.975,0.025,0,0
2026-08-23,수원시권선구,2026-08-23T11:00,ncep_gefs_seamless,31,0.968,0.032,0,0
2026-08-23,수원시권선구,2026-08-23T11:00,ecmwf_ifs025_ensemble,51,0.961,0.039,0,0
2026-08-23,수원시권선구,2026-08-23T11:00,gem_global_ensemble,21,0.952,0.048,0,0
2026-08-23,수원시권선구,2026-08-23T12:00,ensemble,143,0.944,0.056,0,0
2026-08-23,수원시권선구,2026-08-23T12:00,icon_seamless_eps,40,0.9,0.1,0,0
2026-08-23,수원시권선구,2026-08-23T12:00,ncep_gefs_seamless,31,0.968,0.032,0,0
2026-08-23,수원시권선구,2026-08-23T12:00,ecmwf_ifs025_ensemble,51,0.961,0.039,0,0
2026-08-23,수원시권선구,2026-08-23T12:00,gem_global_ensemble,21,0.952,0.048,0,0
2026-08-23,수원시권선구,2026-08-23T13:00,ensemble,143,0.881,0.112,0.007,0
2026-08-23,수원시권선구,2026-08-23T13:00,icon_seamless_eps,40,0.875,0.125,0,0
2026-08-23,수원시권선구,2026-08-23T13:00,ncep_gefs_seamless,31,1,0,0,0
2026-08-23,수원시권선구,2026-08-23T13:00,ecmwf_ifs025_ensemble,51,0.765,0.216,0.02,0
2026-08-23,수원시권선구,2026-08-23T13:00,gem_global_ensemble,21,1,0,0,0
2026-08-23,수원시권선구,2026-08-23T14:00,ensemble,143,0.888,0.105,0.007,0
2026-08-23,수원시권선구,2026-08-23T14:00,icon_seamless_eps,40,0.9,0.1,0,0
2026-08-23,수원시권선구,2026-08-23T14:00,ncep_gefs_seamless,31,1,0,0,0
2026-08-23,수원시권선구,2026-08-23T14:00,ecmwf_ifs025_ensemble,51,0.765,0.216,0.02,0
2026-08-23,수원시권선구,2026-08-23T14:00,gem_global_ensemble,21,1,0,0,0
2026-08-23,수원시권선구,2026-08-23T15:00,ensemble,143,0.902,0.091,0.007,0
2026-08-23,수원시권선구,2026-08-23T15:00,icon_seamless_eps,40,0.95,0.05,0,0
2026-08-23,수원시권선구,2026-08-23T15:00,ncep_gefs_seamless,31,1,0,0,0
2026-08-23,수원시권선구,2026-08-23T15:00,ecmwf_ifs025_ensemble,51,0.765,0.216,0.02,0
2026-08-23,수원시권선구,2026-08-23T15:00,gem_global_ensemble,21,1,0,0,0
2026-08-23,수원시권선구,2026-08-23T16:00,ensemble,143,0.846,0.154,0,0
2026-08-23,수원시권선구,2026-08-23T16:00,icon_seamless_eps,40,0.975,0.025,0,0
2026-08-23,수원시권선구,2026-08-23T16:00,ncep_gefs_seamless,31,1,0,0,0
2026-08-23,수원시권선구,2026-08-23T16:00,ecmwf_ifs025_ensemble,51,0.588,0.412,0,0
2026-08-23,수원시권선구,2026-08-23T16:00,gem_global_ensemble,21,1,0,0,0
2026-08-23,수원시권선구,2026-08-23T17:00,ensemble,143,0.853,0.147,0,0
2026-08-23,수원시권선구,2026-08-23T17:00,icon_seamless_eps,40,1,0,0,0
2026-08-23,수원시권선구,2026-08-23T17:00,ncep_gefs_seamless,31,1,0,0,0
2026-08-23,수원시권선구,2026-08-23T17:00,ecmwf_ifs025_ensemble,51,0.588,0.412,0,0
2026-08-23,수원시권선구,2026-08-23T17:00,gem_global_ensemble,21,1,0,0,0
2026-08-23,수원시권선구,2026-08-23T18:00,ensemble,143,0.853,0.147,0,0
2026-08-23,수원시권선구,2026-08-23T18:00,icon_seamless_eps,40,1,0,0,0
2026-08-23,수원시권선구,2026-08-23T18:00,ncep_gefs_seamless,31,1,0,0,0
2026-08-23,수원시권선구,2026-08-23T18:00,ecmwf_ifs025_ensemble,51,0.588,0.412,0,0
2026-08-23,수원시권선구,2026-08-23T18:00,gem_global_ensemble,21,1,0,0,0
2026-08-23,수원시권선구,2026-08-23T19:00,ensemble,143,0.993,0.007,0,0
2026-08-23,수원시권선구,2026-08-23T19:00,icon_seamless_eps,40,1,0,0,0
2026-08-23,수원시권선구,2026-08-23T19:00,ncep_gefs_seamless,31,1,0,0,0
2026-08-23,수원시권선구,2026-08-23T19:00,ecmwf_ifs025_ensemble,51,1,0,0,0
2026-08-23,수원시권선구,2026-08-23T19:00,gem_global_ensemble,21,0.952,0.048,0,0
2026-08-23,수원시권선구,2026-08-23T20:00,ensemble,143,0.993,0.007,0,0
2026-08-23,수원시권선구,2026-08-23T20:00,icon_seamless_eps,40,1,0,0,0
2026-08-23,수원시권선구,2026-08-23T20:00,ncep_gefs_seamless,31,1,0,0,0
2026-08-23,수원시권선구,2026-08-23T20:00,ecmwf_ifs025_ensemble,51,1,0,0,0
2026-08-23,수원시권선구,2026-08-23T20:00,gem_global_ensemble,21,0.952,0.048,0,0
2026-08-23,수원시권선구,2026-08-23T21:00,ensemble,143,0.993,0.007,0,0
2026-08-23,수원시권선구,2026-08-23T21:00,icon_seamless_eps,40,1,0,0,0
2026-08-23,수원시권선구,2026-08-23T21:00,ncep_gefs_seamless,31,1,0,0,0
2026-08-23,수원시권선구,2026-08-23T21:00,ecmwf_ifs025_ensemble,51,1,0,0,0
2026-08-23,수원시권선구,2026-08-23T21:00,gem_global_ensemble,21,0.952,0.048,0,0
2026-08-23,수원시권선구,2026-08-23T22:00,ensemble,143,1,0,0,0
2026-08-23,수원시권선구,2026-08-23T22:00,icon_seamless_eps,40,1,0,0,0
2026-08-23,수원시권선구,2026-08-23T22:00,ncep_gefs_seamless,31,1,0,0,0
2026-08-23,수원시권선구,2026-08-23T22:00,ecmwf_ifs025_ensemble,51,1,0,0,0
2026-08-23,수원시권선구,2026-08-23T22:00,gem_global_ensemble,21,1,0,0,0
2026-08-23,수원시권선구,2026-08-23T23:00,ensemble,143,1,0,0,0
2026-08-23,수원시권선구,2026-08-23T23:00,icon_seamless_eps,40,1,0,0,0
2026-08-23,수원시권선구,2026-08-23T23:00,ncep_gefs_seamless,31,1,0,0,0
2026-08-23,수원시권선구,2026-08-23T23:00,ecmwf_ifs025_ensemble,51,1,0,0,0
2026-08-23,수원시권선구,2026-08-23T23:00,gem_global_ensemble,21,1,0,0,0
2026-08-23,수원시권선구,2026-08-24T00:00,ensemble,143,1,0,0,0
2026-08-23,수원시권선구,2026-08-24T00:00,icon_seamless_eps,40,1,0,0,0
2026-08-23,수원시권선구,2026-08-24T00:00,ncep_gefs_seamless,31,1,0,0,0
2026-08-23,수원시권선구,2026-08-24T00:00,ecmwf_ifs025_ensemble,51,1,0,0,0
2026-08-23,수원시권선구,2026-08-24T00:00,gem_global_ensemble,21,1,0,0,0
2026-08-23,수원시권선구,2026-08-24T01:00,ensemble,143,0.972,0.028,0,0
2026-08-23,수원시권선구,2026-08-24T01:00,icon_seamless_eps,40,1,0,0,0
2026-08-23,수원시권선구,2026-08-24T01:00,ncep_gefs_seamless,31,1,0,0,0
2026-08-23,수원시권선구,2026-08-24T01:00,ecmwf_ifs025_ensemble,51,0.98,0.02,0,0
2026-08-23,수원시권선구,2026-08-24T01:00,gem_global_ensemble,21,0.857,0.143,0,0
2026-08-23,수원시권선구,2026-08-24T02:00,ensemble,143,0.972,0.028,0,0
2026-08-23,수원시권선구,2026-08-24T02:00,icon_seamless_eps,40,1,0,0,0
2026-08-23,수원시권선구,2026-08-24T02:00,ncep_gefs_seamless,31,1,0,0,0
2026-08-23,수원시권선구,2026-08-24T02:00,ecmwf_ifs025_ensemble,51,0.98,0.02,0,0
2026-08-23,수원시권선구,2026-08-24T02:00,gem_global_ensemble,21,0.857,0.143,0,0
2026-08-23,수원시권선구,2026-08-24T03:00,ensemble,143,0.972,0.028,0,0
2026-08-23,수원시권선구,2026-08-24T03:00,icon_seamless_eps,40,1,0,0,0
2026-08-23,수원시권선구,2026-08-24T03:00,ncep_gefs_seamless,31,1,0,0,0
2026-08-23,수원시권선구,2026-08-24T03:00,ecmwf_ifs025_ensemble,51,0.98,0.02,0,0
2026-08-23,수원시권선구,2026-08-24T03:00,gem_global_ensemble,21,0.857,0.143,0,0
2026-08-23,수원시권선구,2026-08-24T04:00,ensemble,143,0.944,0.056,0,0
2026-08-23,수원시권선구,2026-08-24T04:00,icon_seamless_eps,40,1,0,0,0
2026-08-23,수원시권선구,2026-08-24T04:00,ncep_gefs_seamless,31,1,0,0,0
2026-08-23,수원시권선구,2026-08-24T04:00,ecmwf_ifs025_ensemble,51,0.882,0.118,0,0
2026-08-23,수원시권선구,2026-08-24T04:00,gem_global_ensemble,21,0.905,0.095,0,0
2026-08-23,수원시권선구,2026-08-24T05:00,ensemble,143,0.944,0.056,0,0
2026-08-23,수원시권선구,2026-08-24T05:00,icon_seamless_eps,40,1,0,0,0
2026-08-23,수원시권선구,2026-08-24T05:00,ncep_gefs_seamless,31,1,0,0,0
2026-08-23,수원시권선구,2026-08-24T05:00,ecmwf_ifs025_ensemble,51,0.882,0.118,0,0
2026-08-23,수원시권선구,2026-08-24T05:00,gem_global_ensemble,21,0.905,0.095,0,0
2026-08-23,수원시권선구,2026-08-24T06:00,ensemble,143,0.944,0.056,0,0
2026-08-23,수원시권선구,2026-08-24T06:00,icon_seamless_eps,40,1,0,0,0
2026-08-23,수원시권선구,2026-08-24T06:00,ncep_gefs_seamless,31,1,0,0,0
2026-08-23,수원시권선구,2026-08-24T06:00,ecmwf_ifs025_ensemble,51,0.882,0.118,0,0
2026-08-23,수원시권선구,2026-08-24T06:00,gem_global_ensemble,21,0.905,0.095,0,0
2026-08-23,수원시권선구,2026-08-24T07:00,ensemble,143,0.937,0.063,0,0
2026-08-23,수원시권선구,2026-08-24T07:00,icon_seamless_eps,40,1,0,0,0
2026-08-23,수원시권선구,2026-08-24T07:00,ncep_gefs_seamless,31,1,0,0,0
2026-08-23,수원시권선구,2026-08-24T07:00,ecmwf_ifs025_ensemble,51,0.843,0.157,0,0
2026-08-23,수원시권선구,2026-08-24T07:00,gem_global_ensemble,21,0.952,0.048,0,0
2026-08-23,수원시권선구,2026-08-24T08:00,ensemble,143,0.937,0.063,0,0
2026-08-23,수원시권선구,2026-08-24T08:00,icon_seamless_eps,40,1,0,0,0
2026-08-23,수원시권선구,2026-08-24T08:00,ncep_gefs_seamless,31,1,0,0,0
2026-08-23,수원시권선구,2026-08-24T08:00,ecmwf_ifs025_ensemble,51,0.843,0.157,0,0
2026-08-23,수원시권선구,2026-08-24T08:00,gem_global_ensemble,21,0.952,0.048,0,0
2026-08-23,수원시권선구,2026-08-24T09:00,ensemble,143,0.937,0.063,0,0
2026-08-23,수원시권선구,2026-08-24T09:00,icon_seamless_eps,40,1,0,0,0
2026-08-23,수원시권선구,2026-08-24T09:00,ncep_gefs_seamless,31,1,0,0,0
2026-08-23,수원시권선구,2026-08-24T09:00,ecmwf_ifs025_ensemble,51,0.843,0.157,0,0
2026-08-23,수원시권선구,2026-08-24T09:00,gem_global_ensemble,21,0.952,0.048,0,0
2026-08-23,수원시권선구,2026-08-24T10:00,ensemble,143,0.699,0.301,0,0
2026-08-23,수원시권선구,2026-08-24T10:00,icon_seamless_eps,40,1,0,0,0
2026-08-23,수원시권선구,2026-08-24T10:00,ncep_gefs_seamless,31,0.871,0.129,0,0
2026-08-23,수원시권선구,2026-08-24T10:00,ecmwf_ifs025_ensemble,51,0.275,0.725,0,0
2026-08-23,수원시권선구,2026-08-24T10:00,gem_global_ensemble,21,0.905,0.095,0,0
2026-08-23,수원시권선구,2026-08-24T11:00,ensemble,143,0.699,0.301,0,0
2026-08-23,수원시권선구,2026-08-24T11:00,icon_seamless_eps,40,1,0,0,0
2026-08-23,수원시권선구,2026-08-24T11:00,ncep_gefs_seamless,31,0.871,0.129,0,0
2026-08-23,수원시권선구,2026-08-24T11:00,ecmwf_ifs025_ensemble,51,0.275,0.725,0,0
2026-08-23,수원시권선구,2026-08-24T11:00,gem_global_ensemble,21,0.905,0.095,0,0
2026-08-23,수원시권선구,2026-08-24T12:00,ensemble,143,0.699,0.301,0,0
2026-08-23,수원시권선구,2026-08-24T12:00,icon_seamless_eps,40,1,0,0,0
2026-08-23,수원시권선구,2026-08-24T12:00,ncep_gefs_seamless,31,0.871,0.129,0,0
2026-08-23,수원시권선구,2026-08-24T12:00,ecmwf_ifs025_ensemble,51,0.275,0.725,0,0
2026-08-23,수원시권선구,2026-08-24T12:00,gem_global_ensemble,21,0.905,0.095,0,0
2026-08-23,수원시권선구,2026-08-24T13:00,ensemble,143,0.664,0.336,0,0
2026-08-23,수원시권선구,2026-08-24T13:00,icon_seamless_eps,40,0.925,0.075,0,0
2026-08-23,수원시권선구,2026-08-24T13:00,ncep_gefs_seamless,31,0.839,0.161,0,0
2026-08-23,수원시권선구,2026-08-24T13:00,ecmwf_ifs025_ensemble,51,0.275,0.725,0,0
2026-08-23,수원시권선구,2026-08-24T13:00,gem_global_ensemble,21,0.857,0.143,0,0
2026-08-23,수원시권선구,2026-08-24T14:00,ensemble,143,0.664,0.336,0,0
2026-08-23,수원시권선구,2026-08-24T14:00,icon_seamless_eps,40,0.925,0.075,0,0
2026-08-23,수원시권선구,2026-08-24T14:00,ncep_gefs_seamless,31,0.839,0.161,0,0
2026-08-23,수원시권선구,2026-08-24T14:00,ecmwf_ifs025_ensemble,51,0.275,0.725,0,0
2026-08-23,수원시권선구,2026-08-24T14:00,gem_global_ensemble,21,0.857,0.143,0,0
2026-08-23,수원시권선구,2026-08-24T15:00,ensemble,143,0.664,0.336,0,0
2026-08-23,수원시권선구,2026-08-24T15:00,icon_seamless_eps,40,0.925,0.075,0,0
2026-08-23,수원시권선구,2026-08-24T15:00,ncep_gefs_seamless,31,0.839,0.161,0,0
2026-08-23,수원시권선구,2026-08-24T15:00,ecmwf_ifs025_ensemble,51,0.275,0.725,0,0
2026-08-23,수원시권선구,2026-08-24T15:00,gem_global_ensemble,21,0.857,0.143,0,0
2026-08-23,수원시권선구,2026-08-24T16:00,ensemble,143,0.888,0.105,0.007,0
2026-08-23,수원시권선구,2026-08-24T16:00,icon_seamless_eps,40,0.95,0.025,0.025,0
2026-08-23,수원시권선구,2026-08-24T16:00,ncep_gefs_seamless,31,1,0,0,0
2026-08-23,수원시권선구,2026-08-24T16:00,ecmwf_ifs025_ensemble,51,0.745,0.255,0,0
2026-08-23,수원시권선구,2026-08-24T16:00,gem_global_ensemble,21,0.952,0.048,0,0
2026-08-23,수원시권선구,2026-08-24T17:00,ensemble,143,0.888,0.105,0.007,0
2026-08-23,수원시권선구,2026-08-24T17:00,icon_seamless_eps,40,0.95,0.025,0.025,0
2026-08-23,수원시권선구,2026-08-24T17:00,ncep_gefs_seamless,31,1,0,0,0
2026-08-23,수원시권선구,2026-08-24T17:00,ecmwf_ifs025_ensemble,51,0.745,0.255,0,0
2026-08-23,수원시권선구,2026-08-24T17:00,gem_global_ensemble,21,0.952,0.048,0,0
2026-08-23,수원시권선구,2026-08-24T18:00,ensemble,143,0.888,0.105,0.007,0
2026-08-23,수원시권선구,2026-08-24T18:00,icon_seamless_eps,40,0.95,0.025,0.025,0
2026-08-23,수원시권선구,2026-08-24T18:00,ncep_gefs_seamless,31,1,0,0,0
2026-08-23,수원시권선구,2026-08-24T18:00,ecmwf_ifs025_ensemble,51,0.745,0.255,0,0
2026-08-23,수원시권선구,2026-08-24T18:00,gem_global_ensemble,21,0.952,0.048,0,0
2026-08-23,수원시권선구,2026-08-24T19:00,ensemble,143,0.979,0.021,0,0
2026-08-23,수원시권선구,2026-08-24T19:00,icon_seamless_eps,40,0.975,0.025,0,0
2026-08-23,수원시권선구,2026-08-24T19:00,ncep_gefs_seamless,31,1,0,0,0
2026-08-23,수원시권선구,2026-08-24T19:00,ecmwf_ifs025_ensemble,51,0.961,0.039,0,0
2026-08-23,수원시권선구,2026-08-24T19:00,gem_global_ensemble,21,1,0,0,0
2026-08-23,수원시권선구,2026-08-24T20:00,ensemble,143,0.979,0.021,0,0
2026-08-23,수원시권선구,2026-08-24T20:00,icon_seamless_eps,40,0.975,0.025,0,0
2026-08-23,수원시권선구,2026-08-24T20:00,ncep_gefs_seamless,31,1,0,0,0
2026-08-23,수원시권선구,2026-08-24T20:00,ecmwf_ifs025_ensemble,51,0.961,0.039,0,0
2026-08-23,수원시권선구,2026-08-24T20:00,gem_global_ensemble,21,1,0,0,0
2026-08-23,수원시권선구,2026-08-24T21:00,ensemble,143,0.979,0.021,0,0
2026-08-23,수원시권선구,2026-08-24T21:00,icon_seamless_eps,40,0.975,0.025,0,0
2026-08-23,수원시권선구,2026-08-24T21:00,ncep_gefs_seamless,31,1,0,0,0
2026-08-23,수원시권선구,2026-08-24T21:00,ecmwf_ifs025_ensemble,51,0.961,0.039,0,0
2026-08-23,수원시권선구,2026-08-24T21:00,gem_global_ensemble,21,1,0,0,0
2026-08-23,수원시권선구,2026-08-24T22:00,ensemble,143,0.993,0.007,0,0
2026-08-23,수원시권선구,2026-08-24T22:00,icon_seamless_eps,40,1,0,0,0
2026-08-23,수원시권선구,2026-08-24T22:00,ncep_gefs_seamless,31,1,0,0,0
2026-08-23,수원시권선구,2026-08-24T22:00,ecmwf_ifs025_ensemble,51,1,0,0,0
2026-08-23,수원시권선구,2026-08-24T22:00,gem_global_ensemble,21,0.952,0.048,0,0
2026-08-23,수원시권선구,2026-08-24T23:00,ensemble,143,0.993,0.007,0,0
2026-08-23,수원시권선구,2026-08-24T23:00,icon_seamless_eps,40,1,0,0,0
2026-08-23,수원시권선구,2026-08-24T23:00,ncep_gefs_seamless,31,1,0,0,0
2026-08-23,수원시권선구,2026-08-24T23:00,ecmwf_ifs025_ensemble,51,1,0,0,0
2026-08-23,수원시권선구,2026-08-24T23:00,gem_global_ensemble,21,0.952,0.048,0,0
2026-08-23,성남시수정구,2026-08-23T00:00,ensemble,143,0.566,0.259,0.147,0.028
2026-08-23,성남시수정구,2026-08-23T00:00,icon_seamless_eps,40,0.55,0.125,0.225,0.1
2026-08-23,성남시수정구,2026-08-23T00:00,ncep_gefs_seamless,31,0.548,0.323,0.129,0
2026-08-23,성남시수정구,2026-08-23T00:00,ecmwf_ifs025_ensemble,51,0.608,0.314,0.078,0
2026-08-23,성남시수정구,2026-08-23T00:00,gem_global_ensemble,21,0.524,0.286,0.19,0
2026-08-23,성남시수정구,2026-08-23T01:00,ensemble,143,0.706,0.168,0.098,0.028
2026-08-23,성남시수정구,2026-08-23T01:00,icon_seamless_eps,40,0.5,0.1,0.3,0.1
2026-08-23,성남시수정구,2026-08-23T01:00,ncep_gefs_seamless,31,0.871,0.129,0,0
2026-08-23,성남시수정구,2026-08-23T01:00,ecmwf_ifs025_ensemble,51,0.765,0.235,0,0
2026-08-23,성남시수정구,2026-08-23T01:00,gem_global_ensemble,21,0.714,0.19,0.095,0
2026-08-23,성남시수정구,2026-08-23T02:00,ensemble,143,0.72,0.161,0.119,0
2026-08-23,성남시수정구,2026-08-23T02:00,icon_seamless_eps,40,0.55,0.075,0.375,0
2026-08-23,성남시수정구,2026-08-23T02:00,ncep_gefs_seamless,31,0.871,0.129,0,0
2026-08-23,성남시수정구,2026-08-23T02:00,ecmwf_ifs025_ensemble,51,0.765,0.235,0,0
2026-08-23,성남시수정구,2026-08-23T02:00,gem_global_ensemble,21,0.714,0.19,0.095,0
2026-08-23,성남시수정구,2026-08-23T03:00,ensemble,143,0.748,0.203,0.049,0
2026-08-23,성남시수정구,2026-08-23T03:00,icon_seamless_eps,40,0.65,0.225,0.125,0
2026-08-23,성남시수정구,2026-08-23T03:00,ncep_gefs_seamless,31,0.871,0.129,0,0
2026-08-23,성남시수정구,2026-08-23T03:00,ecmwf_ifs025_ensemble,51,0.765,0.235,0,0
2026-08-23,성남시수정구,2026-08-23T03:00,gem_global_ensemble,21,0.714,0.19,0.095,0
2026-08-23,성남시수정구,2026-08-23T04:00,ensemble,143,0.902,0.091,0.007,0
2026-08-23,성남시수정구,2026-08-23T04:00,icon_seamless_eps,40,0.825,0.15,0.025,0
2026-08-23,성남시수정구,2026-08-23T04:00,ncep_gefs_seamless,31,0.903,0.097,0,0
2026-08-23,성남시수정구,2026-08-23T04:00,ecmwf_ifs025_ensemble,51,0.98,0.02,0,0
2026-08-23,성남시수정구,2026-08-23T04:00,gem_global_ensemble,21,0.857,0.143,0,0
2026-08-23,성남시수정구,2026-08-23T05:00,ensemble,143,0.916,0.084,0,0
2026-08-23,성남시수정구,2026-08-23T05:00,icon_seamless_eps,40,0.875,0.125,0,0
2026-08-23,성남시수정구,2026-08-23T05:00,ncep_gefs_seamless,31,0.903,0.097,0,0
2026-08-23,성남시수정구,2026-08-23T05:00,ecmwf_ifs025_ensemble,51,0.98,0.02,0,0
2026-08-23,성남시수정구,2026-08-23T05:00,gem_global_ensemble,21,0.857,0.143,0,0
2026-08-23,성남시수정구,2026-08-23T06:00,ensemble,143,0.93,0.07,0,0
2026-08-23,성남시수정구,2026-08-23T06:00,icon_seamless_eps,40,0.925,0.075,0,0
2026-08-23,성남시수정구,2026-08-23T06:00,ncep_gefs_seamless,31,0.903,0.097,0,0
2026-08-23,성남시수정구,2026-08-23T06:00,ecmwf_ifs025_ensemble,51,0.98,0.02,0,0
2026-08-23,성남시수정구,2026-08-23T06:00,gem_global_ensemble,21,0.857,0.143,0,0
2026-08-23,성남시수정구,2026-08-23T07:00,ensemble,143,0.965,0.028,0.007,0
2026-08-23,성남시수정구,2026-08-23T07:00,icon_seamless_eps,40,0.95,0.05,0,0
2026-08-23,성남시수정구,2026-08-23T07:00,ncep_gefs_seamless,31,0.935,0.032,0.032,0
2026-08-23,성남시수정구,2026-08-23T07:00,ecmwf_ifs025_ensemble,51,1,0,0,0
2026-08-23,성남시수정구,2026-08-23T07:00,gem_global_ensemble,21,0.952,0.048,0,0
2026-08-23,성남시수정구,2026-08-23T08:00,ensemble,143,0.972,0.021,0.007,0
2026-08-23,성남시수정구,2026-08-23T08:00,icon_seamless_eps,40,0.975,0.025,0,0
2026-08-23,성남시수정구,2026-08-23T08:00,ncep_gefs_seamless,31,0.935,0.032,0.032,0
2026-08-23,성남시수정구,2026-08-23T08:00,ecmwf_ifs025_ensemble,51,1,0,0,0
2026-08-23,성남시수정구,2026-08-23T08:00,gem_global_ensemble,21,0.952,0.048,0,0
2026-08-23,성남시수정구,2026-08-23T09:00,ensemble,143,0.972,0.021,0.007,0
2026-08-23,성남시수정구,2026-08-23T09:00,icon_seamless_eps,40,0.975,0.025,0,0
2026-08-23,성남시수정구,2026-08-23T09:00,ncep_gefs_seamless,31,0.935,0.032,0.032,0
2026-08-23,성남시수정구,2026-08-23T09:00,ecmwf_ifs025_ensemble,51,1,0,0,0
2026-08-23,성남시수정구,2026-08-23T09:00,gem_global_ensemble,21,0.952,0.048,0,0
2026-08-23,성남시수정구,2026-08-23T10:00,ensemble,143,0.895,0.105,0,0
2026-08-23,성남시수정구,2026-08-23T10:00,icon_seamless_eps,40,1,0,0,0
2026-08-23,성남시수정구,2026-08-23T10:00,ncep_gefs_seamless,31,0.968,0.032,0,0
2026-08-23,성남시수정구,2026-08-23T10:00,ecmwf_ifs025_ensemble,51,0.745,0.255,0,0
2026-08-23,성남시수정구,2026-08-23T10:00,gem_global_ensemble,21,0.952,0.048,0,0
2026-08-23,성남시수정구,2026-08-23T11:00,ensemble,143,0.895,0.105,0,0
2026-08-23,성남시수정구,2026-08-23T11:00,icon_seamless_eps,40,1,0,0,0
2026-08-23,성남시수정구,2026-08-23T11:00,ncep_gefs_seamless,31,0.968,0.032,0,0
2026-08-23,성남시수정구,2026-08-23T11:00,ecmwf_ifs025_ensemble,51,0.745,0.255,0,0
2026-08-23,성남시수정구,2026-08-23T11:00,gem_global_ensemble,21,0.952,0.048,0,0
2026-08-23,성남시수정구,2026-08-23T12:00,ensemble,143,0.881,0.119,0,0
2026-08-23,성남시수정구,2026-08-23T12:00,icon_seamless_eps,40,0.95,0.05,0,0
2026-08-23,성남시수정구,2026-08-23T12:00,ncep_gefs_seamless,31,0.968,0.032,0,0
2026-08-23,성남시수정구,2026-08-23T12:00,ecmwf_ifs025_ensemble,51,0.745,0.255,0,0
2026-08-23,성남시수정구,2026-08-23T12:00,gem_global_ensemble,21,0.952,0.048,0,0
2026-08-23,성남시수정구,2026-08-23T13:00,ensemble,143,0.909,0.091,0,0
2026-08-23,성남시수정구,2026-08-23T13:00,icon_seamless_eps,40,0.9,0.1,0,0
2026-08-23,성남시수정구,2026-08-23T13:00,ncep_gefs_seamless,31,0.968,0.032,0,0
2026-08-23,성남시수정구,2026-08-23T13:00,ecmwf_ifs025_ensemble,51,0.843,0.157,0,0
2026-08-23,성남시수정구,2026-08-23T13:00,gem_global_ensemble,21,1,0,0,0
2026-08-23,성남시수정구,2026-08-23T14:00,ensemble,143,0.909,0.091,0,0
2026-08-23,성남시수정구,2026-08-23T14:00,icon_seamless_eps,40,0.9,0.1,0,0
2026-08-23,성남시수정구,2026-08-23T14:00,ncep_gefs_seamless,31,0.968,0.032,0,0
2026-08-23,성남시수정구,2026-08-23T14:00,ecmwf_ifs025_ensemble,51,0.843,0.157,0,0
2026-08-23,성남시수정구,2026-08-23T14:00,gem_global_ensemble,21,1,0,0,0
2026-08-23,성남시수정구,2026-08-23T15:00,ensemble,143,0.93,0.07,0,0
2026-08-23,성남시수정구,2026-08-23T15:00,icon_seamless_eps,40,0.975,0.025,0,0
2026-08-23,성남시수정구,2026-08-23T15:00,ncep_gefs_seamless,31,0.968,0.032,0,0
2026-08-23,성남시수정구,2026-08-23T15:00,ecmwf_ifs025_ensemble,51,0.843,0.157,0,0
2026-08-23,성남시수정구,2026-08-23T15:00,gem_global_ensemble,21,1,0,0,0
2026-08-23,성남시수정구,2026-08-23T16:00,ensemble,143,0.895,0.105,0,0
2026-08-23,성남시수정구,2026-08-23T16:00,icon_seamless_eps,40,1,0,0,0
2026-08-23,성남시수정구,2026-08-23T16:00,ncep_gefs_seamless,31,0.968,0.032,0,0
2026-08-23,성남시수정구,2026-08-23T16:00,ecmwf_ifs025_ensemble,51,0.725,0.275,0,0
2026-08-23,성남시수정구,2026-08-23T16:00,gem_global_ensemble,21,1,0,0,0
2026-08-23,성남시수정구,2026-08-23T17:00,ensemble,143,0.895,0.105,0,0
2026-08-23,성남시수정구,2026-08-23T17:00,icon_seamless_eps,40,1,0,0,0
2026-08-23,성남시수정구,2026-08-23T17:00,ncep_gefs_seamless,31,0.968,0.032,0,0
2026-08-23,성남시수정구,2026-08-23T17:00,ecmwf_ifs025_ensemble,51,0.725,0.275,0,0
2026-08-23,성남시수정구,2026-08-23T17:00,gem_global_ensemble,21,1,0,0,0
2026-08-23,성남시수정구,2026-08-23T18:00,ensemble,143,0.895,0.105,0,0
2026-08-23,성남시수정구,2026-08-23T18:00,icon_seamless_eps,40,1,0,0,0
2026-08-23,성남시수정구,2026-08-23T18:00,ncep_gefs_seamless,31,0.968,0.032,0,0
2026-08-23,성남시수정구,2026-08-23T18:00,ecmwf_ifs025_ensemble,51,0.725,0.275,0,0
2026-08-23,성남시수정구,2026-08-23T18:00,gem_global_ensemble,21,1,0,0,0
2026-08-23,성남시수정구,2026-08-23T19:00,ensemble,143,0.979,0.021,0,0
2026-08-23,성남시수정구,2026-08-23T19:00,icon_seamless_eps,40,1,0,0,0
2026-08-23,성남시수정구,2026-08-23T19:00,ncep_gefs_seamless,31,0.968,0.032,0,0
2026-08-23,성남시수정구,2026-08-23T19:00,ecmwf_ifs025_ensemble,51,0.98,0.02,0,0
2026-08-23,성남시수정구,2026-08-23T19:00,gem_global_ensemble,21,0.952,0.048,0,0
2026-08-23,성남시수정구,2026-08-23T20:00,ensemble,143,0.979,0.021,0,0
2026-08-23,성남시수정구,2026-08-23T20:00,icon_seamless_eps,40,1,0,0,0
2026-08-23,성남시수정구,2026-08-23T20:00,ncep_gefs_seamless,31,0.968,0.032,0,0
2026-08-23,성남시수정구,2026-08-23T20:00,ecmwf_ifs025_ensemble,51,0.98,0.02,0,0
2026-08-23,성남시수정구,2026-08-23T20:00,gem_global_ensemble,21,0.952,0.048,0,0
2026-08-23,성남시수정구,2026-08-23T21:00,ensemble,143,0.979,0.021,0,0
2026-08-23,성남시수정구,2026-08-23T21:00,icon_seamless_eps,40,1,0,0,0
2026-08-23,성남시수정구,2026-08-23T21:00,ncep_gefs_seamless,31,0.968,0.032,0,0
2026-08-23,성남시수정구,2026-08-23T21:00,ecmwf_ifs025_ensemble,51,0.98,0.02,0,0
2026-08-23,성남시수정구,2026-08-23T21:00,gem_global_ensemble,21,0.952,0.048,0,0
2026-08-23,성남시수정구,2026-08-23T22:00,ensemble,143,1,0,0,0
2026-08-23,성남시수정구,2026-08-23T22:00,icon_seamless_eps,40,1,0,0,0
2026-08-23,성남시수정구,2026-08-23T22:00,ncep_gefs_seamless,31,1,0,0,0
2026-08-23,성남시수정구,2026-08-23T22:00,ecmwf_ifs025_ensemble,51,1,0,0,0
2026-08-23,성남시수정구,2026-08-23T22:00,gem_global_ensemble,21,1,0,0,0
2026-08-23,성남시수정구,2026-08-23T23:00,ensemble,143,1,0,0,0
2026-08-23,성남시수정구,2026-08-23T23:00,icon_seamless_eps,40,1,0,0,0
2026-08-23,성남시수정구,2026-08-23T23:00,ncep_gefs_seamless,31,1,0,0,0
2026-08-23,성남시수정구,2026-08-23T23:00,ecmwf_ifs025_ensemble,51,1,0,0,0
2026-08-23,성남시수정구,2026-08-23T23:00,gem_global_ensemble,21,1,0,0,0
2026-08-23,성남시수정구,2026-08-24T00:00,ensemble,143,1,0,0,0
2026-08-23,성남시수정구,2026-08-24T00:00,icon_seamless_eps,40,1,0,0,0
2026-08-23,성남시수정구,2026-08-24T00:00,ncep_gefs_seamless,31,1,0,0,0
2026-08-23,성남시수정구,2026-08-24T00:00,ecmwf_ifs025_ensemble,51,1,0,0,0
2026-08-23,성남시수정구,2026-08-24T00:00,gem_global_ensemble,21,1,0,0,0
2026-08-23,성남시수정구,2026-08-24T01:00,ensemble,143,0.972,0.028,0,0
2026-08-23,성남시수정구,2026-08-24T01:00,icon_seamless_eps,40,1,0,0,0
2026-08-23,성남시수정구,2026-08-24T01:00,ncep_gefs_seamless,31,1,0,0,0
2026-08-23,성남시수정구,2026-08-24T01:00,ecmwf_ifs025_ensemble,51,0.98,0.02,0,0
2026-08-23,성남시수정구,2026-08-24T01:00,gem_global_ensemble,21,0.857,0.143,0,0
2026-08-23,성남시수정구,2026-08-24T02:00,ensemble,143,0.972,0.028,0,0
2026-08-23,성남시수정구,2026-08-24T02:00,icon_seamless_eps,40,1,0,0,0
2026-08-23,성남시수정구,2026-08-24T02:00,ncep_gefs_seamless,31,1,0,0,0
2026-08-23,성남시수정구,2026-08-24T02:00,ecmwf_ifs025_ensemble,51,0.98,0.02,0,0
2026-08-23,성남시수정구,2026-08-24T02:00,gem_global_ensemble,21,0.857,0.143,0,0
2026-08-23,성남시수정구,2026-08-24T03:00,ensemble,143,0.972,0.028,0,0
2026-08-23,성남시수정구,2026-08-24T03:00,icon_seamless_eps,40,1,0,0,0
2026-08-23,성남시수정구,2026-08-24T03:00,ncep_gefs_seamless,31,1,0,0,0
2026-08-23,성남시수정구,2026-08-24T03:00,ecmwf_ifs025_ensemble,51,0.98,0.02,0,0
2026-08-23,성남시수정구,2026-08-24T03:00,gem_global_ensemble,21,0.857,0.143,0,0
2026-08-23,성남시수정구,2026-08-24T04:00,ensemble,143,0.965,0.035,0,0
2026-08-23,성남시수정구,2026-08-24T04:00,icon_seamless_eps,40,1,0,0,0
2026-08-23,성남시수정구,2026-08-24T04:00,ncep_gefs_seamless,31,1,0,0,0
2026-08-23,성남시수정구,2026-08-24T04:00,ecmwf_ifs025_ensemble,51,0.941,0.059,0,0
2026-08-23,성남시수정구,2026-08-24T04:00,gem_global_ensemble,21,0.905,0.095,0,0
2026-08-23,성남시수정구,2026-08-24T05:00,ensemble,143,0.965,0.035,0,0
2026-08-23,성남시수정구,2026-08-24T05:00,icon_seamless_eps,40,1,0,0,0
2026-08-23,성남시수정구,2026-08-24T05:00,ncep_gefs_seamless,31,1,0,0,0
2026-08-23,성남시수정구,2026-08-24T05:00,ecmwf_ifs025_ensemble,51,0.941,0.059,0,0
2026-08-23,성남시수정구,2026-08-24T05:00,gem_global_ensemble,21,0.905,0.095,0,0
2026-08-23,성남시수정구,2026-08-24T06:00,ensemble,143,0.965,0.035,0,0
2026-08-23,성남시수정구,2026-08-24T06:00,icon_seamless_eps,40,1,0,0,0
2026-08-23,성남시수정구,2026-08-24T06:00,ncep_gefs_seamless,31,1,0,0,0
2026-08-23,성남시수정구,2026-08-24T06:00,ecmwf_ifs025_ensemble,51,0.941,0.059,0,0
2026-08-23,성남시수정구,2026-08-24T06:00,gem_global_ensemble,21,0.905,0.095,0,0
2026-08-23,성남시수정구,2026-08-24T07:00,ensemble,143,0.951,0.049,0,0
2026-08-23,성남시수정구,2026-08-24T07:00,icon_seamless_eps,40,1,0,0,0
2026-08-23,성남시수정구,2026-08-24T07:00,ncep_gefs_seamless,31,1,0,0,0
2026-08-23,성남시수정구,2026-08-24T07:00,ecmwf_ifs025_ensemble,51,0.882,0.118,0,0
2026-08-23,성남시수정구,2026-08-24T07:00,gem_global_ensemble,21,0.952,0.048,0,0
2026-08-23,성남시수정구,2026-08-24T08:00,ensemble,143,0.951,0.049,0,0
2026-08-23,성남시수정구,2026-08-24T08:00,icon_seamless_eps,40,1,0,0,0
2026-08-23,성남시수정구,2026-08-24T08:00,ncep_gefs_seamless,31,1,0,0,0
2026-08-23,성남시수정구,2026-08-24T08:00,ecmwf_ifs025_ensemble,51,0.882,0.118,0,0
2026-08-23,성남시수정구,2026-08-24T08:00,gem_global_ensemble,21,0.952,0.048,0,0
2026-08-23,성남시수정구,2026-08-24T09:00,ensemble,143,0.951,0.049,0,0
2026-08-23,성남시수정구,2026-08-24T09:00,icon_seamless_eps,40,1,0,0,0
2026-08-23,성남시수정구,2026-08-24T09:00,ncep_gefs_seamless,31,1,0,0,0
2026-08-23,성남시수정구,2026-08-24T09:00,ecmwf_ifs025_ensemble,51,0.882,0.118,0,0
2026-08-23,성남시수정구,2026-08-24T09:00,gem_global_ensemble,21,0.952,0.048,0,0
2026-08-23,성남시수정구,2026-08-24T10:00,ensemble,143,0.748,0.252,0,0
2026-08-23,성남시수정구,2026-08-24T10:00,icon_seamless_eps,40,1,0,0,0
2026-08-23,성남시수정구,2026-08-24T10:00,ncep_gefs_seamless,31,0.871,0.129,0,0
2026-08-23,성남시수정구,2026-08-24T10:00,ecmwf_ifs025_ensemble,51,0.412,0.588,0,0
2026-08-23,성남시수정구,2026-08-24T10:00,gem_global_ensemble,21,0.905,0.095,0,0
2026-08-23,성남시수정구,2026-08-24T11:00,ensemble,143,0.748,0.252,0,0
2026-08-23,성남시수정구,2026-08-24T11:00,icon_seamless_eps,40,1,0,0,0
2026-08-23,성남시수정구,2026-08-24T11:00,ncep_gefs_seamless,31,0.871,0.129,0,0
2026-08-23,성남시수정구,2026-08-24T11:00,ecmwf_ifs025_ensemble,51,0.412,0.588,0,0
2026-08-23,성남시수정구,2026-08-24T11:00,gem_global_ensemble,21,0.905,0.095,0,0
2026-08-23,성남시수정구,2026-08-24T12:00,ensemble,143,0.748,0.252,0,0
2026-08-23,성남시수정구,2026-08-24T12:00,icon_seamless_eps,40,1,0,0,0
2026-08-23,성남시수정구,2026-08-24T12:00,ncep_gefs_seamless,31,0.871,0.129,0,0
2026-08-23,성남시수정구,2026-08-24T12:00,ecmwf_ifs025_ensemble,51,0.412,0.588,0,0
2026-08-23,성남시수정구,2026-08-24T12:00,gem_global_ensemble,21,0.905,0.095,0,0
2026-08-23,성남시수정구,2026-08-24T13:00,ensemble,143,0.72,0.28,0,0
2026-08-23,성남시수정구,2026-08-24T13:00,icon_seamless_eps,40,0.975,0.025,0,0
2026-08-23,성남시수정구,2026-08-24T13:00,ncep_gefs_seamless,31,0.871,0.129,0,0
2026-08-23,성남시수정구,2026-08-24T13:00,ecmwf_ifs025_ensemble,51,0.373,0.627,0,0
2026-08-23,성남시수정구,2026-08-24T13:00,gem_global_ensemble,21,0.857,0.143,0,0
2026-08-23,성남시수정구,2026-08-24T14:00,ensemble,143,0.72,0.28,0,0
2026-08-23,성남시수정구,2026-08-24T14:00,icon_seamless_eps,40,0.975,0.025,0,0
2026-08-23,성남시수정구,2026-08-24T14:00,ncep_gefs_seamless,31,0.871,0.129,0,0
2026-08-23,성남시수정구,2026-08-24T14:00,ecmwf_ifs025_ensemble,51,0.373,0.627,0,0
2026-08-23,성남시수정구,2026-08-24T14:00,gem_global_ensemble,21,0.857,0.143,0,0
2026-08-23,성남시수정구,2026-08-24T15:00,ensemble,143,0.72,0.28,0,0
2026-08-23,성남시수정구,2026-08-24T15:00,icon_seamless_eps,40,0.975,0.025,0,0
2026-08-23,성남시수정구,2026-08-24T15:00,ncep_gefs_seamless,31,0.871,0.129,0,0
2026-08-23,성남시수정구,2026-08-24T15:00,ecmwf_ifs025_ensemble,51,0.373,0.627,0,0
2026-08-23,성남시수정구,2026-08-24T15:00,gem_global_ensemble,21,0.857,0.143,0,0
2026-08-23,성남시수정구,2026-08-24T16:00,ensemble,143,0.853,0.14,0.007,0
2026-08-23,성남시수정구,2026-08-24T16:00,icon_seamless_eps,40,0.975,0,0.025,0
2026-08-23,성남시수정구,2026-08-24T16:00,ncep_gefs_seamless,31,0.871,0.129,0,0
2026-08-23,성남시수정구,2026-08-24T16:00,ecmwf_ifs025_ensemble,51,0.706,0.294,0,0
2026-08-23,성남시수정구,2026-08-24T16:00,gem_global_ensemble,21,0.952,0.048,0,0
2026-08-23,성남시수정구,2026-08-24T17:00,ensemble,143,0.853,0.14,0.007,0
2026-08-23,성남시수정구,2026-08-24T17:00,icon_seamless_eps,40,0.975,0,0.025,0
2026-08-23,성남시수정구,2026-08-24T17:00,ncep_gefs_seamless,31,0.871,0.129,0,0
2026-08-23,성남시수정구,2026-08-24T17:00,ecmwf_ifs025_ensemble,51,0.706,0.294,0,0
2026-08-23,성남시수정구,2026-08-24T17:00,gem_global_ensemble,21,0.952,0.048,0,0
2026-08-23,성남시수정구,2026-08-24T18:00,ensemble,143,0.853,0.14,0.007,0
2026-08-23,성남시수정구,2026-08-24T18:00,icon_seamless_eps,40,0.975,0,0.025,0
2026-08-23,성남시수정구,2026-08-24T18:00,ncep_gefs_seamless,31,0.871,0.129,0,0
2026-08-23,성남시수정구,2026-08-24T18:00,ecmwf_ifs025_ensemble,51,0.706,0.294,0,0
2026-08-23,성남시수정구,2026-08-24T18:00,gem_global_ensemble,21,0.952,0.048,0,0
2026-08-23,성남시수정구,2026-08-24T19:00,ensemble,143,0.972,0.028,0,0
2026-08-23,성남시수정구,2026-08-24T19:00,icon_seamless_eps,40,0.975,0.025,0,0
2026-08-23,성남시수정구,2026-08-24T19:00,ncep_gefs_seamless,31,1,0,0,0
2026-08-23,성남시수정구,2026-08-24T19:00,ecmwf_ifs025_ensemble,51,0.941,0.059,0,0
2026-08-23,성남시수정구,2026-08-24T19:00,gem_global_ensemble,21,1,0,0,0
2026-08-23,성남시수정구,2026-08-24T20:00,ensemble,143,0.972,0.028,0,0
2026-08-23,성남시수정구,2026-08-24T20:00,icon_seamless_eps,40,0.975,0.025,0,0
2026-08-23,성남시수정구,2026-08-24T20:00,ncep_gefs_seamless,31,1,0,0,0
2026-08-23,성남시수정구,2026-08-24T20:00,ecmwf_ifs025_ensemble,51,0.941,0.059,0,0
2026-08-23,성남시수정구,2026-08-24T20:00,gem_global_ensemble,21,1,0,0,0
2026-08-23,성남시수정구,2026-08-24T21:00,ensemble,143,0.972,0.028,0,0
2026-08-23,성남시수정구,2026-08-24T21:00,icon_seamless_eps,40,0.975,0.025,0,0
2026-08-23,성남시수정구,2026-08-24T21:00,ncep_gefs_seamless,31,1,0,0,0
2026-08-23,성남시수정구,2026-08-24T21:00,ecmwf_ifs025_ensemble,51,0.941,0.059,0,0
2026-08-23,성남시수정구,2026-08-24T21:00,gem_global_ensemble,21,1,0,0,0
2026-08-23,성남시수정구,2026-08-24T22:00,ensemble,143,0.972,0.028,0,0
2026-08-23,성남시수정구,2026-08-24T22:00,icon_seamless_eps,40,0.975,0.025,0,0
2026-08-23,성남시수정구,2026-08-24T22:00,ncep_gefs_seamless,31,0.935,0.065,0,0
2026-08-23,성남시수정구,2026-08-24T22:00,ecmwf_ifs025_ensemble,51,1,0,0,0
2026-08-23,성남시수정구,2026-08-24T22:00,gem_global_ensemble,21,0.952,0.048,0,0
2026-08-23,성남시수정구,2026-08-24T23:00,ensemble,143,0.972,0.028,0,0
2026-08-23,성남시수정구,2026-08-24T23:00,icon_seamless_eps,40,0.975,0.025,0,0
2026-08-23,성남시수정구,2026-08-24T23:00,ncep_gefs_seamless,31,0.935,0.065,0,0
2026-08-23,성남시수정구,2026-08-24T23:00,ecmwf_ifs025_ensemble,51,1,0,0,0
2026-08-23,성남시수정구,2026-08-24T23:00,gem_global_ensemble,21,0.952,0.048,0,0
2026-08-24,수원시권선구,2026-08-24T00:00,ensemble,143,1,0,0,0
2026-08-24,수원시권선구,2026-08-24T00:00,icon_seamless_eps,40,1,0,0,0
2026-08-24,수원시권선구,2026-08-24T00:00,ncep_gefs_seamless,31,1,0,0,0
2026-08-24,수원시권선구,2026-08-24T00:00,ecmwf_ifs025_ensemble,51,1,0,0,0
2026-08-24,수원시권선구,2026-08-24T00:00,gem_global_ensemble,21,1,0,0,0
2026-08-24,수원시권선구,2026-08-24T01:00,ensemble,143,0.979,0.021,0,0
2026-08-24,수원시권선구,2026-08-24T01:00,icon_seamless_eps,40,1,0,0,0
2026-08-24,수원시권선구,2026-08-24T01:00,ncep_gefs_seamless,31,1,0,0,0
2026-08-24,수원시권선구,2026-08-24T01:00,ecmwf_ifs025_ensemble,51,1,0,0,0
2026-08-24,수원시권선구,2026-08-24T01:00,gem_global_ensemble,21,0.857,0.143,0,0
2026-08-24,수원시권선구,2026-08-24T02:00,ensemble,143,0.979,0.021,0,0
2026-08-24,수원시권선구,2026-08-24T02:00,icon_seamless_eps,40,1,0,0,0
2026-08-24,수원시권선구,2026-08-24T02:00,ncep_gefs_seamless,31,1,0,0,0
2026-08-24,수원시권선구,2026-08-24T02:00,ecmwf_ifs025_ensemble,51,1,0,0,0
2026-08-24,수원시권선구,2026-08-24T02:00,gem_global_ensemble,21,0.857,0.143,0,0
2026-08-24,수원시권선구,2026-08-24T03:00,ensemble,143,0.979,0.021,0,0
2026-08-24,수원시권선구,2026-08-24T03:00,icon_seamless_eps,40,1,0,0,0
2026-08-24,수원시권선구,2026-08-24T03:00,ncep_gefs_seamless,31,1,0,0,0
2026-08-24,수원시권선구,2026-08-24T03:00,ecmwf_ifs025_ensemble,51,1,0,0,0
2026-08-24,수원시권선구,2026-08-24T03:00,gem_global_ensemble,21,0.857,0.143,0,0
2026-08-24,수원시권선구,2026-08-24T04:00,ensemble,143,0.986,0.014,0,0
2026-08-24,수원시권선구,2026-08-24T04:00,icon_seamless_eps,40,1,0,0,0
2026-08-24,수원시권선구,2026-08-24T04:00,ncep_gefs_seamless,31,1,0,0,0
2026-08-24,수원시권선구,2026-08-24T04:00,ecmwf_ifs025_ensemble,51,1,0,0,0
2026-08-24,수원시권선구,2026-08-24T04:00,gem_global_ensemble,21,0.905,0.095,0,0
2026-08-24,수원시권선구,2026-08-24T05:00,ensemble,143,0.986,0.014,0,0
2026-08-24,수원시권선구,2026-08-24T05:00,icon_seamless_eps,40,1,0,0,0
2026-08-24,수원시권선구,2026-08-24T05:00,ncep_gefs_seamless,31,1,0,0,0
2026-08-24,수원시권선구,2026-08-24T05:00,ecmwf_ifs025_ensemble,51,1,0,0,0
2026-08-24,수원시권선구,2026-08-24T05:00,gem_global_ensemble,21,0.905,0.095,0,0
2026-08-24,수원시권선구,2026-08-24T06:00,ensemble,143,0.986,0.014,0,0
2026-08-24,수원시권선구,2026-08-24T06:00,icon_seamless_eps,40,1,0,0,0
2026-08-24,수원시권선구,2026-08-24T06:00,ncep_gefs_seamless,31,1,0,0,0
2026-08-24,수원시권선구,2026-08-24T06:00,ecmwf_ifs025_ensemble,51,1,0,0,0
2026-08-24,수원시권선구,2026-08-24T06:00,gem_global_ensemble,21,0.905,0.095,0,0
2026-08-24,수원시권선구,2026-08-24T07:00,ensemble,143,0.951,0.049,0,0
2026-08-24,수원시권선구,2026-08-24T07:00,icon_seamless_eps,40,1,0,0,0
2026-08-24,수원시권선구,2026-08-24T07:00,ncep_gefs_seamless,31,0.968,0.032,0,0
2026-08-24,수원시권선구,2026-08-24T07:00,ecmwf_ifs025_ensemble,51,0.922,0.078,0,0
2026-08-24,수원시권선구,2026-08-24T07:00,gem_global_ensemble,21,0.905,0.095,0,0
2026-08-24,수원시권선구,2026-08-24T08:00,ensemble,143,0.951,0.049,0,0
2026-08-24,수원시권선구,2026-08-24T08:00,icon_seamless_eps,40,1,0,0,0
2026-08-24,수원시권선구,2026-08-24T08:00,ncep_gefs_seamless,31,0.968,0.032,0,0
2026-08-24,수원시권선구,2026-08-24T08:00,ecmwf_ifs025_ensemble,51,0.922,0.078,0,0
2026-08-24,수원시권선구,2026-08-24T08:00,gem_global_ensemble,21,0.905,0.095,0,0
2026-08-24,수원시권선구,2026-08-24T09:00,ensemble,143,0.951,0.049,0,0
2026-08-24,수원시권선구,2026-08-24T09:00,icon_seamless_eps,40,1,0,0,0
2026-08-24,수원시권선구,2026-08-24T09:00,ncep_gefs_seamless,31,0.968,0.032,0,0
2026-08-24,수원시권선구,2026-08-24T09:00,ecmwf_ifs025_ensemble,51,0.922,0.078,0,0
2026-08-24,수원시권선구,2026-08-24T09:00,gem_global_ensemble,21,0.905,0.095,0,0
2026-08-24,수원시권선구,2026-08-24T10:00,ensemble,143,0.741,0.259,0,0
2026-08-24,수원시권선구,2026-08-24T10:00,icon_seamless_eps,40,1,0,0,0
2026-08-24,수원시권선구,2026-08-24T10:00,ncep_gefs_seamless,31,0.968,0.032,0,0
2026-08-24,수원시권선구,2026-08-24T10:00,ecmwf_ifs025_ensemble,51,0.294,0.706,0,0
2026-08-24,수원시권선구,2026-08-24T10:00,gem_global_ensemble,21,1,0,0,0
2026-08-24,수원시권선구,2026-08-24T11:00,ensemble,143,0.741,0.259,0,0
2026-08-24,수원시권선구,2026-08-24T11:00,icon_seamless_eps,40,1,0,0,0
2026-08-24,수원시권선구,2026-08-24T11:00,ncep_gefs_seamless,31,0.968,0.032,0,0
2026-08-24,수원시권선구,2026-08-24T11:00,ecmwf_ifs025_ensemble,51,0.294,0.706,0,0
2026-08-24,수원시권선구,2026-08-24T11:00,gem_global_ensemble,21,1,0,0,0
2026-08-24,수원시권선구,2026-08-24T12:00,ensemble,143,0.727,0.273,0,0
2026-08-24,수원시권선구,2026-08-24T12:00,icon_seamless_eps,40,0.95,0.05,0,0
2026-08-24,수원시권선구,2026-08-24T12:00,ncep_gefs_seamless,31,0.968,0.032,0,0
2026-08-24,수원시권선구,2026-08-24T12:00,ecmwf_ifs025_ensemble,51,0.294,0.706,0,0
2026-08-24,수원시권선구,2026-08-24T12:00,gem_global_ensemble,21,1,0,0,0
2026-08-24,수원시권선구,2026-08-24T13:00,ensemble,143,0.622,0.364,0.014,0
2026-08-24,수원시권선구,2026-08-24T13:00,icon_seamless_eps,40,0.975,0.025,0,0
2026-08-24,수원시권선구,2026-08-24T13:00,ncep_gefs_seamless,31,0.839,0.161,0,0
2026-08-24,수원시권선구,2026-08-24T13:00,ecmwf_ifs025_ensemble,51,0.098,0.902,0,0
2026-08-24,수원시권선구,2026-08-24T13:00,gem_global_ensemble,21,0.905,0,0.095,0
2026-08-24,수원시권선구,2026-08-24T14:00,ensemble,143,0.622,0.364,0.014,0
2026-08-24,수원시권선구,2026-08-24T14:00,icon_seamless_eps,40,0.975,0.025,0,0
2026-08-24,수원시권선구,2026-08-24T14:00,ncep_gefs_seamless,31,0.839,0.161,0,0
2026-08-24,수원시권선구,2026-08-24T14:00,ecmwf_ifs025_ensemble,51,0.098,0.902,0,0
2026-08-24,수원시권선구,2026-08-24T14:00,gem_global_ensemble,21,0.905,0,0.095,0
2026-08-24,수원시권선구,2026-08-24T15:00,ensemble,143,0.622,0.364,0.014,0
2026-08-24,수원시권선구,2026-08-24T15:00,icon_seamless_eps,40,0.975,0.025,0,0
2026-08-24,수원시권선구,2026-08-24T15:00,ncep_gefs_seamless,31,0.839,0.161,0,0
2026-08-24,수원시권선구,2026-08-24T15:00,ecmwf_ifs025_ensemble,51,0.098,0.902,0,0
2026-08-24,수원시권선구,2026-08-24T15:00,gem_global_ensemble,21,0.905,0,0.095,0
2026-08-24,수원시권선구,2026-08-24T16:00,ensemble,143,0.678,0.322,0,0
2026-08-24,수원시권선구,2026-08-24T16:00,icon_seamless_eps,40,0.925,0.075,0,0
2026-08-24,수원시권선구,2026-08-24T16:00,ncep_gefs_seamless,31,0.935,0.065,0,0
2026-08-24,수원시권선구,2026-08-24T16:00,ecmwf_ifs025_ensemble,51,0.235,0.765,0,0
2026-08-24,수원시권선구,2026-08-24T16:00,gem_global_ensemble,21,0.905,0.095,0,0
2026-08-24,수원시권선구,2026-08-24T17:00,ensemble,143,0.699,0.301,0,0
2026-08-24,수원시권선구,2026-08-24T17:00,icon_seamless_eps,40,1,0,0,0
2026-08-24,수원시권선구,2026-08-24T17:00,ncep_gefs_seamless,31,0.935,0.065,0,0
2026-08-24,수원시권선구,2026-08-24T17:00,ecmwf_ifs025_ensemble,51,0.235,0.765,0,0
2026-08-24,수원시권선구,2026-08-24T17:00,gem_global_ensemble,21,0.905,0.095,0,0
2026-08-24,수원시권선구,2026-08-24T18:00,ensemble,143,0.692,0.308,0,0
2026-08-24,수원시권선구,2026-08-24T18:00,icon_seamless_eps,40,0.975,0.025,0,0
2026-08-24,수원시권선구,2026-08-24T18:00,ncep_gefs_seamless,31,0.935,0.065,0,0
2026-08-24,수원시권선구,2026-08-24T18:00,ecmwf_ifs025_ensemble,51,0.235,0.765,0,0
2026-08-24,수원시권선구,2026-08-24T18:00,gem_global_ensemble,21,0.905,0.095,0,0
2026-08-24,수원시권선구,2026-08-24T19:00,ensemble,143,0.993,0.007,0,0
2026-08-24,수원시권선구,2026-08-24T19:00,icon_seamless_eps,40,1,0,0,0
2026-08-24,수원시권선구,2026-08-24T19:00,ncep_gefs_seamless,31,1,0,0,0
2026-08-24,수원시권선구,2026-08-24T19:00,ecmwf_ifs025_ensemble,51,1,0,0,0
2026-08-24,수원시권선구,2026-08-24T19:00,gem_global_ensemble,21,0.952,0.048,0,0
2026-08-24,수원시권선구,2026-08-24T20:00,ensemble,143,0.993,0.007,0,0
2026-08-24,수원시권선구,2026-08-24T20:00,icon_seamless_eps,40,1,0,0,0
2026-08-24,수원시권선구,2026-08-24T20:00,ncep_gefs_seamless,31,1,0,0,0
2026-08-24,수원시권선구,2026-08-24T20:00,ecmwf_ifs025_ensemble,51,1,0,0,0
2026-08-24,수원시권선구,2026-08-24T20:00,gem_global_ensemble,21,0.952,0.048,0,0
2026-08-24,수원시권선구,2026-08-24T21:00,ensemble,143,0.993,0.007,0,0
2026-08-24,수원시권선구,2026-08-24T21:00,icon_seamless_eps,40,1,0,0,0
2026-08-24,수원시권선구,2026-08-24T21:00,ncep_gefs_seamless,31,1,0,0,0
2026-08-24,수원시권선구,2026-08-24T21:00,ecmwf_ifs025_ensemble,51,1,0,0,0
2026-08-24,수원시권선구,2026-08-24T21:00,gem_global_ensemble,21,0.952,0.048,0,0
2026-08-24,수원시권선구,2026-08-24T22:00,ensemble,143,0.979,0.021,0,0
2026-08-24,수원시권선구,2026-08-24T22:00,icon_seamless_eps,40,1,0,0,0
2026-08-24,수원시권선구,2026-08-24T22:00,ncep_gefs_seamless,31,0.935,0.065,0,0
2026-08-24,수원시권선구,2026-08-24T22:00,ecmwf_ifs025_ensemble,51,1,0,0,0
2026-08-24,수원시권선구,2026-08-24T22:00,gem_global_ensemble,21,0.952,0.048,0,0
2026-08-24,수원시권선구,2026-08-24T23:00,ensemble,143,0.979,0.021,0,0
2026-08-24,수원시권선구,2026-08-24T23:00,icon_seamless_eps,40,1,0,0,0
2026-08-24,수원시권선구,2026-08-24T23:00,ncep_gefs_seamless,31,0.935,0.065,0,0
2026-08-24,수원시권선구,2026-08-24T23:00,ecmwf_ifs025_ensemble,51,1,0,0,0
2026-08-24,수원시권선구,2026-08-24T23:00,gem_global_ensemble,21,0.952,0.048,0,0
2026-08-24,수원시권선구,2026-08-25T00:00,ensemble,143,0.979,0.021,0,0
2026-08-24,수원시권선구,2026-08-25T00:00,icon_seamless_eps,40,1,0,0,0
2026-08-24,수원시권선구,2026-08-25T00:00,ncep_gefs_seamless,31,0.935,0.065,0,0
2026-08-24,수원시권선구,2026-08-25T00:00,ecmwf_ifs025_ensemble,51,1,0,0,0
2026-08-24,수원시권선구,2026-08-25T00:00,gem_global_ensemble,21,0.952,0.048,0,0
2026-08-24,수원시권선구,2026-08-25T01:00,ensemble,143,0.951,0.049,0,0
2026-08-24,수원시권선구,2026-08-25T01:00,icon_seamless_eps,40,1,0,0,0
2026-08-24,수원시권선구,2026-08-25T01:00,ncep_gefs_seamless,31,0.839,0.161,0,0
2026-08-24,수원시권선구,2026-08-25T01:00,ecmwf_ifs025_ensemble,51,0.98,0.02,0,0
2026-08-24,수원시권선구,2026-08-25T01:00,gem_global_ensemble,21,0.952,0.048,0,0
2026-08-24,수원시권선구,2026-08-25T02:00,ensemble,143,0.951,0.049,0,0
2026-08-24,수원시권선구,2026-08-25T02:00,icon_seamless_eps,40,1,0,0,0
2026-08-24,수원시권선구,2026-08-25T02:00,ncep_gefs_seamless,31,0.839,0.161,0,0
2026-08-24,수원시권선구,2026-08-25T02:00,ecmwf_ifs025_ensemble,51,0.98,0.02,0,0
2026-08-24,수원시권선구,2026-08-25T02:00,gem_global_ensemble,21,0.952,0.048,0,0
2026-08-24,수원시권선구,2026-08-25T03:00,ensemble,143,0.951,0.049,0,0
2026-08-24,수원시권선구,2026-08-25T03:00,icon_seamless_eps,40,1,0,0,0
2026-08-24,수원시권선구,2026-08-25T03:00,ncep_gefs_seamless,31,0.839,0.161,0,0
2026-08-24,수원시권선구,2026-08-25T03:00,ecmwf_ifs025_ensemble,51,0.98,0.02,0,0
2026-08-24,수원시권선구,2026-08-25T03:00,gem_global_ensemble,21,0.952,0.048,0,0
2026-08-24,수원시권선구,2026-08-25T04:00,ensemble,143,0.881,0.119,0,0
2026-08-24,수원시권선구,2026-08-25T04:00,icon_seamless_eps,40,1,0,0,0
2026-08-24,수원시권선구,2026-08-25T04:00,ncep_gefs_seamless,31,0.742,0.258,0,0
2026-08-24,수원시권선구,2026-08-25T04:00,ecmwf_ifs025_ensemble,51,0.882,0.118,0,0
2026-08-24,수원시권선구,2026-08-25T04:00,gem_global_ensemble,21,0.857,0.143,0,0
2026-08-24,수원시권선구,2026-08-25T05:00,ensemble,143,0.881,0.119,0,0
2026-08-24,수원시권선구,2026-08-25T05:00,icon_seamless_eps,40,1,0,0,0
2026-08-24,수원시권선구,2026-08-25T05:00,ncep_gefs_seamless,31,0.742,0.258,0,0
2026-08-24,수원시권선구,2026-08-25T05:00,ecmwf_ifs025_ensemble,51,0.882,0.118,0,0
2026-08-24,수원시권선구,2026-08-25T05:00,gem_global_ensemble,21,0.857,0.143,0,0
2026-08-24,수원시권선구,2026-08-25T06:00,ensemble,143,0.867,0.133,0,0
2026-08-24,수원시권선구,2026-08-25T06:00,icon_seamless_eps,40,0.95,0.05,0,0
2026-08-24,수원시권선구,2026-08-25T06:00,ncep_gefs_seamless,31,0.742,0.258,0,0
2026-08-24,수원시권선구,2026-08-25T06:00,ecmwf_ifs025_ensemble,51,0.882,0.118,0,0
2026-08-24,수원시권선구,2026-08-25T06:00,gem_global_ensemble,21,0.857,0.143,0,0
2026-08-24,수원시권선구,2026-08-25T07:00,ensemble,143,0.671,0.322,0.007,0
2026-08-24,수원시권선구,2026-08-25T07:00,icon_seamless_eps,40,1,0,0,0
2026-08-24,수원시권선구,2026-08-25T07:00,ncep_gefs_seamless,31,0.613,0.387,0,0
2026-08-24,수원시권선구,2026-08-25T07:00,ecmwf_ifs025_ensemble,51,0.431,0.569,0,0
2026-08-24,수원시권선구,2026-08-25T07:00,gem_global_ensemble,21,0.714,0.238,0.048,0
2026-08-24,수원시권선구,2026-08-25T08:00,ensemble,143,0.671,0.322,0.007,0
2026-08-24,수원시권선구,2026-08-25T08:00,icon_seamless_eps,40,1,0,0,0
2026-08-24,수원시권선구,2026-08-25T08:00,ncep_gefs_seamless,31,0.613,0.387,0,0
2026-08-24,수원시권선구,2026-08-25T08:00,ecmwf_ifs025_ensemble,51,0.431,0.569,0,0
2026-08-24,수원시권선구,2026-08-25T08:00,gem_global_ensemble,21,0.714,0.238,0.048,0
2026-08-24,수원시권선구,2026-08-25T09:00,ensemble,143,0.664,0.329,0.007,0
2026-08-24,수원시권선구,2026-08-25T09:00,icon_seamless_eps,40,0.975,0.025,0,0
2026-08-24,수원시권선구,2026-08-25T09:00,ncep_gefs_seamless,31,0.613,0.387,0,0
2026-08-24,수원시권선구,2026-08-25T09:00,ecmwf_ifs025_ensemble,51,0.431,0.569,0,0
2026-08-24,수원시권선구,2026-08-25T09:00,gem_global_ensemble,21,0.714,0.238,0.048,0
2026-08-24,수원시권선구,2026-08-25T10:00,ensemble,143,0.538,0.462,0,0
2026-08-24,수원시권선구,2026-08-25T10:00,icon_seamless_eps,40,0.95,0.05,0,0
2026-08-24,수원시권선구,2026-08-25T10:00,ncep_gefs_seamless,31,0.581,0.419,0,0
2026-08-24,수원시권선구,2026-08-25T10:00,ecmwf_ifs025_ensemble,51,0.078,0.922,0,0
2026-08-24,수원시권선구,2026-08-25T10:00,gem_global_ensemble,21,0.81,0.19,0,0
2026-08-24,수원시권선구,2026-08-25T11:00,ensemble,143,0.538,0.462,0,0
2026-08-24,수원시권선구,2026-08-25T11:00,icon_seamless_eps,40,0.95,0.05,0,0
2026-08-24,수원시권선구,2026-08-25T11:00,ncep_gefs_seamless,31,0.581,0.419,0,0
2026-08-24,수원시권선구,2026-08-25T11:00,ecmwf_ifs025_ensemble,51,0.078,0.922,0,0
2026-08-24,수원시권선구,2026-08-25T11:00,gem_global_ensemble,21,0.81,0.19,0,0
2026-08-24,수원시권선구,2026-08-25T12:00,ensemble,143,0.538,0.462,0,0
2026-08-24,수원시권선구,2026-08-25T12:00,icon_seamless_eps,40,0.95,0.05,0,0
2026-08-24,수원시권선구,2026-08-25T12:00,ncep_gefs_seamless,31,0.581,0.419,0,0
2026-08-24,수원시권선구,2026-08-25T12:00,ecmwf_ifs025_ensemble,51,0.078,0.922,0,0
2026-08-24,수원시권선구,2026-08-25T12:00,gem_global_ensemble,21,0.81,0.19,0,0
2026-08-24,수원시권선구,2026-08-25T13:00,ensemble,143,0.629,0.364,0.007,0
2026-08-24,수원시권선구,2026-08-25T13:00,icon_seamless_eps,40,0.9,0.1,0,0
2026-08-24,수원시권선구,2026-08-25T13:00,ncep_gefs_seamless,31,0.677,0.323,0,0
2026-08-24,수원시권선구,2026-08-25T13:00,ecmwf_ifs025_ensemble,51,0.294,0.706,0,0
2026-08-24,수원시권선구,2026-08-25T13:00,gem_global_ensemble,21,0.857,0.095,0.048,0
2026-08-24,수원시권선구,2026-08-25T14:00,ensemble,143,0.629,0.364,0.007,0
2026-08-24,수원시권선구,2026-08-25T14:00,icon_seamless_eps,40,0.9,0.1,0,0
2026-08-24,수원시권선구,2026-08-25T14:00,ncep_gefs_seamless,31,0.677,0.323,0,0
2026-08-24,수원시권선구,2026-08-25T14:00,ecmwf_ifs025_ensemble,51,0.294,0.706,0,0
2026-08-24,수원시권선구,2026-08-25T14:00,gem_global_ensemble,21,0.857,0.095,0.048,0
2026-08-24,수원시권선구,2026-08-25T15:00,ensemble,143,0.629,0.364,0.007,0
2026-08-24,수원시권선구,2026-08-25T15:00,icon_seamless_eps,40,0.9,0.1,0,0
2026-08-24,수원시권선구,2026-08-25T15:00,ncep_gefs_seamless,31,0.677,0.323,0,0
2026-08-24,수원시권선구,2026-08-25T15:00,ecmwf_ifs025_ensemble,51,0.294,0.706,0,0
2026-08-24,수원시권선구,2026-08-25T15:00,gem_global_ensemble,21,0.857,0.095,0.048,0
2026-08-24,수원시권선구,2026-08-25T16:00,ensemble,143,0.923,0.077,0,0
2026-08-24,수원시권선구,2026-08-25T16:00,icon_seamless_eps,40,0.95,0.05,0,0
2026-08-24,수원시권선구,2026-08-25T16:00,ncep_gefs_seamless,31,1,0,0,0
2026-08-24,수원시권선구,2026-08-25T16:00,ecmwf_ifs025_ensemble,51,0.843,0.157,0,0
2026-08-24,수원시권선구,2026-08-25T16:00,gem_global_ensemble,21,0.952,0.048,0,0
2026-08-24,수원시권선구,2026-08-25T17:00,ensemble,143,0.923,0.077,0,0
2026-08-24,수원시권선구,2026-08-25T17:00,icon_seamless_eps,40,0.95,0.05,0,0
2026-08-24,수원시권선구,2026-08-25T17:00,ncep_gefs_seamless,31,1,0,0,0
2026-08-24,수원시권선구,2026-08-25T17:00,ecmwf_ifs025_ensemble,51,0.843,0.157,0,0
2026-08-24,수원시권선구,2026-08-25T17:00,gem_global_ensemble,21,0.952,0.048,0,0
2026-08-24,수원시권선구,2026-08-25T18:00,ensemble,143,0.923,0.077,0,0
2026-08-24,수원시권선구,2026-08-25T18:00,icon_seamless_eps,40,0.95,0.05,0,0
2026-08-24,수원시권선구,2026-08-25T18:00,ncep_gefs_seamless,31,1,0,0,0
2026-08-24,수원시권선구,2026-08-25T18:00,ecmwf_ifs025_ensemble,51,0.843,0.157,0,0
2026-08-24,수원시권선구,2026-08-25T18:00,gem_global_ensemble,21,0.952,0.048,0,0
2026-08-24,수원시권선구,2026-08-25T19:00,ensemble,143,1,0,0,0
2026-08-24,수원시권선구,2026-08-25T19:00,icon_seamless_eps,40,1,0,0,0
2026-08-24,수원시권선구,2026-08-25T19:00,ncep_gefs_seamless,31,1,0,0,0
2026-08-24,수원시권선구,2026-08-25T19:00,ecmwf_ifs025_ensemble,51,1,0,0,0
2026-08-24,수원시권선구,2026-08-25T19:00,gem_global_ensemble,21,1,0,0,0
2026-08-24,수원시권선구,2026-08-25T20:00,ensemble,143,1,0,0,0
2026-08-24,수원시권선구,2026-08-25T20:00,icon_seamless_eps,40,1,0,0,0
2026-08-24,수원시권선구,2026-08-25T20:00,ncep_gefs_seamless,31,1,0,0,0
2026-08-24,수원시권선구,2026-08-25T20:00,ecmwf_ifs025_ensemble,51,1,0,0,0
2026-08-24,수원시권선구,2026-08-25T20:00,gem_global_ensemble,21,1,0,0,0
2026-08-24,수원시권선구,2026-08-25T21:00,ensemble,143,1,0,0,0
2026-08-24,수원시권선구,2026-08-25T21:00,icon_seamless_eps,40,1,0,0,0
2026-08-24,수원시권선구,2026-08-25T21:00,ncep_gefs_seamless,31,1,0,0,0
2026-08-24,수원시권선구,2026-08-25T21:00,ecmwf_ifs025_ensemble,51,1,0,0,0
2026-08-24,수원시권선구,2026-08-25T21:00,gem_global_ensemble,21,1,0,0,0
2026-08-24,수원시권선구,2026-08-25T22:00,ensemble,143,0.979,0.021,0,0
2026-08-24,수원시권선구,2026-08-25T22:00,icon_seamless_eps,40,1,0,0,0
2026-08-24,수원시권선구,2026-08-25T22:00,ncep_gefs_seamless,31,1,0,0,0
2026-08-24,수원시권선구,2026-08-25T22:00,ecmwf_ifs025_ensemble,51,0.961,0.039,0,0
2026-08-24,수원시권선구,2026-08-25T22:00,gem_global_ensemble,21,0.952,0.048,0,0
2026-08-24,수원시권선구,2026-08-25T23:00,ensemble,143,0.979,0.021,0,0
2026-08-24,수원시권선구,2026-08-25T23:00,icon_seamless_eps,40,1,0,0,0
2026-08-24,수원시권선구,2026-08-25T23:00,ncep_gefs_seamless,31,1,0,0,0
2026-08-24,수원시권선구,2026-08-25T23:00,ecmwf_ifs025_ensemble,51,0.961,0.039,0,0
2026-08-24,수원시권선구,2026-08-25T23:00,gem_global_ensemble,21,0.952,0.048,0,0
2026-08-24,성남시수정구,2026-08-24T00:00,ensemble,143,1,0,0,0
2026-08-24,성남시수정구,2026-08-24T00:00,icon_seamless_eps,40,1,0,0,0
2026-08-24,성남시수정구,2026-08-24T00:00,ncep_gefs_seamless,31,1,0,0,0
2026-08-24,성남시수정구,2026-08-24T00:00,ecmwf_ifs025_ensemble,51,1,0,0,0
2026-08-24,성남시수정구,2026-08-24T00:00,gem_global_ensemble,21,1,0,0,0
2026-08-24,성남시수정구,2026-08-24T01:00,ensemble,143,0.979,0.021,0,0
2026-08-24,성남시수정구,2026-08-24T01:00,icon_seamless_eps,40,1,0,0,0
2026-08-24,성남시수정구,2026-08-24T01:00,ncep_gefs_seamless,31,1,0,0,0
2026-08-24,성남시수정구,2026-08-24T01:00,ecmwf_ifs025_ensemble,51,1,0,0,0
2026-08-24,성남시수정구,2026-08-24T01:00,gem_global_ensemble,21,0.857,0.143,0,0
2026-08-24,성남시수정구,2026-08-24T02:00,ensemble,143,0.979,0.021,0,0
2026-08-24,성남시수정구,2026-08-24T02:00,icon_seamless_eps,40,1,0,0,0
2026-08-24,성남시수정구,2026-08-24T02:00,ncep_gefs_seamless,31,1,0,0,0
2026-08-24,성남시수정구,2026-08-24T02:00,ecmwf_ifs025_ensemble,51,1,0,0,0
2026-08-24,성남시수정구,2026-08-24T02:00,gem_global_ensemble,21,0.857,0.143,0,0
2026-08-24,성남시수정구,2026-08-24T03:00,ensemble,143,0.979,0.021,0,0
2026-08-24,성남시수정구,2026-08-24T03:00,icon_seamless_eps,40,1,0,0,0
2026-08-24,성남시수정구,2026-08-24T03:00,ncep_gefs_seamless,31,1,0,0,0
2026-08-24,성남시수정구,2026-08-24T03:00,ecmwf_ifs025_ensemble,51,1,0,0,0
2026-08-24,성남시수정구,2026-08-24T03:00,gem_global_ensemble,21,0.857,0.143,0,0
2026-08-24,성남시수정구,2026-08-24T04:00,ensemble,143,0.986,0.014,0,0
2026-08-24,성남시수정구,2026-08-24T04:00,icon_seamless_eps,40,1,0,0,0
2026-08-24,성남시수정구,2026-08-24T04:00,ncep_gefs_seamless,31,1,0,0,0
2026-08-24,성남시수정구,2026-08-24T04:00,ecmwf_ifs025_ensemble,51,1,0,0,0
2026-08-24,성남시수정구,2026-08-24T04:00,gem_global_ensemble,21,0.905,0.095,0,0
2026-08-24,성남시수정구,2026-08-24T05:00,ensemble,143,0.986,0.014,0,0
2026-08-24,성남시수정구,2026-08-24T05:00,icon_seamless_eps,40,1,0,0,0
2026-08-24,성남시수정구,2026-08-24T05:00,ncep_gefs_seamless,31,1,0,0,0
2026-08-24,성남시수정구,2026-08-24T05:00,ecmwf_ifs025_ensemble,51,1,0,0,0
2026-08-24,성남시수정구,2026-08-24T05:00,gem_global_ensemble,21,0.905,0.095,0,0
2026-08-24,성남시수정구,2026-08-24T06:00,ensemble,143,0.986,0.014,0,0
2026-08-24,성남시수정구,2026-08-24T06:00,icon_seamless_eps,40,1,0,0,0
2026-08-24,성남시수정구,2026-08-24T06:00,ncep_gefs_seamless,31,1,0,0,0
2026-08-24,성남시수정구,2026-08-24T06:00,ecmwf_ifs025_ensemble,51,1,0,0,0
2026-08-24,성남시수정구,2026-08-24T06:00,gem_global_ensemble,21,0.905,0.095,0,0
2026-08-24,성남시수정구,2026-08-24T07:00,ensemble,143,0.979,0.021,0,0
2026-08-24,성남시수정구,2026-08-24T07:00,icon_seamless_eps,40,1,0,0,0
2026-08-24,성남시수정구,2026-08-24T07:00,ncep_gefs_seamless,31,1,0,0,0
2026-08-24,성남시수정구,2026-08-24T07:00,ecmwf_ifs025_ensemble,51,0.98,0.02,0,0
2026-08-24,성남시수정구,2026-08-24T07:00,gem_global_ensemble,21,0.905,0.095,0,0
2026-08-24,성남시수정구,2026-08-24T08:00,ensemble,143,0.979,0.021,0,0
2026-08-24,성남시수정구,2026-08-24T08:00,icon_seamless_eps,40,1,0,0,0
2026-08-24,성남시수정구,2026-08-24T08:00,ncep_gefs_seamless,31,1,0,0,0
2026-08-24,성남시수정구,2026-08-24T08:00,ecmwf_ifs025_ensemble,51,0.98,0.02,0,0
2026-08-24,성남시수정구,2026-08-24T08:00,gem_global_ensemble,21,0.905,0.095,0,0
2026-08-24,성남시수정구,2026-08-24T09:00,ensemble,143,0.979,0.021,0,0
2026-08-24,성남시수정구,2026-08-24T09:00,icon_seamless_eps,40,1,0,0,0
2026-08-24,성남시수정구,2026-08-24T09:00,ncep_gefs_seamless,31,1,0,0,0
2026-08-24,성남시수정구,2026-08-24T09:00,ecmwf_ifs025_ensemble,51,0.98,0.02,0,0
2026-08-24,성남시수정구,2026-08-24T09:00,gem_global_ensemble,21,0.905,0.095,0,0
2026-08-24,성남시수정구,2026-08-24T10:00,ensemble,143,0.86,0.14,0,0
2026-08-24,성남시수정구,2026-08-24T10:00,icon_seamless_eps,40,1,0,0,0
2026-08-24,성남시수정구,2026-08-24T10:00,ncep_gefs_seamless,31,0.935,0.065,0,0
2026-08-24,성남시수정구,2026-08-24T10:00,ecmwf_ifs025_ensemble,51,0.647,0.353,0,0
2026-08-24,성남시수정구,2026-08-24T10:00,gem_global_ensemble,21,1,0,0,0
2026-08-24,성남시수정구,2026-08-24T11:00,ensemble,143,0.86,0.14,0,0
2026-08-24,성남시수정구,2026-08-24T11:00,icon_seamless_eps,40,1,0,0,0
2026-08-24,성남시수정구,2026-08-24T11:00,ncep_gefs_seamless,31,0.935,0.065,0,0
2026-08-24,성남시수정구,2026-08-24T11:00,ecmwf_ifs025_ensemble,51,0.647,0.353,0,0
2026-08-24,성남시수정구,2026-08-24T11:00,gem_global_ensemble,21,1,0,0,0
2026-08-24,성남시수정구,2026-08-24T12:00,ensemble,143,0.853,0.147,0,0
2026-08-24,성남시수정구,2026-08-24T12:00,icon_seamless_eps,40,0.975,0.025,0,0
2026-08-24,성남시수정구,2026-08-24T12:00,ncep_gefs_seamless,31,0.935,0.065,0,0
2026-08-24,성남시수정구,2026-08-24T12:00,ecmwf_ifs025_ensemble,51,0.647,0.353,0,0
2026-08-24,성남시수정구,2026-08-24T12:00,gem_global_ensemble,21,1,0,0,0
2026-08-24,성남시수정구,2026-08-24T13:00,ensemble,143,0.678,0.308,0.014,0
2026-08-24,성남시수정구,2026-08-24T13:00,icon_seamless_eps,40,0.95,0.05,0,0
2026-08-24,성남시수정구,2026-08-24T13:00,ncep_gefs_seamless,31,0.903,0.097,0,0
2026-08-24,성남시수정구,2026-08-24T13:00,ecmwf_ifs025_ensemble,51,0.235,0.765,0,0
2026-08-24,성남시수정구,2026-08-24T13:00,gem_global_ensemble,21,0.905,0,0.095,0
2026-08-24,성남시수정구,2026-08-24T14:00,ensemble,143,0.692,0.294,0.014,0
2026-08-24,성남시수정구,2026-08-24T14:00,icon_seamless_eps,40,1,0,0,0
2026-08-24,성남시수정구,2026-08-24T14:00,ncep_gefs_seamless,31,0.903,0.097,0,0
2026-08-24,성남시수정구,2026-08-24T14:00,ecmwf_ifs025_ensemble,51,0.235,0.765,0,0
2026-08-24,성남시수정구,2026-08-24T14:00,gem_global_ensemble,21,0.905,0,0.095,0
2026-08-24,성남시수정구,2026-08-24T15:00,ensemble,143,0.685,0.301,0.014,0
2026-08-24,성남시수정구,2026-08-24T15:00,icon_seamless_eps,40,0.975,0.025,0,0
2026-08-24,성남시수정구,2026-08-24T15:00,ncep_gefs_seamless,31,0.903,0.097,0,0
2026-08-24,성남시수정구,2026-08-24T15:00,ecmwf_ifs025_ensemble,51,0.235,0.765,0,0
2026-08-24,성남시수정구,2026-08-24T15:00,gem_global_ensemble,21,0.905,0,0.095,0
2026-08-24,성남시수정구,2026-08-24T16:00,ensemble,143,0.769,0.231,0,0
2026-08-24,성남시수정구,2026-08-24T16:00,icon_seamless_eps,40,1,0,0,0
2026-08-24,성남시수정구,2026-08-24T16:00,ncep_gefs_seamless,31,1,0,0,0
2026-08-24,성남시수정구,2026-08-24T16:00,ecmwf_ifs025_ensemble,51,0.392,0.608,0,0
2026-08-24,성남시수정구,2026-08-24T16:00,gem_global_ensemble,21,0.905,0.095,0,0
2026-08-24,성남시수정구,2026-08-24T17:00,ensemble,143,0.762,0.238,0,0
2026-08-24,성남시수정구,2026-08-24T17:00,icon_seamless_eps,40,0.975,0.025,0,0
2026-08-24,성남시수정구,2026-08-24T17:00,ncep_gefs_seamless,31,1,0,0,0
2026-08-24,성남시수정구,2026-08-24T17:00,ecmwf_ifs025_ensemble,51,0.392,0.608,0,0
2026-08-24,성남시수정구,2026-08-24T17:00,gem_global_ensemble,21,0.905,0.095,0,0
2026-08-24,성남시수정구,2026-08-24T18:00,ensemble,143,0.769,0.231,0,0
2026-08-24,성남시수정구,2026-08-24T18:00,icon_seamless_eps,40,1,0,0,0
2026-08-24,성남시수정구,2026-08-24T18:00,ncep_gefs_seamless,31,1,0,0,0
2026-08-24,성남시수정구,2026-08-24T18:00,ecmwf_ifs025_ensemble,51,0.392,0.608,0,0
2026-08-24,성남시수정구,2026-08-24T18:00,gem_global_ensemble,21,0.905,0.095,0,0
2026-08-24,성남시수정구,2026-08-24T19:00,ensemble,143,0.986,0.014,0,0
2026-08-24,성남시수정구,2026-08-24T19:00,icon_seamless_eps,40,1,0,0,0
2026-08-24,성남시수정구,2026-08-24T19:00,ncep_gefs_seamless,31,1,0,0,0
2026-08-24,성남시수정구,2026-08-24T19:00,ecmwf_ifs025_ensemble,51,0.98,0.02,0,0
2026-08-24,성남시수정구,2026-08-24T19:00,gem_global_ensemble,21,0.952,0.048,0,0
2026-08-24,성남시수정구,2026-08-24T20:00,ensemble,143,0.986,0.014,0,0
2026-08-24,성남시수정구,2026-08-24T20:00,icon_seamless_eps,40,1,0,0,0
2026-08-24,성남시수정구,2026-08-24T20:00,ncep_gefs_seamless,31,1,0,0,0
2026-08-24,성남시수정구,2026-08-24T20:00,ecmwf_ifs025_ensemble,51,0.98,0.02,0,0
2026-08-24,성남시수정구,2026-08-24T20:00,gem_global_ensemble,21,0.952,0.048,0,0
2026-08-24,성남시수정구,2026-08-24T21:00,ensemble,143,0.986,0.014,0,0
2026-08-24,성남시수정구,2026-08-24T21:00,icon_seamless_eps,40,1,0,0,0
2026-08-24,성남시수정구,2026-08-24T21:00,ncep_gefs_seamless,31,1,0,0,0
2026-08-24,성남시수정구,2026-08-24T21:00,ecmwf_ifs025_ensemble,51,0.98,0.02,0,0
2026-08-24,성남시수정구,2026-08-24T21:00,gem_global_ensemble,21,0.952,0.048,0,0
2026-08-24,성남시수정구,2026-08-24T22:00,ensemble,143,0.979,0.021,0,0
2026-08-24,성남시수정구,2026-08-24T22:00,icon_seamless_eps,40,1,0,0,0
2026-08-24,성남시수정구,2026-08-24T22:00,ncep_gefs_seamless,31,0.935,0.065,0,0
2026-08-24,성남시수정구,2026-08-24T22:00,ecmwf_ifs025_ensemble,51,1,0,0,0
2026-08-24,성남시수정구,2026-08-24T22:00,gem_global_ensemble,21,0.952,0.048,0,0
2026-08-24,성남시수정구,2026-08-24T23:00,ensemble,143,0.979,0.021,0,0
2026-08-24,성남시수정구,2026-08-24T23:00,icon_seamless_eps,40,1,0,0,0
2026-08-24,성남시수정구,2026-08-24T23:00,ncep_gefs_seamless,31,0.935,0.065,0,0
2026-08-24,성남시수정구,2026-08-24T23:00,ecmwf_ifs025_ensemble,51,1,0,0,0
2026-08-24,성남시수정구,2026-08-24T23:00,gem_global_ensemble,21,0.952,0.048,0,0
2026-08-24,성남시수정구,2026-08-25T00:00,ensemble,143,0.979,0.021,0,0
2026-08-24,성남시수정구,2026-08-25T00:00,icon_seamless_eps,40,1,0,0,0
2026-08-24,성남시수정구,2026-08-25T00:00,ncep_gefs_seamless,31,0.935,0.065,0,0
2026-08-24,성남시수정구,2026-08-25T00:00,ecmwf_ifs025_ensemble,51,1,0,0,0
2026-08-24,성남시수정구,2026-08-25T00:00,gem_global_ensemble,21,0.952,0.048,0,0
2026-08-24,성남시수정구,2026-08-25T01:00,ensemble,143,0.923,0.07,0.007,0
2026-08-24,성남시수정구,2026-08-25T01:00,icon_seamless_eps,40,1,0,0,0
2026-08-24,성남시수정구,2026-08-25T01:00,ncep_gefs_seamless,31,0.806,0.161,0.032,0
2026-08-24,성남시수정구,2026-08-25T01:00,ecmwf_ifs025_ensemble,51,0.922,0.078,0,0
2026-08-24,성남시수정구,2026-08-25T01:00,gem_global_ensemble,21,0.952,0.048,0,0
2026-08-24,성남시수정구,2026-08-25T02:00,ensemble,143,0.923,0.07,0.007,0
2026-08-24,성남시수정구,2026-08-25T02:00,icon_seamless_eps,40,1,0,0,0
2026-08-24,성남시수정구,2026-08-25T02:00,ncep_gefs_seamless,31,0.806,0.161,0.032,0
2026-08-24,성남시수정구,2026-08-25T02:00,ecmwf_ifs025_ensemble,51,0.922,0.078,0,0
2026-08-24,성남시수정구,2026-08-25T02:00,gem_global_ensemble,21,0.952,0.048,0,0
2026-08-24,성남시수정구,2026-08-25T03:00,ensemble,143,0.923,0.07,0.007,0
2026-08-24,성남시수정구,2026-08-25T03:00,icon_seamless_eps,40,1,0,0,0
2026-08-24,성남시수정구,2026-08-25T03:00,ncep_gefs_seamless,31,0.806,0.161,0.032,0
2026-08-24,성남시수정구,2026-08-25T03:00,ecmwf_ifs025_ensemble,51,0.922,0.078,0,0
2026-08-24,성남시수정구,2026-08-25T03:00,gem_global_ensemble,21,0.952,0.048,0,0
2026-08-24,성남시수정구,2026-08-25T04:00,ensemble,143,0.818,0.175,0.007,0
2026-08-24,성남시수정구,2026-08-25T04:00,icon_seamless_eps,40,0.975,0.025,0,0
2026-08-24,성남시수정구,2026-08-25T04:00,ncep_gefs_seamless,31,0.484,0.484,0.032,0
2026-08-24,성남시수정구,2026-08-25T04:00,ecmwf_ifs025_ensemble,51,0.882,0.118,0,0
2026-08-24,성남시수정구,2026-08-25T04:00,gem_global_ensemble,21,0.857,0.143,0,0
2026-08-24,성남시수정구,2026-08-25T05:00,ensemble,143,0.825,0.168,0.007,0
2026-08-24,성남시수정구,2026-08-25T05:00,icon_seamless_eps,40,1,0,0,0
2026-08-24,성남시수정구,2026-08-25T05:00,ncep_gefs_seamless,31,0.484,0.484,0.032,0
2026-08-24,성남시수정구,2026-08-25T05:00,ecmwf_ifs025_ensemble,51,0.882,0.118,0,0
2026-08-24,성남시수정구,2026-08-25T05:00,gem_global_ensemble,21,0.857,0.143,0,0
2026-08-24,성남시수정구,2026-08-25T06:00,ensemble,143,0.811,0.182,0.007,0
2026-08-24,성남시수정구,2026-08-25T06:00,icon_seamless_eps,40,0.95,0.05,0,0
2026-08-24,성남시수정구,2026-08-25T06:00,ncep_gefs_seamless,31,0.484,0.484,0.032,0
2026-08-24,성남시수정구,2026-08-25T06:00,ecmwf_ifs025_ensemble,51,0.882,0.118,0,0
2026-08-24,성남시수정구,2026-08-25T06:00,gem_global_ensemble,21,0.857,0.143,0,0
2026-08-24,성남시수정구,2026-08-25T07:00,ensemble,143,0.601,0.378,0.021,0
2026-08-24,성남시수정구,2026-08-25T07:00,icon_seamless_eps,40,0.975,0.025,0,0
2026-08-24,성남시수정구,2026-08-25T07:00,ncep_gefs_seamless,31,0.387,0.581,0.032,0
2026-08-24,성남시수정구,2026-08-25T07:00,ecmwf_ifs025_ensemble,51,0.392,0.588,0.02,0
2026-08-24,성남시수정구,2026-08-25T07:00,gem_global_ensemble,21,0.714,0.238,0.048,0
2026-08-24,성남시수정구,2026-08-25T08:00,ensemble,143,0.608,0.371,0.021,0
2026-08-24,성남시수정구,2026-08-25T08:00,icon_seamless_eps,40,1,0,0,0
2026-08-24,성남시수정구,2026-08-25T08:00,ncep_gefs_seamless,31,0.387,0.581,0.032,0
2026-08-24,성남시수정구,2026-08-25T08:00,ecmwf_ifs025_ensemble,51,0.392,0.588,0.02,0
2026-08-24,성남시수정구,2026-08-25T08:00,gem_global_ensemble,21,0.714,0.238,0.048,0
2026-08-24,성남시수정구,2026-08-25T09:00,ensemble,143,0.601,0.378,0.021,0
2026-08-24,성남시수정구,2026-08-25T09:00,icon_seamless_eps,40,0.975,0.025,0,0
2026-08-24,성남시수정구,2026-08-25T09:00,ncep_gefs_seamless,31,0.387,0.581,0.032,0
2026-08-24,성남시수정구,2026-08-25T09:00,ecmwf_ifs025_ensemble,51,0.392,0.588,0.02,0
2026-08-24,성남시수정구,2026-08-25T09:00,gem_global_ensemble,21,0.714,0.238,0.048,0
2026-08-24,성남시수정구,2026-08-25T10:00,ensemble,143,0.497,0.483,0.021,0
2026-08-24,성남시수정구,2026-08-25T10:00,icon_seamless_eps,40,0.95,0.05,0,0
2026-08-24,성남시수정구,2026-08-25T10:00,ncep_gefs_seamless,31,0.258,0.645,0.097,0
2026-08-24,성남시수정구,2026-08-25T10:00,ecmwf_ifs025_ensemble,51,0.157,0.843,0,0
2026-08-24,성남시수정구,2026-08-25T10:00,gem_global_ensemble,21,0.81,0.19,0,0
2026-08-24,성남시수정구,2026-08-25T11:00,ensemble,143,0.497,0.483,0.021,0
2026-08-24,성남시수정구,2026-08-25T11:00,icon_seamless_eps,40,0.95,0.05,0,0
2026-08-24,성남시수정구,2026-08-25T11:00,ncep_gefs_seamless,31,0.258,0.645,0.097,0
2026-08-24,성남시수정구,2026-08-25T11:00,ecmwf_ifs025_ensemble,51,0.157,0.843,0,0
2026-08-24,성남시수정구,2026-08-25T11:00,gem_global_ensemble,21,0.81,0.19,0,0
2026-08-24,성남시수정구,2026-08-25T12:00,ensemble,143,0.497,0.483,0.021,0
2026-08-24,성남시수정구,2026-08-25T12:00,icon_seamless_eps,40,0.95,0.05,0,0
2026-08-24,성남시수정구,2026-08-25T12:00,ncep_gefs_seamless,31,0.258,0.645,0.097,0
2026-08-24,성남시수정구,2026-08-25T12:00,ecmwf_ifs025_ensemble,51,0.157,0.843,0,0
2026-08-24,성남시수정구,2026-08-25T12:00,gem_global_ensemble,21,0.81,0.19,0,0
2026-08-24,성남시수정구,2026-08-25T13:00,ensemble,143,0.531,0.42,0.049,0
2026-08-24,성남시수정구,2026-08-25T13:00,icon_seamless_eps,40,0.875,0.1,0.025,0
2026-08-24,성남시수정구,2026-08-25T13:00,ncep_gefs_seamless,31,0.419,0.419,0.161,0
2026-08-24,성남시수정구,2026-08-25T13:00,ecmwf_ifs025_ensemble,51,0.196,0.804,0,0
2026-08-24,성남시수정구,2026-08-25T13:00,gem_global_ensemble,21,0.857,0.095,0.048,0
2026-08-24,성남시수정구,2026-08-25T14:00,ensemble,143,0.531,0.42,0.049,0
2026-08-24,성남시수정구,2026-08-25T14:00,icon_seamless_eps,40,0.875,0.1,0.025,0
2026-08-24,성남시수정구,2026-08-25T14:00,ncep_gefs_seamless,31,0.419,0.419,0.161,0
2026-08-24,성남시수정구,2026-08-25T14:00,ecmwf_ifs025_ensemble,51,0.196,0.804,0,0
2026-08-24,성남시수정구,2026-08-25T14:00,gem_global_ensemble,21,0.857,0.095,0.048,0
2026-08-24,성남시수정구,2026-08-25T15:00,ensemble,143,0.531,0.42,0.049,0
2026-08-24,성남시수정구,2026-08-25T15:00,icon_seamless_eps,40,0.875,0.1,0.025,0
2026-08-24,성남시수정구,2026-08-25T15:00,ncep_gefs_seamless,31,0.419,0.419,0.161,0
2026-08-24,성남시수정구,2026-08-25T15:00,ecmwf_ifs025_ensemble,51,0.196,0.804,0,0
2026-08-24,성남시수정구,2026-08-25T15:00,gem_global_ensemble,21,0.857,0.095,0.048,0
2026-08-24,성남시수정구,2026-08-25T16:00,ensemble,143,0.65,0.336,0.014,0
2026-08-24,성남시수정구,2026-08-25T16:00,icon_seamless_eps,40,0.925,0.075,0,0
2026-08-24,성남시수정구,2026-08-25T16:00,ncep_gefs_seamless,31,0.484,0.516,0,0
2026-08-24,성남시수정구,2026-08-25T16:00,ecmwf_ifs025_ensemble,51,0.412,0.549,0.039,0
2026-08-24,성남시수정구,2026-08-25T16:00,gem_global_ensemble,21,0.952,0.048,0,0
2026-08-24,성남시수정구,2026-08-25T17:00,ensemble,143,0.65,0.336,0.014,0
2026-08-24,성남시수정구,2026-08-25T17:00,icon_seamless_eps,40,0.925,0.075,0,0
2026-08-24,성남시수정구,2026-08-25T17:00,ncep_gefs_seamless,31,0.484,0.516,0,0
2026-08-24,성남시수정구,2026-08-25T17:00,ecmwf_ifs025_ensemble,51,0.412,0.549,0.039,0
2026-08-24,성남시수정구,2026-08-25T17:00,gem_global_ensemble,21,0.952,0.048,0,0
2026-08-24,성남시수정구,2026-08-25T18:00,ensemble,143,0.65,0.336,0.014,0
2026-08-24,성남시수정구,2026-08-25T18:00,icon_seamless_eps,40,0.925,0.075,0,0
2026-08-24,성남시수정구,2026-08-25T18:00,ncep_gefs_seamless,31,0.484,0.516,0,0
2026-08-24,성남시수정구,2026-08-25T18:00,ecmwf_ifs025_ensemble,51,0.412,0.549,0.039,0
2026-08-24,성남시수정구,2026-08-25T18:00,gem_global_ensemble,21,0.952,0.048,0,0
2026-08-24,성남시수정구,2026-08-25T19:00,ensemble,143,0.958,0.042,0,0
2026-08-24,성남시수정구,2026-08-25T19:00,icon_seamless_eps,40,1,0,0,0
2026-08-24,성남시수정구,2026-08-25T19:00,ncep_gefs_seamless,31,0.935,0.065,0,0
2026-08-24,성남시수정구,2026-08-25T19:00,ecmwf_ifs025_ensemble,51,0.922,0.078,0,0
2026-08-24,성남시수정구,2026-08-25T19:00,gem_global_ensemble,21,1,0,0,0
2026-08-24,성남시수정구,2026-08-25T20:00,ensemble,143,0.958,0.042,0,0
2026-08-24,성남시수정구,2026-08-25T20:00,icon_seamless_eps,40,1,0,0,0
2026-08-24,성남시수정구,2026-08-25T20:00,ncep_gefs_seamless,31,0.935,0.065,0,0
2026-08-24,성남시수정구,2026-08-25T20:00,ecmwf_ifs025_ensemble,51,0.922,0.078,0,0
2026-08-24,성남시수정구,2026-08-25T20:00,gem_global_ensemble,21,1,0,0,0
2026-08-24,성남시수정구,2026-08-25T21:00,ensemble,143,0.958,0.042,0,0
2026-08-24,성남시수정구,2026-08-25T21:00,icon_seamless_eps,40,1,0,0,0
2026-08-24,성남시수정구,2026-08-25T21:00,ncep_gefs_seamless,31,0.935,0.065,0,0
2026-08-24,성남시수정구,2026-08-25T21:00,ecmwf_ifs025_ensemble,51,0.922,0.078,0,0
2026-08-24,성남시수정구,2026-08-25T21:00,gem_global_ensemble,21,1,0,0,0
2026-08-24,성남시수정구,2026-08-25T22:00,ensemble,143,0.958,0.042,0,0
2026-08-24,성남시수정구,2026-08-25T22:00,icon_seamless_eps,40,1,0,0,0
2026-08-24,성남시수정구,2026-08-25T22:00,ncep_gefs_seamless,31,0.935,0.065,0,0
2026-08-24,성남시수정구,2026-08-25T22:00,ecmwf_ifs025_ensemble,51,0.941,0.059,0,0
2026-08-24,성남시수정구,2026-08-25T22:00,gem_global_ensemble,21,0.952,0.048,0,0
2026-08-24,성남시수정구,2026-08-25T23:00,ensemble,143,0.958,0.042,0,0
2026-08-24,성남시수정구,2026-08-25T23:00,icon_seamless_eps,40,1,0,0,0
2026-08-24,성남시수정구,2026-08-25T23:00,ncep_gefs_seamless,31,0.935,0.065,0,0
2026-08-24,성남시수정구,2026-08-25T23:00,ecmwf_ifs025_ensemble,51,0.941,0.059,0,0
2026-08-24,성남시수정구,2026-08-25T23:00,gem_global_ensemble,21,0.952,0.048,0,0
2026-08-25,수원시권선구,2026-08-25T00:00,ensemble,143,0.881,0.119,0,0
2026-08-25,수원시권선구,2026-08-25T00:00,icon_seamless_eps,40,0.825,0.175,0,0
2026-08-25,수원시권선구,2026-08-25T00:00,ncep_gefs_seamless,31,1,0,0,0
2026-08-25,수원시권선구,2026-08-25T00:00,ecmwf_ifs025_ensemble,51,0.804,0.196,0,0
2026-08-25,수원시권선구,2026-08-25T00:00,gem_global_ensemble,21,1,0,0,0
2026-08-25,수원시권선구,2026-08-25T01:00,ensemble,143,0.769,0.231,0,0
2026-08-25,수원시권선구,2026-08-25T01:00,icon_seamless_eps,40,0.75,0.25,0,0
2026-08-25,수원시권선구,2026-08-25T01:00,ncep_gefs_seamless,31,0.903,0.097,0,0
2026-08-25,수원시권선구,2026-08-25T01:00,ecmwf_ifs025_ensemble,51,0.647,0.353,0,0
2026-08-25,수원시권선구,2026-08-25T01:00,gem_global_ensemble,21,0.905,0.095,0,0
2026-08-25,수원시권선구,2026-08-25T02:00,ensemble,143,0.818,0.182,0,0
2026-08-25,수원시권선구,2026-08-25T02:00,icon_seamless_eps,40,0.925,0.075,0,0
2026-08-25,수원시권선구,2026-08-25T02:00,ncep_gefs_seamless,31,0.903,0.097,0,0
2026-08-25,수원시권선구,2026-08-25T02:00,ecmwf_ifs025_ensemble,51,0.647,0.353,0,0
2026-08-25,수원시권선구,2026-08-25T02:00,gem_global_ensemble,21,0.905,0.095,0,0
2026-08-25,수원시권선구,2026-08-25T03:00,ensemble,143,0.832,0.168,0,0
2026-08-25,수원시권선구,2026-08-25T03:00,icon_seamless_eps,40,0.975,0.025,0,0
2026-08-25,수원시권선구,2026-08-25T03:00,ncep_gefs_seamless,31,0.903,0.097,0,0
2026-08-25,수원시권선구,2026-08-25T03:00,ecmwf_ifs025_ensemble,51,0.647,0.353,0,0
2026-08-25,수원시권선구,2026-08-25T03:00,gem_global_ensemble,21,0.905,0.095,0,0
2026-08-25,수원시권선구,2026-08-25T04:00,ensemble,143,0.601,0.399,0,0
2026-08-25,수원시권선구,2026-08-25T04:00,icon_seamless_eps,40,0.95,0.05,0,0
2026-08-25,수원시권선구,2026-08-25T04:00,ncep_gefs_seamless,31,0.613,0.387,0,0
2026-08-25,수원시권선구,2026-08-25T04:00,ecmwf_ifs025_ensemble,51,0.353,0.647,0,0
2026-08-25,수원시권선구,2026-08-25T04:00,gem_global_ensemble,21,0.524,0.476,0,0
2026-08-25,수원시권선구,2026-08-25T05:00,ensemble,143,0.601,0.399,0,0
2026-08-25,수원시권선구,2026-08-25T05:00,icon_seamless_eps,40,0.95,0.05,0,0
2026-08-25,수원시권선구,2026-08-25T05:00,ncep_gefs_seamless,31,0.613,0.387,0,0
2026-08-25,수원시권선구,2026-08-25T05:00,ecmwf_ifs025_ensemble,51,0.353,0.647,0,0
2026-08-25,수원시권선구,2026-08-25T05:00,gem_global_ensemble,21,0.524,0.476,0,0
2026-08-25,수원시권선구,2026-08-25T06:00,ensemble,143,0.587,0.413,0,0
2026-08-25,수원시권선구,2026-08-25T06:00,icon_seamless_eps,40,0.9,0.1,0,0
2026-08-25,수원시권선구,2026-08-25T06:00,ncep_gefs_seamless,31,0.613,0.387,0,0
2026-08-25,수원시권선구,2026-08-25T06:00,ecmwf_ifs025_ensemble,51,0.353,0.647,0,0
2026-08-25,수원시권선구,2026-08-25T06:00,gem_global_ensemble,21,0.524,0.476,0,0
2026-08-25,수원시권선구,2026-08-25T07:00,ensemble,143,0.455,0.545,0,0
2026-08-25,수원시권선구,2026-08-25T07:00,icon_seamless_eps,40,0.9,0.1,0,0
2026-08-25,수원시권선구,2026-08-25T07:00,ncep_gefs_seamless,31,0.452,0.548,0,0
2026-08-25,수원시권선구,2026-08-25T07:00,ecmwf_ifs025_ensemble,51,0.02,0.98,0,0
2026-08-25,수원시권선구,2026-08-25T07:00,gem_global_ensemble,21,0.667,0.333,0,0
2026-08-25,수원시권선구,2026-08-25T08:00,ensemble,143,0.413,0.587,0,0
2026-08-25,수원시권선구,2026-08-25T08:00,icon_seamless_eps,40,0.75,0.25,0,0
2026-08-25,수원시권선구,2026-08-25T08:00,ncep_gefs_seamless,31,0.452,0.548,0,0
2026-08-25,수원시권선구,2026-08-25T08:00,ecmwf_ifs025_ensemble,51,0.02,0.98,0,0
2026-08-25,수원시권선구,2026-08-25T08:00,gem_global_ensemble,21,0.667,0.333,0,0
2026-08-25,수원시권선구,2026-08-25T09:00,ensemble,143,0.427,0.573,0,0
2026-08-25,수원시권선구,2026-08-25T09:00,icon_seamless_eps,40,0.8,0.2,0,0
2026-08-25,수원시권선구,2026-08-25T09:00,ncep_gefs_seamless,31,0.452,0.548,0,0
2026-08-25,수원시권선구,2026-08-25T09:00,ecmwf_ifs025_ensemble,51,0.02,0.98,0,0
2026-08-25,수원시권선구,2026-08-25T09:00,gem_global_ensemble,21,0.667,0.333,0,0
2026-08-25,수원시권선구,2026-08-25T10:00,ensemble,143,0.462,0.538,0,0
2026-08-25,수원시권선구,2026-08-25T10:00,icon_seamless_eps,40,0.775,0.225,0,0
2026-08-25,수원시권선구,2026-08-25T10:00,ncep_gefs_seamless,31,0.548,0.452,0,0
2026-08-25,수원시권선구,2026-08-25T10:00,ecmwf_ifs025_ensemble,51,0.059,0.941,0,0
2026-08-25,수원시권선구,2026-08-25T10:00,gem_global_ensemble,21,0.714,0.286,0,0
2026-08-25,수원시권선구,2026-08-25T11:00,ensemble,143,0.469,0.531,0,0
2026-08-25,수원시권선구,2026-08-25T11:00,icon_seamless_eps,40,0.8,0.2,0,0
2026-08-25,수원시권선구,2026-08-25T11:00,ncep_gefs_seamless,31,0.548,0.452,0,0
2026-08-25,수원시권선구,2026-08-25T11:00,ecmwf_ifs025_ensemble,51,0.059,0.941,0,0
2026-08-25,수원시권선구,2026-08-25T11:00,gem_global_ensemble,21,0.714,0.286,0,0
2026-08-25,수원시권선구,2026-08-25T12:00,ensemble,143,0.448,0.552,0,0
2026-08-25,수원시권선구,2026-08-25T12:00,icon_seamless_eps,40,0.725,0.275,0,0
2026-08-25,수원시권선구,2026-08-25T12:00,ncep_gefs_seamless,31,0.548,0.452,0,0
2026-08-25,수원시권선구,2026-08-25T12:00,ecmwf_ifs025_ensemble,51,0.059,0.941,0,0
2026-08-25,수원시권선구,2026-08-25T12:00,gem_global_ensemble,21,0.714,0.286,0,0
2026-08-25,수원시권선구,2026-08-25T13:00,ensemble,143,0.615,0.378,0.007,0
2026-08-25,수원시권선구,2026-08-25T13:00,icon_seamless_eps,40,0.725,0.25,0.025,0
2026-08-25,수원시권선구,2026-08-25T13:00,ncep_gefs_seamless,31,0.677,0.323,0,0
2026-08-25,수원시권선구,2026-08-25T13:00,ecmwf_ifs025_ensemble,51,0.353,0.647,0,0
2026-08-25,수원시권선구,2026-08-25T13:00,gem_global_ensemble,21,0.952,0.048,0,0
2026-08-25,수원시권선구,2026-08-25T14:00,ensemble,143,0.636,0.364,0,0
2026-08-25,수원시권선구,2026-08-25T14:00,icon_seamless_eps,40,0.8,0.2,0,0
2026-08-25,수원시권선구,2026-08-25T14:00,ncep_gefs_seamless,31,0.677,0.323,0,0
2026-08-25,수원시권선구,2026-08-25T14:00,ecmwf_ifs025_ensemble,51,0.353,0.647,0,0
2026-08-25,수원시권선구,2026-08-25T14:00,gem_global_ensemble,21,0.952,0.048,0,0
2026-08-25,수원시권선구,2026-08-25T15:00,ensemble,143,0.685,0.315,0,0
2026-08-25,수원시권선구,2026-08-25T15:00,icon_seamless_eps,40,0.975,0.025,0,0
2026-08-25,수원시권선구,2026-08-25T15:00,ncep_gefs_seamless,31,0.677,0.323,0,0
2026-08-25,수원시권선구,2026-08-25T15:00,ecmwf_ifs025_ensemble,51,0.353,0.647,0,0
2026-08-25,수원시권선구,2026-08-25T15:00,gem_global_ensemble,21,0.952,0.048,0,0
2026-08-25,수원시권선구,2026-08-25T16:00,ensemble,143,0.923,0.077,0,0
2026-08-25,수원시권선구,2026-08-25T16:00,icon_seamless_eps,40,0.95,0.05,0,0
2026-08-25,수원시권선구,2026-08-25T16:00,ncep_gefs_seamless,31,0.935,0.065,0,0
2026-08-25,수원시권선구,2026-08-25T16:00,ecmwf_ifs025_ensemble,51,0.882,0.118,0,0
2026-08-25,수원시권선구,2026-08-25T16:00,gem_global_ensemble,21,0.952,0.048,0,0
2026-08-25,수원시권선구,2026-08-25T17:00,ensemble,143,0.937,0.063,0,0
2026-08-25,수원시권선구,2026-08-25T17:00,icon_seamless_eps,40,1,0,0,0
2026-08-25,수원시권선구,2026-08-25T17:00,ncep_gefs_seamless,31,0.935,0.065,0,0
2026-08-25,수원시권선구,2026-08-25T17:00,ecmwf_ifs025_ensemble,51,0.882,0.118,0,0
2026-08-25,수원시권선구,2026-08-25T17:00,gem_global_ensemble,21,0.952,0.048,0,0
2026-08-25,수원시권선구,2026-08-25T18:00,ensemble,143,0.937,0.063,0,0
2026-08-25,수원시권선구,2026-08-25T18:00,icon_seamless_eps,40,1,0,0,0
2026-08-25,수원시권선구,2026-08-25T18:00,ncep_gefs_seamless,31,0.935,0.065,0,0
2026-08-25,수원시권선구,2026-08-25T18:00,ecmwf_ifs025_ensemble,51,0.882,0.118,0,0
2026-08-25,수원시권선구,2026-08-25T18:00,gem_global_ensemble,21,0.952,0.048,0,0
2026-08-25,수원시권선구,2026-08-25T19:00,ensemble,143,0.986,0.014,0,0
2026-08-25,수원시권선구,2026-08-25T19:00,icon_seamless_eps,40,1,0,0,0
2026-08-25,수원시권선구,2026-08-25T19:00,ncep_gefs_seamless,31,1,0,0,0
2026-08-25,수원시권선구,2026-08-25T19:00,ecmwf_ifs025_ensemble,51,0.98,0.02,0,0
2026-08-25,수원시권선구,2026-08-25T19:00,gem_global_ensemble,21,0.952,0.048,0,0
2026-08-25,수원시권선구,2026-08-25T20:00,ensemble,143,0.986,0.014,0,0
2026-08-25,수원시권선구,2026-08-25T20:00,icon_seamless_eps,40,1,0,0,0
2026-08-25,수원시권선구,2026-08-25T20:00,ncep_gefs_seamless,31,1,0,0,0
2026-08-25,수원시권선구,2026-08-25T20:00,ecmwf_ifs025_ensemble,51,0.98,0.02,0,0
2026-08-25,수원시권선구,2026-08-25T20:00,gem_global_ensemble,21,0.952,0.048,0,0
2026-08-25,수원시권선구,2026-08-25T21:00,ensemble,143,0.986,0.014,0,0
2026-08-25,수원시권선구,2026-08-25T21:00,icon_seamless_eps,40,1,0,0,0
2026-08-25,수원시권선구,2026-08-25T21:00,ncep_gefs_seamless,31,1,0,0,0
2026-08-25,수원시권선구,2026-08-25T21:00,ecmwf_ifs025_ensemble,51,0.98,0.02,0,0
2026-08-25,수원시권선구,2026-08-25T21:00,gem_global_ensemble,21,0.952,0.048,0,0
2026-08-25,수원시권선구,2026-08-25T22:00,ensemble,143,0.993,0.007,0,0
2026-08-25,수원시권선구,2026-08-25T22:00,icon_seamless_eps,40,1,0,0,0
2026-08-25,수원시권선구,2026-08-25T22:00,ncep_gefs_seamless,31,1,0,0,0
2026-08-25,수원시권선구,2026-08-25T22:00,ecmwf_ifs025_ensemble,51,1,0,0,0
2026-08-25,수원시권선구,2026-08-25T22:00,gem_global_ensemble,21,0.952,0.048,0,0
2026-08-25,수원시권선구,2026-08-25T23:00,ensemble,143,0.993,0.007,0,0
2026-08-25,수원시권선구,2026-08-25T23:00,icon_seamless_eps,40,1,0,0,0
2026-08-25,수원시권선구,2026-08-25T23:00,ncep_gefs_seamless,31,1,0,0,0
2026-08-25,수원시권선구,2026-08-25T23:00,ecmwf_ifs025_ensemble,51,1,0,0,0
2026-08-25,수원시권선구,2026-08-25T23:00,gem_global_ensemble,21,0.952,0.048,0,0
2026-08-25,수원시권선구,2026-08-26T00:00,ensemble,143,0.993,0.007,0,0
2026-08-25,수원시권선구,2026-08-26T00:00,icon_seamless_eps,40,1,0,0,0
2026-08-25,수원시권선구,2026-08-26T00:00,ncep_gefs_seamless,31,1,0,0,0
2026-08-25,수원시권선구,2026-08-26T00:00,ecmwf_ifs025_ensemble,51,1,0,0,0
2026-08-25,수원시권선구,2026-08-26T00:00,gem_global_ensemble,21,0.952,0.048,0,0
2026-08-25,수원시권선구,2026-08-26T01:00,ensemble,143,1,0,0,0
2026-08-25,수원시권선구,2026-08-26T01:00,icon_seamless_eps,40,1,0,0,0
2026-08-25,수원시권선구,2026-08-26T01:00,ncep_gefs_seamless,31,1,0,0,0
2026-08-25,수원시권선구,2026-08-26T01:00,ecmwf_ifs025_ensemble,51,1,0,0,0
2026-08-25,수원시권선구,2026-08-26T01:00,gem_global_ensemble,21,1,0,0,0
2026-08-25,수원시권선구,2026-08-26T02:00,ensemble,143,1,0,0,0
2026-08-25,수원시권선구,2026-08-26T02:00,icon_seamless_eps,40,1,0,0,0
2026-08-25,수원시권선구,2026-08-26T02:00,ncep_gefs_seamless,31,1,0,0,0
2026-08-25,수원시권선구,2026-08-26T02:00,ecmwf_ifs025_ensemble,51,1,0,0,0
2026-08-25,수원시권선구,2026-08-26T02:00,gem_global_ensemble,21,1,0,0,0
2026-08-25,수원시권선구,2026-08-26T03:00,ensemble,143,1,0,0,0
2026-08-25,수원시권선구,2026-08-26T03:00,icon_seamless_eps,40,1,0,0,0
2026-08-25,수원시권선구,2026-08-26T03:00,ncep_gefs_seamless,31,1,0,0,0
2026-08-25,수원시권선구,2026-08-26T03:00,ecmwf_ifs025_ensemble,51,1,0,0,0
2026-08-25,수원시권선구,2026-08-26T03:00,gem_global_ensemble,21,1,0,0,0
2026-08-25,수원시권선구,2026-08-26T04:00,ensemble,143,0.958,0.042,0,0
2026-08-25,수원시권선구,2026-08-26T04:00,icon_seamless_eps,40,1,0,0,0
2026-08-25,수원시권선구,2026-08-26T04:00,ncep_gefs_seamless,31,0.968,0.032,0,0
2026-08-25,수원시권선구,2026-08-26T04:00,ecmwf_ifs025_ensemble,51,0.941,0.059,0,0
2026-08-25,수원시권선구,2026-08-26T04:00,gem_global_ensemble,21,0.905,0.095,0,0
2026-08-25,수원시권선구,2026-08-26T05:00,ensemble,143,0.958,0.042,0,0
2026-08-25,수원시권선구,2026-08-26T05:00,icon_seamless_eps,40,1,0,0,0
2026-08-25,수원시권선구,2026-08-26T05:00,ncep_gefs_seamless,31,0.968,0.032,0,0
2026-08-25,수원시권선구,2026-08-26T05:00,ecmwf_ifs025_ensemble,51,0.941,0.059,0,0
2026-08-25,수원시권선구,2026-08-26T05:00,gem_global_ensemble,21,0.905,0.095,0,0
2026-08-25,수원시권선구,2026-08-26T06:00,ensemble,143,0.958,0.042,0,0
2026-08-25,수원시권선구,2026-08-26T06:00,icon_seamless_eps,40,1,0,0,0
2026-08-25,수원시권선구,2026-08-26T06:00,ncep_gefs_seamless,31,0.968,0.032,0,0
2026-08-25,수원시권선구,2026-08-26T06:00,ecmwf_ifs025_ensemble,51,0.941,0.059,0,0
2026-08-25,수원시권선구,2026-08-26T06:00,gem_global_ensemble,21,0.905,0.095,0,0
2026-08-25,수원시권선구,2026-08-26T07:00,ensemble,143,0.902,0.098,0,0
2026-08-25,수원시권선구,2026-08-26T07:00,icon_seamless_eps,40,1,0,0,0
2026-08-25,수원시권선구,2026-08-26T07:00,ncep_gefs_seamless,31,0.935,0.065,0,0
2026-08-25,수원시권선구,2026-08-26T07:00,ecmwf_ifs025_ensemble,51,0.843,0.157,0,0
2026-08-25,수원시권선구,2026-08-26T07:00,gem_global_ensemble,21,0.81,0.19,0,0
2026-08-25,수원시권선구,2026-08-26T08:00,ensemble,143,0.902,0.098,0,0
2026-08-25,수원시권선구,2026-08-26T08:00,icon_seamless_eps,40,1,0,0,0
2026-08-25,수원시권선구,2026-08-26T08:00,ncep_gefs_seamless,31,0.935,0.065,0,0
2026-08-25,수원시권선구,2026-08-26T08:00,ecmwf_ifs025_ensemble,51,0.843,0.157,0,0
2026-08-25,수원시권선구,2026-08-26T08:00,gem_global_ensemble,21,0.81,0.19,0,0
2026-08-25,수원시권선구,2026-08-26T09:00,ensemble,143,0.902,0.098,0,0
2026-08-25,수원시권선구,2026-08-26T09:00,icon_seamless_eps,40,1,0,0,0
2026-08-25,수원시권선구,2026-08-26T09:00,ncep_gefs_seamless,31,0.935,0.065,0,0
2026-08-25,수원시권선구,2026-08-26T09:00,ecmwf_ifs025_ensemble,51,0.843,0.157,0,0
2026-08-25,수원시권선구,2026-08-26T09:00,gem_global_ensemble,21,0.81,0.19,0,0
2026-08-25,수원시권선구,2026-08-26T10:00,ensemble,143,0.902,0.091,0.007,0
2026-08-25,수원시권선구,2026-08-26T10:00,icon_seamless_eps,40,1,0,0,0
2026-08-25,수원시권선구,2026-08-26T10:00,ncep_gefs_seamless,31,0.903,0.097,0,0
2026-08-25,수원시권선구,2026-08-26T10:00,ecmwf_ifs025_ensemble,51,0.843,0.157,0,0
2026-08-25,수원시권선구,2026-08-26T10:00,gem_global_ensemble,21,0.857,0.095,0.048,0
2026-08-25,수원시권선구,2026-08-26T11:00,ensemble,143,0.902,0.091,0.007,0
2026-08-25,수원시권선구,2026-08-26T11:00,icon_seamless_eps,40,1,0,0,0
2026-08-25,수원시권선구,2026-08-26T11:00,ncep_gefs_seamless,31,0.903,0.097,0,0
2026-08-25,수원시권선구,2026-08-26T11:00,ecmwf_ifs025_ensemble,51,0.843,0.157,0,0
2026-08-25,수원시권선구,2026-08-26T11:00,gem_global_ensemble,21,0.857,0.095,0.048,0
2026-08-25,수원시권선구,2026-08-26T12:00,ensemble,143,0.902,0.091,0.007,0
2026-08-25,수원시권선구,2026-08-26T12:00,icon_seamless_eps,40,1,0,0,0
2026-08-25,수원시권선구,2026-08-26T12:00,ncep_gefs_seamless,31,0.903,0.097,0,0
2026-08-25,수원시권선구,2026-08-26T12:00,ecmwf_ifs025_ensemble,51,0.843,0.157,0,0
2026-08-25,수원시권선구,2026-08-26T12:00,gem_global_ensemble,21,0.857,0.095,0.048,0
2026-08-25,수원시권선구,2026-08-26T13:00,ensemble,143,0.853,0.147,0,0
2026-08-25,수원시권선구,2026-08-26T13:00,icon_seamless_eps,40,0.975,0.025,0,0
2026-08-25,수원시권선구,2026-08-26T13:00,ncep_gefs_seamless,31,0.903,0.097,0,0
2026-08-25,수원시권선구,2026-08-26T13:00,ecmwf_ifs025_ensemble,51,0.706,0.294,0,0
2026-08-25,수원시권선구,2026-08-26T13:00,gem_global_ensemble,21,0.905,0.095,0,0
2026-08-25,수원시권선구,2026-08-26T14:00,ensemble,143,0.846,0.147,0.007,0
2026-08-25,수원시권선구,2026-08-26T14:00,icon_seamless_eps,40,0.95,0.025,0.025,0
2026-08-25,수원시권선구,2026-08-26T14:00,ncep_gefs_seamless,31,0.903,0.097,0,0
2026-08-25,수원시권선구,2026-08-26T14:00,ecmwf_ifs025_ensemble,51,0.706,0.294,0,0
2026-08-25,수원시권선구,2026-08-26T14:00,gem_global_ensemble,21,0.905,0.095,0,0
2026-08-25,수원시권선구,2026-08-26T15:00,ensemble,143,0.86,0.14,0,0
2026-08-25,수원시권선구,2026-08-26T15:00,icon_seamless_eps,40,1,0,0,0
2026-08-25,수원시권선구,2026-08-26T15:00,ncep_gefs_seamless,31,0.903,0.097,0,0
2026-08-25,수원시권선구,2026-08-26T15:00,ecmwf_ifs025_ensemble,51,0.706,0.294,0,0
2026-08-25,수원시권선구,2026-08-26T15:00,gem_global_ensemble,21,0.905,0.095,0,0
2026-08-25,수원시권선구,2026-08-26T16:00,ensemble,143,0.916,0.084,0,0
2026-08-25,수원시권선구,2026-08-26T16:00,icon_seamless_eps,40,1,0,0,0
2026-08-25,수원시권선구,2026-08-26T16:00,ncep_gefs_seamless,31,0.935,0.065,0,0
2026-08-25,수원시권선구,2026-08-26T16:00,ecmwf_ifs025_ensemble,51,0.804,0.196,0,0
2026-08-25,수원시권선구,2026-08-26T16:00,gem_global_ensemble,21,1,0,0,0
2026-08-25,수원시권선구,2026-08-26T17:00,ensemble,143,0.916,0.084,0,0
2026-08-25,수원시권선구,2026-08-26T17:00,icon_seamless_eps,40,1,0,0,0
2026-08-25,수원시권선구,2026-08-26T17:00,ncep_gefs_seamless,31,0.935,0.065,0,0
2026-08-25,수원시권선구,2026-08-26T17:00,ecmwf_ifs025_ensemble,51,0.804,0.196,0,0
2026-08-25,수원시권선구,2026-08-26T17:00,gem_global_ensemble,21,1,0,0,0
2026-08-25,수원시권선구,2026-08-26T18:00,ensemble,143,0.916,0.084,0,0
2026-08-25,수원시권선구,2026-08-26T18:00,icon_seamless_eps,40,1,0,0,0
2026-08-25,수원시권선구,2026-08-26T18:00,ncep_gefs_seamless,31,0.935,0.065,0,0
2026-08-25,수원시권선구,2026-08-26T18:00,ecmwf_ifs025_ensemble,51,0.804,0.196,0,0
2026-08-25,수원시권선구,2026-08-26T18:00,gem_global_ensemble,21,1,0,0,0
2026-08-25,수원시권선구,2026-08-26T19:00,ensemble,143,0.986,0.014,0,0
2026-08-25,수원시권선구,2026-08-26T19:00,icon_seamless_eps,40,1,0,0,0
2026-08-25,수원시권선구,2026-08-26T19:00,ncep_gefs_seamless,31,0.968,0.032,0,0
2026-08-25,수원시권선구,2026-08-26T19:00,ecmwf_ifs025_ensemble,51,0.98,0.02,0,0
2026-08-25,수원시권선구,2026-08-26T19:00,gem_global_ensemble,21,1,0,0,0
2026-08-25,수원시권선구,2026-08-26T20:00,ensemble,143,0.986,0.014,0,0
2026-08-25,수원시권선구,2026-08-26T20:00,icon_seamless_eps,40,1,0,0,0
2026-08-25,수원시권선구,2026-08-26T20:00,ncep_gefs_seamless,31,0.968,0.032,0,0
2026-08-25,수원시권선구,2026-08-26T20:00,ecmwf_ifs025_ensemble,51,0.98,0.02,0,0
2026-08-25,수원시권선구,2026-08-26T20:00,gem_global_ensemble,21,1,0,0,0
2026-08-25,수원시권선구,2026-08-26T21:00,ensemble,143,0.986,0.014,0,0
2026-08-25,수원시권선구,2026-08-26T21:00,icon_seamless_eps,40,1,0,0,0
2026-08-25,수원시권선구,2026-08-26T21:00,ncep_gefs_seamless,31,0.968,0.032,0,0
2026-08-25,수원시권선구,2026-08-26T21:00,ecmwf_ifs025_ensemble,51,0.98,0.02,0,0
2026-08-25,수원시권선구,2026-08-26T21:00,gem_global_ensemble,21,1,0,0,0
2026-08-25,수원시권선구,2026-08-26T22:00,ensemble,143,0.979,0.021,0,0
2026-08-25,수원시권선구,2026-08-26T22:00,icon_seamless_eps,40,1,0,0,0
2026-08-25,수원시권선구,2026-08-26T22:00,ncep_gefs_seamless,31,0.968,0.032,0,0
2026-08-25,수원시권선구,2026-08-26T22:00,ecmwf_ifs025_ensemble,51,0.961,0.039,0,0
2026-08-25,수원시권선구,2026-08-26T22:00,gem_global_ensemble,21,1,0,0,0
2026-08-25,수원시권선구,2026-08-26T23:00,ensemble,143,0.979,0.021,0,0
2026-08-25,수원시권선구,2026-08-26T23:00,icon_seamless_eps,40,1,0,0,0
2026-08-25,수원시권선구,2026-08-26T23:00,ncep_gefs_seamless,31,0.968,0.032,0,0
2026-08-25,수원시권선구,2026-08-26T23:00,ecmwf_ifs025_ensemble,51,0.961,0.039,0,0
2026-08-25,수원시권선구,2026-08-26T23:00,gem_global_ensemble,21,1,0,0,0
2026-08-25,성남시수정구,2026-08-25T00:00,ensemble,143,0.902,0.098,0,0
2026-08-25,성남시수정구,2026-08-25T00:00,icon_seamless_eps,40,0.825,0.175,0,0
2026-08-25,성남시수정구,2026-08-25T00:00,ncep_gefs_seamless,31,1,0,0,0
2026-08-25,성남시수정구,2026-08-25T00:00,ecmwf_ifs025_ensemble,51,0.863,0.137,0,0
2026-08-25,성남시수정구,2026-08-25T00:00,gem_global_ensemble,21,1,0,0,0
2026-08-25,성남시수정구,2026-08-25T01:00,ensemble,143,0.615,0.385,0,0
2026-08-25,성남시수정구,2026-08-25T01:00,icon_seamless_eps,40,0.75,0.25,0,0
2026-08-25,성남시수정구,2026-08-25T01:00,ncep_gefs_seamless,31,0.613,0.387,0,0
2026-08-25,성남시수정구,2026-08-25T01:00,ecmwf_ifs025_ensemble,51,0.392,0.608,0,0
2026-08-25,성남시수정구,2026-08-25T01:00,gem_global_ensemble,21,0.905,0.095,0,0
2026-08-25,성남시수정구,2026-08-25T02:00,ensemble,143,0.629,0.371,0,0
2026-08-25,성남시수정구,2026-08-25T02:00,icon_seamless_eps,40,0.8,0.2,0,0
2026-08-25,성남시수정구,2026-08-25T02:00,ncep_gefs_seamless,31,0.613,0.387,0,0
2026-08-25,성남시수정구,2026-08-25T02:00,ecmwf_ifs025_ensemble,51,0.392,0.608,0,0
2026-08-25,성남시수정구,2026-08-25T02:00,gem_global_ensemble,21,0.905,0.095,0,0
2026-08-25,성남시수정구,2026-08-25T03:00,ensemble,143,0.664,0.336,0,0
2026-08-25,성남시수정구,2026-08-25T03:00,icon_seamless_eps,40,0.925,0.075,0,0
2026-08-25,성남시수정구,2026-08-25T03:00,ncep_gefs_seamless,31,0.613,0.387,0,0
2026-08-25,성남시수정구,2026-08-25T03:00,ecmwf_ifs025_ensemble,51,0.392,0.608,0,0
2026-08-25,성남시수정구,2026-08-25T03:00,gem_global_ensemble,21,0.905,0.095,0,0
2026-08-25,성남시수정구,2026-08-25T04:00,ensemble,143,0.406,0.594,0,0
2026-08-25,성남시수정구,2026-08-25T04:00,icon_seamless_eps,40,0.95,0.05,0,0
2026-08-25,성남시수정구,2026-08-25T04:00,ncep_gefs_seamless,31,0.258,0.742,0,0
2026-08-25,성남시수정구,2026-08-25T04:00,ecmwf_ifs025_ensemble,51,0.02,0.98,0,0
2026-08-25,성남시수정구,2026-08-25T04:00,gem_global_ensemble,21,0.524,0.476,0,0
2026-08-25,성남시수정구,2026-08-25T05:00,ensemble,143,0.399,0.601,0,0
2026-08-25,성남시수정구,2026-08-25T05:00,icon_seamless_eps,40,0.925,0.075,0,0
2026-08-25,성남시수정구,2026-08-25T05:00,ncep_gefs_seamless,31,0.258,0.742,0,0
2026-08-25,성남시수정구,2026-08-25T05:00,ecmwf_ifs025_ensemble,51,0.02,0.98,0,0
2026-08-25,성남시수정구,2026-08-25T05:00,gem_global_ensemble,21,0.524,0.476,0,0
2026-08-25,성남시수정구,2026-08-25T06:00,ensemble,143,0.392,0.608,0,0
2026-08-25,성남시수정구,2026-08-25T06:00,icon_seamless_eps,40,0.9,0.1,0,0
2026-08-25,성남시수정구,2026-08-25T06:00,ncep_gefs_seamless,31,0.258,0.742,0,0
2026-08-25,성남시수정구,2026-08-25T06:00,ecmwf_ifs025_ensemble,51,0.02,0.98,0,0
2026-08-25,성남시수정구,2026-08-25T06:00,gem_global_ensemble,21,0.524,0.476,0,0
2026-08-25,성남시수정구,2026-08-25T07:00,ensemble,143,0.378,0.615,0.007,0
2026-08-25,성남시수정구,2026-08-25T07:00,icon_seamless_eps,40,0.8,0.2,0,0
2026-08-25,성남시수정구,2026-08-25T07:00,ncep_gefs_seamless,31,0.194,0.806,0,0
2026-08-25,성남시수정구,2026-08-25T07:00,ecmwf_ifs025_ensemble,51,0.039,0.941,0.02,0
2026-08-25,성남시수정구,2026-08-25T07:00,gem_global_ensemble,21,0.667,0.333,0,0
2026-08-25,성남시수정구,2026-08-25T08:00,ensemble,143,0.343,0.65,0.007,0
2026-08-25,성남시수정구,2026-08-25T08:00,icon_seamless_eps,40,0.675,0.325,0,0
2026-08-25,성남시수정구,2026-08-25T08:00,ncep_gefs_seamless,31,0.194,0.806,0,0
2026-08-25,성남시수정구,2026-08-25T08:00,ecmwf_ifs025_ensemble,51,0.039,0.941,0.02,0
2026-08-25,성남시수정구,2026-08-25T08:00,gem_global_ensemble,21,0.667,0.333,0,0
2026-08-25,성남시수정구,2026-08-25T09:00,ensemble,143,0.371,0.622,0.007,0
2026-08-25,성남시수정구,2026-08-25T09:00,icon_seamless_eps,40,0.775,0.225,0,0
2026-08-25,성남시수정구,2026-08-25T09:00,ncep_gefs_seamless,31,0.194,0.806,0,0
2026-08-25,성남시수정구,2026-08-25T09:00,ecmwf_ifs025_ensemble,51,0.039,0.941,0.02,0
2026-08-25,성남시수정구,2026-08-25T09:00,gem_global_ensemble,21,0.667,0.333,0,0
2026-08-25,성남시수정구,2026-08-25T10:00,ensemble,143,0.392,0.601,0.007,0
2026-08-25,성남시수정구,2026-08-25T10:00,icon_seamless_eps,40,0.85,0.15,0,0
2026-08-25,성남시수정구,2026-08-25T10:00,ncep_gefs_seamless,31,0.161,0.839,0,0
2026-08-25,성남시수정구,2026-08-25T10:00,ecmwf_ifs025_ensemble,51,0.039,0.941,0.02,0
2026-08-25,성남시수정구,2026-08-25T10:00,gem_global_ensemble,21,0.714,0.286,0,0
2026-08-25,성남시수정구,2026-08-25T11:00,ensemble,143,0.385,0.608,0.007,0
2026-08-25,성남시수정구,2026-08-25T11:00,icon_seamless_eps,40,0.825,0.175,0,0
2026-08-25,성남시수정구,2026-08-25T11:00,ncep_gefs_seamless,31,0.161,0.839,0,0
2026-08-25,성남시수정구,2026-08-25T11:00,ecmwf_ifs025_ensemble,51,0.039,0.941,0.02,0
2026-08-25,성남시수정구,2026-08-25T11:00,gem_global_ensemble,21,0.714,0.286,0,0
2026-08-25,성남시수정구,2026-08-25T12:00,ensemble,143,0.357,0.629,0.014,0
2026-08-25,성남시수정구,2026-08-25T12:00,icon_seamless_eps,40,0.725,0.25,0.025,0
2026-08-25,성남시수정구,2026-08-25T12:00,ncep_gefs_seamless,31,0.161,0.839,0,0
2026-08-25,성남시수정구,2026-08-25T12:00,ecmwf_ifs025_ensemble,51,0.039,0.941,0.02,0
2026-08-25,성남시수정구,2026-08-25T12:00,gem_global_ensemble,21,0.714,0.286,0,0
2026-08-25,성남시수정구,2026-08-25T13:00,ensemble,143,0.469,0.49,0.042,0
2026-08-25,성남시수정구,2026-08-25T13:00,icon_seamless_eps,40,0.775,0.175,0.05,0
2026-08-25,성남시수정구,2026-08-25T13:00,ncep_gefs_seamless,31,0.29,0.613,0.097,0
2026-08-25,성남시수정구,2026-08-25T13:00,ecmwf_ifs025_ensemble,51,0.137,0.843,0.02,0
2026-08-25,성남시수정구,2026-08-25T13:00,gem_global_ensemble,21,0.952,0.048,0,0
2026-08-25,성남시수정구,2026-08-25T14:00,ensemble,143,0.455,0.517,0.028,0
2026-08-25,성남시수정구,2026-08-25T14:00,icon_seamless_eps,40,0.725,0.275,0,0
2026-08-25,성남시수정구,2026-08-25T14:00,ncep_gefs_seamless,31,0.29,0.613,0.097,0
2026-08-25,성남시수정구,2026-08-25T14:00,ecmwf_ifs025_ensemble,51,0.137,0.843,0.02,0
2026-08-25,성남시수정구,2026-08-25T14:00,gem_global_ensemble,21,0.952,0.048,0,0
2026-08-25,성남시수정구,2026-08-25T15:00,ensemble,143,0.469,0.49,0.042,0
2026-08-25,성남시수정구,2026-08-25T15:00,icon_seamless_eps,40,0.775,0.175,0.05,0
2026-08-25,성남시수정구,2026-08-25T15:00,ncep_gefs_seamless,31,0.29,0.613,0.097,0
2026-08-25,성남시수정구,2026-08-25T15:00,ecmwf_ifs025_ensemble,51,0.137,0.843,0.02,0
2026-08-25,성남시수정구,2026-08-25T15:00,gem_global_ensemble,21,0.952,0.048,0,0
2026-08-25,성남시수정구,2026-08-25T16:00,ensemble,143,0.643,0.336,0.021,0
2026-08-25,성남시수정구,2026-08-25T16:00,icon_seamless_eps,40,0.8,0.2,0,0
2026-08-25,성남시수정구,2026-08-25T16:00,ncep_gefs_seamless,31,0.452,0.516,0.032,0
2026-08-25,성남시수정구,2026-08-25T16:00,ecmwf_ifs025_ensemble,51,0.51,0.451,0.039,0
2026-08-25,성남시수정구,2026-08-25T16:00,gem_global_ensemble,21,0.952,0.048,0,0
2026-08-25,성남시수정구,2026-08-25T17:00,ensemble,143,0.671,0.308,0.021,0
2026-08-25,성남시수정구,2026-08-25T17:00,icon_seamless_eps,40,0.9,0.1,0,0
2026-08-25,성남시수정구,2026-08-25T17:00,ncep_gefs_seamless,31,0.452,0.516,0.032,0
2026-08-25,성남시수정구,2026-08-25T17:00,ecmwf_ifs025_ensemble,51,0.51,0.451,0.039,0
2026-08-25,성남시수정구,2026-08-25T17:00,gem_global_ensemble,21,0.952,0.048,0,0
2026-08-25,성남시수정구,2026-08-25T18:00,ensemble,143,0.692,0.287,0.021,0
2026-08-25,성남시수정구,2026-08-25T18:00,icon_seamless_eps,40,0.975,0.025,0,0
2026-08-25,성남시수정구,2026-08-25T18:00,ncep_gefs_seamless,31,0.452,0.516,0.032,0
2026-08-25,성남시수정구,2026-08-25T18:00,ecmwf_ifs025_ensemble,51,0.51,0.451,0.039,0
2026-08-25,성남시수정구,2026-08-25T18:00,gem_global_ensemble,21,0.952,0.048,0,0
2026-08-25,성남시수정구,2026-08-25T19:00,ensemble,143,0.972,0.028,0,0
2026-08-25,성남시수정구,2026-08-25T19:00,icon_seamless_eps,40,1,0,0,0
2026-08-25,성남시수정구,2026-08-25T19:00,ncep_gefs_seamless,31,0.935,0.065,0,0
2026-08-25,성남시수정구,2026-08-25T19:00,ecmwf_ifs025_ensemble,51,0.98,0.02,0,0
2026-08-25,성남시수정구,2026-08-25T19:00,gem_global_ensemble,21,0.952,0.048,0,0
2026-08-25,성남시수정구,2026-08-25T20:00,ensemble,143,0.972,0.028,0,0
2026-08-25,성남시수정구,2026-08-25T20:00,icon_seamless_eps,40,1,0,0,0
2026-08-25,성남시수정구,2026-08-25T20:00,ncep_gefs_seamless,31,0.935,0.065,0,0
2026-08-25,성남시수정구,2026-08-25T20:00,ecmwf_ifs025_ensemble,51,0.98,0.02,0,0
2026-08-25,성남시수정구,2026-08-25T20:00,gem_global_ensemble,21,0.952,0.048,0,0
2026-08-25,성남시수정구,2026-08-25T21:00,ensemble,143,0.972,0.028,0,0
2026-08-25,성남시수정구,2026-08-25T21:00,icon_seamless_eps,40,1,0,0,0
2026-08-25,성남시수정구,2026-08-25T21:00,ncep_gefs_seamless,31,0.935,0.065,0,0
2026-08-25,성남시수정구,2026-08-25T21:00,ecmwf_ifs025_ensemble,51,0.98,0.02,0,0
2026-08-25,성남시수정구,2026-08-25T21:00,gem_global_ensemble,21,0.952,0.048,0,0
2026-08-25,성남시수정구,2026-08-25T22:00,ensemble,143,0.986,0.014,0,0
2026-08-25,성남시수정구,2026-08-25T22:00,icon_seamless_eps,40,1,0,0,0
2026-08-25,성남시수정구,2026-08-25T22:00,ncep_gefs_seamless,31,1,0,0,0
2026-08-25,성남시수정구,2026-08-25T22:00,ecmwf_ifs025_ensemble,51,0.98,0.02,0,0
2026-08-25,성남시수정구,2026-08-25T22:00,gem_global_ensemble,21,0.952,0.048,0,0
2026-08-25,성남시수정구,2026-08-25T23:00,ensemble,143,0.986,0.014,0,0
2026-08-25,성남시수정구,2026-08-25T23:00,icon_seamless_eps,40,1,0,0,0
2026-08-25,성남시수정구,2026-08-25T23:00,ncep_gefs_seamless,31,1,0,0,0
2026-08-25,성남시수정구,2026-08-25T23:00,ecmwf_ifs025_ensemble,51,0.98,0.02,0,0
2026-08-25,성남시수정구,2026-08-25T23:00,gem_global_ensemble,21,0.952,0.048,0,0
2026-08-25,성남시수정구,2026-08-26T00:00,ensemble,143,0.986,0.014,0,0
2026-08-25,성남시수정구,2026-08-26T00:00,icon_seamless_eps,40,1,0,0,0
2026-08-25,성남시수정구,2026-08-26T00:00,ncep_gefs_seamless,31,1,0,0,0
2026-08-25,성남시수정구,2026-08-26T00:00,ecmwf_ifs025_ensemble,51,0.98,0.02,0,0
2026-08-25,성남시수정구,2026-08-26T00:00,gem_global_ensemble,21,0.952,0.048,0,0
2026-08-25,성남시수정구,2026-08-26T01:00,ensemble,143,0.986,0.014,0,0
2026-08-25,성남시수정구,2026-08-26T01:00,icon_seamless_eps,40,1,0,0,0
2026-08-25,성남시수정구,2026-08-26T01:00,ncep_gefs_seamless,31,1,0,0,0
2026-08-25,성남시수정구,2026-08-26T01:00,ecmwf_ifs025_ensemble,51,0.961,0.039,0,0
2026-08-25,성남시수정구,2026-08-26T01:00,gem_global_ensemble,21,1,0,0,0
2026-08-25,성남시수정구,2026-08-26T02:00,ensemble,143,0.986,0.014,0,0
2026-08-25,성남시수정구,2026-08-26T02:00,icon_seamless_eps,40,1,0,0,0
2026-08-25,성남시수정구,2026-08-26T02:00,ncep_gefs_seamless,31,1,0,0,0
2026-08-25,성남시수정구,2026-08-26T02:00,ecmwf_ifs025_ensemble,51,0.961,0.039,0,0
2026-08-25,성남시수정구,2026-08-26T02:00,gem_global_ensemble,21,1,0,0,0
2026-08-25,성남시수정구,2026-08-26T03:00,ensemble,143,0.986,0.014,0,0
2026-08-25,성남시수정구,2026-08-26T03:00,icon_seamless_eps,40,1,0,0,0
2026-08-25,성남시수정구,2026-08-26T03:00,ncep_gefs_seamless,31,1,0,0,0
2026-08-25,성남시수정구,2026-08-26T03:00,ecmwf_ifs025_ensemble,51,0.961,0.039,0,0
2026-08-25,성남시수정구,2026-08-26T03:00,gem_global_ensemble,21,1,0,0,0
2026-08-25,성남시수정구,2026-08-26T04:00,ensemble,143,0.965,0.035,0,0
2026-08-25,성남시수정구,2026-08-26T04:00,icon_seamless_eps,40,1,0,0,0
2026-08-25,성남시수정구,2026-08-26T04:00,ncep_gefs_seamless,31,1,0,0,0
2026-08-25,성남시수정구,2026-08-26T04:00,ecmwf_ifs025_ensemble,51,0.941,0.059,0,0
2026-08-25,성남시수정구,2026-08-26T04:00,gem_global_ensemble,21,0.905,0.095,0,0
2026-08-25,성남시수정구,2026-08-26T05:00,ensemble,143,0.965,0.035,0,0
2026-08-25,성남시수정구,2026-08-26T05:00,icon_seamless_eps,40,1,0,0,0
2026-08-25,성남시수정구,2026-08-26T05:00,ncep_gefs_seamless,31,1,0,0,0
2026-08-25,성남시수정구,2026-08-26T05:00,ecmwf_ifs025_ensemble,51,0.941,0.059,0,0
2026-08-25,성남시수정구,2026-08-26T05:00,gem_global_ensemble,21,0.905,0.095,0,0
2026-08-25,성남시수정구,2026-08-26T06:00,ensemble,143,0.965,0.035,0,0
2026-08-25,성남시수정구,2026-08-26T06:00,icon_seamless_eps,40,1,0,0,0
2026-08-25,성남시수정구,2026-08-26T06:00,ncep_gefs_seamless,31,1,0,0,0
2026-08-25,성남시수정구,2026-08-26T06:00,ecmwf_ifs025_ensemble,51,0.941,0.059,0,0
2026-08-25,성남시수정구,2026-08-26T06:00,gem_global_ensemble,21,0.905,0.095,0,0
2026-08-25,성남시수정구,2026-08-26T07:00,ensemble,143,0.881,0.112,0.007,0
2026-08-25,성남시수정구,2026-08-26T07:00,icon_seamless_eps,40,1,0,0,0
2026-08-25,성남시수정구,2026-08-26T07:00,ncep_gefs_seamless,31,0.871,0.129,0,0
2026-08-25,성남시수정구,2026-08-26T07:00,ecmwf_ifs025_ensemble,51,0.824,0.157,0.02,0
2026-08-25,성남시수정구,2026-08-26T07:00,gem_global_ensemble,21,0.81,0.19,0,0
2026-08-25,성남시수정구,2026-08-26T08:00,ensemble,143,0.881,0.112,0.007,0
2026-08-25,성남시수정구,2026-08-26T08:00,icon_seamless_eps,40,1,0,0,0
2026-08-25,성남시수정구,2026-08-26T08:00,ncep_gefs_seamless,31,0.871,0.129,0,0
2026-08-25,성남시수정구,2026-08-26T08:00,ecmwf_ifs025_ensemble,51,0.824,0.157,0.02,0
2026-08-25,성남시수정구,2026-08-26T08:00,gem_global_ensemble,21,0.81,0.19,0,0
2026-08-25,성남시수정구,2026-08-26T09:00,ensemble,143,0.881,0.112,0.007,0
2026-08-25,성남시수정구,2026-08-26T09:00,icon_seamless_eps,40,1,0,0,0
2026-08-25,성남시수정구,2026-08-26T09:00,ncep_gefs_seamless,31,0.871,0.129,0,0
2026-08-25,성남시수정구,2026-08-26T09:00,ecmwf_ifs025_ensemble,51,0.824,0.157,0.02,0
2026-08-25,성남시수정구,2026-08-26T09:00,gem_global_ensemble,21,0.81,0.19,0,0
2026-08-25,성남시수정구,2026-08-26T10:00,ensemble,143,0.846,0.147,0.007,0
2026-08-25,성남시수정구,2026-08-26T10:00,icon_seamless_eps,40,1,0,0,0
2026-08-25,성남시수정구,2026-08-26T10:00,ncep_gefs_seamless,31,0.871,0.129,0,0
2026-08-25,성남시수정구,2026-08-26T10:00,ecmwf_ifs025_ensemble,51,0.706,0.294,0,0
2026-08-25,성남시수정구,2026-08-26T10:00,gem_global_ensemble,21,0.857,0.095,0.048,0
2026-08-25,성남시수정구,2026-08-26T11:00,ensemble,143,0.839,0.154,0.007,0
2026-08-25,성남시수정구,2026-08-26T11:00,icon_seamless_eps,40,0.975,0.025,0,0
2026-08-25,성남시수정구,2026-08-26T11:00,ncep_gefs_seamless,31,0.871,0.129,0,0
2026-08-25,성남시수정구,2026-08-26T11:00,ecmwf_ifs025_ensemble,51,0.706,0.294,0,0
2026-08-25,성남시수정구,2026-08-26T11:00,gem_global_ensemble,21,0.857,0.095,0.048,0
2026-08-25,성남시수정구,2026-08-26T12:00,ensemble,143,0.839,0.154,0.007,0
2026-08-25,성남시수정구,2026-08-26T12:00,icon_seamless_eps,40,0.975,0.025,0,0
2026-08-25,성남시수정구,2026-08-26T12:00,ncep_gefs_seamless,31,0.871,0.129,0,0
2026-08-25,성남시수정구,2026-08-26T12:00,ecmwf_ifs025_ensemble,51,0.706,0.294,0,0
2026-08-25,성남시수정구,2026-08-26T12:00,gem_global_ensemble,21,0.857,0.095,0.048,0
2026-08-25,성남시수정구,2026-08-26T13:00,ensemble,143,0.804,0.196,0,0
2026-08-25,성남시수정구,2026-08-26T13:00,icon_seamless_eps,40,0.95,0.05,0,0
2026-08-25,성남시수정구,2026-08-26T13:00,ncep_gefs_seamless,31,0.903,0.097,0,0
2026-08-25,성남시수정구,2026-08-26T13:00,ecmwf_ifs025_ensemble,51,0.588,0.412,0,0
2026-08-25,성남시수정구,2026-08-26T13:00,gem_global_ensemble,21,0.905,0.095,0,0
2026-08-25,성남시수정구,2026-08-26T14:00,ensemble,143,0.804,0.189,0.007,0
2026-08-25,성남시수정구,2026-08-26T14:00,icon_seamless_eps,40,0.95,0.025,0.025,0
2026-08-25,성남시수정구,2026-08-26T14:00,ncep_gefs_seamless,31,0.903,0.097,0,0
2026-08-25,성남시수정구,2026-08-26T14:00,ecmwf_ifs025_ensemble,51,0.588,0.412,0,0
2026-08-25,성남시수정구,2026-08-26T14:00,gem_global_ensemble,21,0.905,0.095,0,0
2026-08-25,성남시수정구,2026-08-26T15:00,ensemble,143,0.804,0.196,0,0
2026-08-25,성남시수정구,2026-08-26T15:00,icon_seamless_eps,40,0.95,0.05,0,0
2026-08-25,성남시수정구,2026-08-26T15:00,ncep_gefs_seamless,31,0.903,0.097,0,0
2026-08-25,성남시수정구,2026-08-26T15:00,ecmwf_ifs025_ensemble,51,0.588,0.412,0,0
2026-08-25,성남시수정구,2026-08-26T15:00,gem_global_ensemble,21,0.905,0.095,0,0
2026-08-25,성남시수정구,2026-08-26T16:00,ensemble,143,0.839,0.161,0,0
2026-08-25,성남시수정구,2026-08-26T16:00,icon_seamless_eps,40,1,0,0,0
2026-08-25,성남시수정구,2026-08-26T16:00,ncep_gefs_seamless,31,0.774,0.226,0,0
2026-08-25,성남시수정구,2026-08-26T16:00,ecmwf_ifs025_ensemble,51,0.686,0.314,0,0
2026-08-25,성남시수정구,2026-08-26T16:00,gem_global_ensemble,21,1,0,0,0
2026-08-25,성남시수정구,2026-08-26T17:00,ensemble,143,0.839,0.161,0,0
2026-08-25,성남시수정구,2026-08-26T17:00,icon_seamless_eps,40,1,0,0,0
2026-08-25,성남시수정구,2026-08-26T17:00,ncep_gefs_seamless,31,0.774,0.226,0,0
2026-08-25,성남시수정구,2026-08-26T17:00,ecmwf_ifs025_ensemble,51,0.686,0.314,0,0
2026-08-25,성남시수정구,2026-08-26T17:00,gem_global_ensemble,21,1,0,0,0
2026-08-25,성남시수정구,2026-08-26T18:00,ensemble,143,0.839,0.161,0,0
2026-08-25,성남시수정구,2026-08-26T18:00,icon_seamless_eps,40,1,0,0,0
2026-08-25,성남시수정구,2026-08-26T18:00,ncep_gefs_seamless,31,0.774,0.226,0,0
2026-08-25,성남시수정구,2026-08-26T18:00,ecmwf_ifs025_ensemble,51,0.686,0.314,0,0
2026-08-25,성남시수정구,2026-08-26T18:00,gem_global_ensemble,21,1,0,0,0
2026-08-25,성남시수정구,2026-08-26T19:00,ensemble,143,0.937,0.063,0,0
2026-08-25,성남시수정구,2026-08-26T19:00,icon_seamless_eps,40,1,0,0,0
2026-08-25,성남시수정구,2026-08-26T19:00,ncep_gefs_seamless,31,0.871,0.129,0,0
2026-08-25,성남시수정구,2026-08-26T19:00,ecmwf_ifs025_ensemble,51,0.902,0.098,0,0
2026-08-25,성남시수정구,2026-08-26T19:00,gem_global_ensemble,21,1,0,0,0
2026-08-25,성남시수정구,2026-08-26T20:00,ensemble,143,0.937,0.063,0,0
2026-08-25,성남시수정구,2026-08-26T20:00,icon_seamless_eps,40,1,0,0,0
2026-08-25,성남시수정구,2026-08-26T20:00,ncep_gefs_seamless,31,0.871,0.129,0,0
2026-08-25,성남시수정구,2026-08-26T20:00,ecmwf_ifs025_ensemble,51,0.902,0.098,0,0
2026-08-25,성남시수정구,2026-08-26T20:00,gem_global_ensemble,21,1,0,0,0
2026-08-25,성남시수정구,2026-08-26T21:00,ensemble,143,0.937,0.063,0,0
2026-08-25,성남시수정구,2026-08-26T21:00,icon_seamless_eps,40,1,0,0,0
2026-08-25,성남시수정구,2026-08-26T21:00,ncep_gefs_seamless,31,0.871,0.129,0,0
2026-08-25,성남시수정구,2026-08-26T21:00,ecmwf_ifs025_ensemble,51,0.902,0.098,0,0
2026-08-25,성남시수정구,2026-08-26T21:00,gem_global_ensemble,21,1,0,0,0
2026-08-25,성남시수정구,2026-08-26T22:00,ensemble,143,0.951,0.049,0,0
2026-08-25,성남시수정구,2026-08-26T22:00,icon_seamless_eps,40,1,0,0,0
2026-08-25,성남시수정구,2026-08-26T22:00,ncep_gefs_seamless,31,0.935,0.065,0,0
2026-08-25,성남시수정구,2026-08-26T22:00,ecmwf_ifs025_ensemble,51,0.902,0.098,0,0
2026-08-25,성남시수정구,2026-08-26T22:00,gem_global_ensemble,21,1,0,0,0
2026-08-25,성남시수정구,2026-08-26T23:00,ensemble,143,0.951,0.049,0,0
2026-08-25,성남시수정구,2026-08-26T23:00,icon_seamless_eps,40,1,0,0,0
2026-08-25,성남시수정구,2026-08-26T23:00,ncep_gefs_seamless,31,0.935,0.065,0,0
2026-08-25,성남시수정구,2026-08-26T23:00,ecmwf_ifs025_ensemble,51,0.902,0.098,0,0
2026-08-25,성남시수정구,2026-08-26T23:00,gem_global_ensemble,21,1,0,0,0
2026-08-26,수원시권선구,2026-08-26T00:00,ensemble,143,1,0,0,0
2026-08-26,수원시권선구,2026-08-26T00:00,icon_seamless_eps,40,1,0,0,0
2026-08-26,수원시권선구,2026-08-26T00:00,ncep_gefs_seamless,31,1,0,0,0
2026-08-26,수원시권선구,2026-08-26T00:00,ecmwf_ifs025_ensemble,51,1,0,0,0
2026-08-26,수원시권선구,2026-08-26T00:00,gem_global_ensemble,21,1,0,0,0
2026-08-26,수원시권선구,2026-08-26T01:00,ensemble,143,0.986,0.014,0,0
2026-08-26,수원시권선구,2026-08-26T01:00,icon_seamless_eps,40,1,0,0,0
2026-08-26,수원시권선구,2026-08-26T01:00,ncep_gefs_seamless,31,1,0,0,0
2026-08-26,수원시권선구,2026-08-26T01:00,ecmwf_ifs025_ensemble,51,0.961,0.039,0,0
2026-08-26,수원시권선구,2026-08-26T01:00,gem_global_ensemble,21,1,0,0,0
2026-08-26,수원시권선구,2026-08-26T02:00,ensemble,143,0.986,0.014,0,0
2026-08-26,수원시권선구,2026-08-26T02:00,icon_seamless_eps,40,1,0,0,0
2026-08-26,수원시권선구,2026-08-26T02:00,ncep_gefs_seamless,31,1,0,0,0
2026-08-26,수원시권선구,2026-08-26T02:00,ecmwf_ifs025_ensemble,51,0.961,0.039,0,0
2026-08-26,수원시권선구,2026-08-26T02:00,gem_global_ensemble,21,1,0,0,0
2026-08-26,수원시권선구,2026-08-26T03:00,ensemble,143,0.986,0.014,0,0
2026-08-26,수원시권선구,2026-08-26T03:00,icon_seamless_eps,40,1,0,0,0
2026-08-26,수원시권선구,2026-08-26T03:00,ncep_gefs_seamless,31,1,0,0,0
2026-08-26,수원시권선구,2026-08-26T03:00,ecmwf_ifs025_ensemble,51,0.961,0.039,0,0
2026-08-26,수원시권선구,2026-08-26T03:00,gem_global_ensemble,21,1,0,0,0
2026-08-26,수원시권선구,2026-08-26T04:00,ensemble,143,0.986,0.014,0,0
2026-08-26,수원시권선구,2026-08-26T04:00,icon_seamless_eps,40,1,0,0,0
2026-08-26,수원시권선구,2026-08-26T04:00,ncep_gefs_seamless,31,1,0,0,0
2026-08-26,수원시권선구,2026-08-26T04:00,ecmwf_ifs025_ensemble,51,0.961,0.039,0,0
2026-08-26,수원시권선구,2026-08-26T04:00,gem_global_ensemble,21,1,0,0,0
2026-08-26,수원시권선구,2026-08-26T05:00,ensemble,143,0.986,0.014,0,0
2026-08-26,수원시권선구,2026-08-26T05:00,icon_seamless_eps,40,1,0,0,0
2026-08-26,수원시권선구,2026-08-26T05:00,ncep_gefs_seamless,31,1,0,0,0
2026-08-26,수원시권선구,2026-08-26T05:00,ecmwf_ifs025_ensemble,51,0.961,0.039,0,0
2026-08-26,수원시권선구,2026-08-26T05:00,gem_global_ensemble,21,1,0,0,0
2026-08-26,수원시권선구,2026-08-26T06:00,ensemble,143,0.986,0.014,0,0
2026-08-26,수원시권선구,2026-08-26T06:00,icon_seamless_eps,40,1,0,0,0
2026-08-26,수원시권선구,2026-08-26T06:00,ncep_gefs_seamless,31,1,0,0,0
2026-08-26,수원시권선구,2026-08-26T06:00,ecmwf_ifs025_ensemble,51,0.961,0.039,0,0
2026-08-26,수원시권선구,2026-08-26T06:00,gem_global_ensemble,21,1,0,0,0
2026-08-26,수원시권선구,2026-08-26T07:00,ensemble,143,0.972,0.028,0,0
2026-08-26,수원시권선구,2026-08-26T07:00,icon_seamless_eps,40,1,0,0,0
2026-08-26,수원시권선구,2026-08-26T07:00,ncep_gefs_seamless,31,1,0,0,0
2026-08-26,수원시권선구,2026-08-26T07:00,ecmwf_ifs025_ensemble,51,0.922,0.078,0,0
2026-08-26,수원시권선구,2026-08-26T07:00,gem_global_ensemble,21,1,0,0,0
2026-08-26,수원시권선구,2026-08-26T08:00,ensemble,143,0.972,0.028,0,0
2026-08-26,수원시권선구,2026-08-26T08:00,icon_seamless_eps,40,1,0,0,0
2026-08-26,수원시권선구,2026-08-26T08:00,ncep_gefs_seamless,31,1,0,0,0
2026-08-26,수원시권선구,2026-08-26T08:00,ecmwf_ifs025_ensemble,51,0.922,0.078,0,0
2026-08-26,수원시권선구,2026-08-26T08:00,gem_global_ensemble,21,1,0,0,0
2026-08-26,수원시권선구,2026-08-26T09:00,ensemble,143,0.972,0.028,0,0
2026-08-26,수원시권선구,2026-08-26T09:00,icon_seamless_eps,40,1,0,0,0
2026-08-26,수원시권선구,2026-08-26T09:00,ncep_gefs_seamless,31,1,0,0,0
2026-08-26,수원시권선구,2026-08-26T09:00,ecmwf_ifs025_ensemble,51,0.922,0.078,0,0
2026-08-26,수원시권선구,2026-08-26T09:00,gem_global_ensemble,21,1,0,0,0
2026-08-26,수원시권선구,2026-08-26T10:00,ensemble,143,0.958,0.042,0,0
2026-08-26,수원시권선구,2026-08-26T10:00,icon_seamless_eps,40,1,0,0,0
2026-08-26,수원시권선구,2026-08-26T10:00,ncep_gefs_seamless,31,1,0,0,0
2026-08-26,수원시권선구,2026-08-26T10:00,ecmwf_ifs025_ensemble,51,0.882,0.118,0,0
2026-08-26,수원시권선구,2026-08-26T10:00,gem_global_ensemble,21,1,0,0,0
2026-08-26,수원시권선구,2026-08-26T11:00,ensemble,143,0.958,0.042,0,0
2026-08-26,수원시권선구,2026-08-26T11:00,icon_seamless_eps,40,1,0,0,0
2026-08-26,수원시권선구,2026-08-26T11:00,ncep_gefs_seamless,31,1,0,0,0
2026-08-26,수원시권선구,2026-08-26T11:00,ecmwf_ifs025_ensemble,51,0.882,0.118,0,0
2026-08-26,수원시권선구,2026-08-26T11:00,gem_global_ensemble,21,1,0,0,0
2026-08-26,수원시권선구,2026-08-26T12:00,ensemble,143,0.958,0.042,0,0
2026-08-26,수원시권선구,2026-08-26T12:00,icon_seamless_eps,40,1,0,0,0
2026-08-26,수원시권선구,2026-08-26T12:00,ncep_gefs_seamless,31,1,0,0,0
2026-08-26,수원시권선구,2026-08-26T12:00,ecmwf_ifs025_ensemble,51,0.882,0.118,0,0
2026-08-26,수원시권선구,2026-08-26T12:00,gem_global_ensemble,21,1,0,0,0
2026-08-26,수원시권선구,2026-08-26T13:00,ensemble,143,0.944,0.056,0,0
2026-08-26,수원시권선구,2026-08-26T13:00,icon_seamless_eps,40,1,0,0,0
2026-08-26,수원시권선구,2026-08-26T13:00,ncep_gefs_seamless,31,0.968,0.032,0,0
2026-08-26,수원시권선구,2026-08-26T13:00,ecmwf_ifs025_ensemble,51,0.863,0.137,0,0
2026-08-26,수원시권선구,2026-08-26T13:00,gem_global_ensemble,21,1,0,0,0
2026-08-26,수원시권선구,2026-08-26T14:00,ensemble,143,0.944,0.056,0,0
2026-08-26,수원시권선구,2026-08-26T14:00,icon_seamless_eps,40,1,0,0,0
2026-08-26,수원시권선구,2026-08-26T14:00,ncep_gefs_seamless,31,0.968,0.032,0,0
2026-08-26,수원시권선구,2026-08-26T14:00,ecmwf_ifs025_ensemble,51,0.863,0.137,0,0
2026-08-26,수원시권선구,2026-08-26T14:00,gem_global_ensemble,21,1,0,0,0
2026-08-26,수원시권선구,2026-08-26T15:00,ensemble,143,0.944,0.056,0,0
2026-08-26,수원시권선구,2026-08-26T15:00,icon_seamless_eps,40,1,0,0,0
2026-08-26,수원시권선구,2026-08-26T15:00,ncep_gefs_seamless,31,0.968,0.032,0,0
2026-08-26,수원시권선구,2026-08-26T15:00,ecmwf_ifs025_ensemble,51,0.863,0.137,0,0
2026-08-26,수원시권선구,2026-08-26T15:00,gem_global_ensemble,21,1,0,0,0
2026-08-26,수원시권선구,2026-08-26T16:00,ensemble,143,0.993,0.007,0,0
2026-08-26,수원시권선구,2026-08-26T16:00,icon_seamless_eps,40,1,0,0,0
2026-08-26,수원시권선구,2026-08-26T16:00,ncep_gefs_seamless,31,0.968,0.032,0,0
2026-08-26,수원시권선구,2026-08-26T16:00,ecmwf_ifs025_ensemble,51,1,0,0,0
2026-08-26,수원시권선구,2026-08-26T16:00,gem_global_ensemble,21,1,0,0,0
2026-08-26,수원시권선구,2026-08-26T17:00,ensemble,143,0.993,0.007,0,0
2026-08-26,수원시권선구,2026-08-26T17:00,icon_seamless_eps,40,1,0,0,0
2026-08-26,수원시권선구,2026-08-26T17:00,ncep_gefs_seamless,31,0.968,0.032,0,0
2026-08-26,수원시권선구,2026-08-26T17:00,ecmwf_ifs025_ensemble,51,1,0,0,0
2026-08-26,수원시권선구,2026-08-26T17:00,gem_global_ensemble,21,1,0,0,0
2026-08-26,수원시권선구,2026-08-26T18:00,ensemble,143,0.993,0.007,0,0
2026-08-26,수원시권선구,2026-08-26T18:00,icon_seamless_eps,40,1,0,0,0
2026-08-26,수원시권선구,2026-08-26T18:00,ncep_gefs_seamless,31,0.968,0.032,0,0
2026-08-26,수원시권선구,2026-08-26T18:00,ecmwf_ifs025_ensemble,51,1,0,0,0
2026-08-26,수원시권선구,2026-08-26T18:00,gem_global_ensemble,21,1,0,0,0
2026-08-26,수원시권선구,2026-08-26T19:00,ensemble,143,1,0,0,0
2026-08-26,수원시권선구,2026-08-26T19:00,icon_seamless_eps,40,1,0,0,0
2026-08-26,수원시권선구,2026-08-26T19:00,ncep_gefs_seamless,31,1,0,0,0
2026-08-26,수원시권선구,2026-08-26T19:00,ecmwf_ifs025_ensemble,51,1,0,0,0
2026-08-26,수원시권선구,2026-08-26T19:00,gem_global_ensemble,21,1,0,0,0
2026-08-26,수원시권선구,2026-08-26T20:00,ensemble,143,1,0,0,0
2026-08-26,수원시권선구,2026-08-26T20:00,icon_seamless_eps,40,1,0,0,0
2026-08-26,수원시권선구,2026-08-26T20:00,ncep_gefs_seamless,31,1,0,0,0
2026-08-26,수원시권선구,2026-08-26T20:00,ecmwf_ifs025_ensemble,51,1,0,0,0
2026-08-26,수원시권선구,2026-08-26T20:00,gem_global_ensemble,21,1,0,0,0
2026-08-26,수원시권선구,2026-08-26T21:00,ensemble,143,1,0,0,0
2026-08-26,수원시권선구,2026-08-26T21:00,icon_seamless_eps,40,1,0,0,0
2026-08-26,수원시권선구,2026-08-26T21:00,ncep_gefs_seamless,31,1,0,0,0
2026-08-26,수원시권선구,2026-08-26T21:00,ecmwf_ifs025_ensemble,51,1,0,0,0
2026-08-26,수원시권선구,2026-08-26T21:00,gem_global_ensemble,21,1,0,0,0
2026-08-26,수원시권선구,2026-08-26T22:00,ensemble,143,0.993,0.007,0,0
2026-08-26,수원시권선구,2026-08-26T22:00,icon_seamless_eps,40,1,0,0,0
2026-08-26,수원시권선구,2026-08-26T22:00,ncep_gefs_seamless,31,1,0,0,0
2026-08-26,수원시권선구,2026-08-26T22:00,ecmwf_ifs025_ensemble,51,0.98,0.02,0,0
2026-08-26,수원시권선구,2026-08-26T22:00,gem_global_ensemble,21,1,0,0,0
2026-08-26,수원시권선구,2026-08-26T23:00,ensemble,143,0.993,0.007,0,0
2026-08-26,수원시권선구,2026-08-26T23:00,icon_seamless_eps,40,1,0,0,0
2026-08-26,수원시권선구,2026-08-26T23:00,ncep_gefs_seamless,31,1,0,0,0
2026-08-26,수원시권선구,2026-08-26T23:00,ecmwf_ifs025_ensemble,51,0.98,0.02,0,0
2026-08-26,수원시권선구,2026-08-26T23:00,gem_global_ensemble,21,1,0,0,0
2026-08-26,수원시권선구,2026-08-27T00:00,ensemble,143,0.993,0.007,0,0
2026-08-26,수원시권선구,2026-08-27T00:00,icon_seamless_eps,40,1,0,0,0
2026-08-26,수원시권선구,2026-08-27T00:00,ncep_gefs_seamless,31,1,0,0,0
2026-08-26,수원시권선구,2026-08-27T00:00,ecmwf_ifs025_ensemble,51,0.98,0.02,0,0
2026-08-26,수원시권선구,2026-08-27T00:00,gem_global_ensemble,21,1,0,0,0
2026-08-26,수원시권선구,2026-08-27T01:00,ensemble,143,0.979,0.021,0,0
2026-08-26,수원시권선구,2026-08-27T01:00,icon_seamless_eps,40,1,0,0,0
2026-08-26,수원시권선구,2026-08-27T01:00,ncep_gefs_seamless,31,0.968,0.032,0,0
2026-08-26,수원시권선구,2026-08-27T01:00,ecmwf_ifs025_ensemble,51,1,0,0,0
2026-08-26,수원시권선구,2026-08-27T01:00,gem_global_ensemble,21,0.905,0.095,0,0
2026-08-26,수원시권선구,2026-08-27T02:00,ensemble,143,0.979,0.021,0,0
2026-08-26,수원시권선구,2026-08-27T02:00,icon_seamless_eps,40,1,0,0,0
2026-08-26,수원시권선구,2026-08-27T02:00,ncep_gefs_seamless,31,0.968,0.032,0,0
2026-08-26,수원시권선구,2026-08-27T02:00,ecmwf_ifs025_ensemble,51,1,0,0,0
2026-08-26,수원시권선구,2026-08-27T02:00,gem_global_ensemble,21,0.905,0.095,0,0
2026-08-26,수원시권선구,2026-08-27T03:00,ensemble,143,0.979,0.021,0,0
2026-08-26,수원시권선구,2026-08-27T03:00,icon_seamless_eps,40,1,0,0,0
2026-08-26,수원시권선구,2026-08-27T03:00,ncep_gefs_seamless,31,0.968,0.032,0,0
2026-08-26,수원시권선구,2026-08-27T03:00,ecmwf_ifs025_ensemble,51,1,0,0,0
2026-08-26,수원시권선구,2026-08-27T03:00,gem_global_ensemble,21,0.905,0.095,0,0
2026-08-26,수원시권선구,2026-08-27T04:00,ensemble,143,0.979,0.021,0,0
2026-08-26,수원시권선구,2026-08-27T04:00,icon_seamless_eps,40,1,0,0,0
2026-08-26,수원시권선구,2026-08-27T04:00,ncep_gefs_seamless,31,0.968,0.032,0,0
2026-08-26,수원시권선구,2026-08-27T04:00,ecmwf_ifs025_ensemble,51,0.961,0.039,0,0
2026-08-26,수원시권선구,2026-08-27T04:00,gem_global_ensemble,21,1,0,0,0
2026-08-26,수원시권선구,2026-08-27T05:00,ensemble,143,0.979,0.021,0,0
2026-08-26,수원시권선구,2026-08-27T05:00,icon_seamless_eps,40,1,0,0,0
2026-08-26,수원시권선구,2026-08-27T05:00,ncep_gefs_seamless,31,0.968,0.032,0,0
2026-08-26,수원시권선구,2026-08-27T05:00,ecmwf_ifs025_ensemble,51,0.961,0.039,0,0
2026-08-26,수원시권선구,2026-08-27T05:00,gem_global_ensemble,21,1,0,0,0
2026-08-26,수원시권선구,2026-08-27T06:00,ensemble,143,0.979,0.021,0,0
2026-08-26,수원시권선구,2026-08-27T06:00,icon_seamless_eps,40,1,0,0,0
2026-08-26,수원시권선구,2026-08-27T06:00,ncep_gefs_seamless,31,0.968,0.032,0,0
2026-08-26,수원시권선구,2026-08-27T06:00,ecmwf_ifs025_ensemble,51,0.961,0.039,0,0
2026-08-26,수원시권선구,2026-08-27T06:00,gem_global_ensemble,21,1,0,0,0
2026-08-26,수원시권선구,2026-08-27T07:00,ensemble,143,0.853,0.147,0,0
2026-08-26,수원시권선구,2026-08-27T07:00,icon_seamless_eps,40,0.975,0.025,0,0
2026-08-26,수원시권선구,2026-08-27T07:00,ncep_gefs_seamless,31,0.935,0.065,0,0
2026-08-26,수원시권선구,2026-08-27T07:00,ecmwf_ifs025_ensemble,51,0.647,0.353,0,0
2026-08-26,수원시권선구,2026-08-27T07:00,gem_global_ensemble,21,1,0,0,0
2026-08-26,수원시권선구,2026-08-27T08:00,ensemble,143,0.853,0.147,0,0
2026-08-26,수원시권선구,2026-08-27T08:00,icon_seamless_eps,40,0.975,0.025,0,0
2026-08-26,수원시권선구,2026-08-27T08:00,ncep_gefs_seamless,31,0.935,0.065,0,0
2026-08-26,수원시권선구,2026-08-27T08:00,ecmwf_ifs025_ensemble,51,0.647,0.353,0,0
2026-08-26,수원시권선구,2026-08-27T08:00,gem_global_ensemble,21,1,0,0,0
2026-08-26,수원시권선구,2026-08-27T09:00,ensemble,143,0.846,0.154,0,0
2026-08-26,수원시권선구,2026-08-27T09:00,icon_seamless_eps,40,0.95,0.05,0,0
2026-08-26,수원시권선구,2026-08-27T09:00,ncep_gefs_seamless,31,0.935,0.065,0,0
2026-08-26,수원시권선구,2026-08-27T09:00,ecmwf_ifs025_ensemble,51,0.647,0.353,0,0
2026-08-26,수원시권선구,2026-08-27T09:00,gem_global_ensemble,21,1,0,0,0
2026-08-26,수원시권선구,2026-08-27T10:00,ensemble,143,0.79,0.196,0.014,0
2026-08-26,수원시권선구,2026-08-27T10:00,icon_seamless_eps,40,0.95,0.025,0.025,0
2026-08-26,수원시권선구,2026-08-27T10:00,ncep_gefs_seamless,31,0.968,0.032,0,0
2026-08-26,수원시권선구,2026-08-27T10:00,ecmwf_ifs025_ensemble,51,0.51,0.471,0.02,0
2026-08-26,수원시권선구,2026-08-27T10:00,gem_global_ensemble,21,0.905,0.095,0,0
2026-08-26,수원시권선구,2026-08-27T11:00,ensemble,143,0.783,0.203,0.014,0
2026-08-26,수원시권선구,2026-08-27T11:00,icon_seamless_eps,40,0.925,0.05,0.025,0
2026-08-26,수원시권선구,2026-08-27T11:00,ncep_gefs_seamless,31,0.968,0.032,0,0
2026-08-26,수원시권선구,2026-08-27T11:00,ecmwf_ifs025_ensemble,51,0.51,0.471,0.02,0
2026-08-26,수원시권선구,2026-08-27T11:00,gem_global_ensemble,21,0.905,0.095,0,0
2026-08-26,수원시권선구,2026-08-27T12:00,ensemble,143,0.79,0.189,0.021,0
2026-08-26,수원시권선구,2026-08-27T12:00,icon_seamless_eps,40,0.95,0,0.05,0
2026-08-26,수원시권선구,2026-08-27T12:00,ncep_gefs_seamless,31,0.968,0.032,0,0
2026-08-26,수원시권선구,2026-08-27T12:00,ecmwf_ifs025_ensemble,51,0.51,0.471,0.02,0
2026-08-26,수원시권선구,2026-08-27T12:00,gem_global_ensemble,21,0.905,0.095,0,0
2026-08-26,수원시권선구,2026-08-27T13:00,ensemble,143,0.79,0.21,0,0
2026-08-26,수원시권선구,2026-08-27T13:00,icon_seamless_eps,40,0.95,0.05,0,0
2026-08-26,수원시권선구,2026-08-27T13:00,ncep_gefs_seamless,31,0.903,0.097,0,0
2026-08-26,수원시권선구,2026-08-27T13:00,ecmwf_ifs025_ensemble,51,0.569,0.431,0,0
2026-08-26,수원시권선구,2026-08-27T13:00,gem_global_ensemble,21,0.857,0.143,0,0
2026-08-26,수원시권선구,2026-08-27T14:00,ensemble,143,0.783,0.217,0,0
2026-08-26,수원시권선구,2026-08-27T14:00,icon_seamless_eps,40,0.925,0.075,0,0
2026-08-26,수원시권선구,2026-08-27T14:00,ncep_gefs_seamless,31,0.903,0.097,0,0
2026-08-26,수원시권선구,2026-08-27T14:00,ecmwf_ifs025_ensemble,51,0.569,0.431,0,0
2026-08-26,수원시권선구,2026-08-27T14:00,gem_global_ensemble,21,0.857,0.143,0,0
2026-08-26,수원시권선구,2026-08-27T15:00,ensemble,143,0.797,0.203,0,0
2026-08-26,수원시권선구,2026-08-27T15:00,icon_seamless_eps,40,0.975,0.025,0,0
2026-08-26,수원시권선구,2026-08-27T15:00,ncep_gefs_seamless,31,0.903,0.097,0,0
2026-08-26,수원시권선구,2026-08-27T15:00,ecmwf_ifs025_ensemble,51,0.569,0.431,0,0
2026-08-26,수원시권선구,2026-08-27T15:00,gem_global_ensemble,21,0.857,0.143,0,0
2026-08-26,수원시권선구,2026-08-27T16:00,ensemble,143,0.888,0.112,0,0
2026-08-26,수원시권선구,2026-08-27T16:00,icon_seamless_eps,40,0.975,0.025,0,0
2026-08-26,수원시권선구,2026-08-27T16:00,ncep_gefs_seamless,31,0.935,0.065,0,0
2026-08-26,수원시권선구,2026-08-27T16:00,ecmwf_ifs025_ensemble,51,0.765,0.235,0,0
2026-08-26,수원시권선구,2026-08-27T16:00,gem_global_ensemble,21,0.952,0.048,0,0
2026-08-26,수원시권선구,2026-08-27T17:00,ensemble,143,0.888,0.112,0,0
2026-08-26,수원시권선구,2026-08-27T17:00,icon_seamless_eps,40,0.975,0.025,0,0
2026-08-26,수원시권선구,2026-08-27T17:00,ncep_gefs_seamless,31,0.935,0.065,0,0
2026-08-26,수원시권선구,2026-08-27T17:00,ecmwf_ifs025_ensemble,51,0.765,0.235,0,0
2026-08-26,수원시권선구,2026-08-27T17:00,gem_global_ensemble,21,0.952,0.048,0,0
2026-08-26,수원시권선구,2026-08-27T18:00,ensemble,143,0.888,0.112,0,0
2026-08-26,수원시권선구,2026-08-27T18:00,icon_seamless_eps,40,0.975,0.025,0,0
2026-08-26,수원시권선구,2026-08-27T18:00,ncep_gefs_seamless,31,0.935,0.065,0,0
2026-08-26,수원시권선구,2026-08-27T18:00,ecmwf_ifs025_ensemble,51,0.765,0.235,0,0
2026-08-26,수원시권선구,2026-08-27T18:00,gem_global_ensemble,21,0.952,0.048,0,0
2026-08-26,수원시권선구,2026-08-27T19:00,ensemble,143,0.965,0.035,0,0
2026-08-26,수원시권선구,2026-08-27T19:00,icon_seamless_eps,40,1,0,0,0
2026-08-26,수원시권선구,2026-08-27T19:00,ncep_gefs_seamless,31,1,0,0,0
2026-08-26,수원시권선구,2026-08-27T19:00,ecmwf_ifs025_ensemble,51,0.922,0.078,0,0
2026-08-26,수원시권선구,2026-08-27T19:00,gem_global_ensemble,21,0.952,0.048,0,0
2026-08-26,수원시권선구,2026-08-27T20:00,ensemble,143,0.965,0.035,0,0
2026-08-26,수원시권선구,2026-08-27T20:00,icon_seamless_eps,40,1,0,0,0
2026-08-26,수원시권선구,2026-08-27T20:00,ncep_gefs_seamless,31,1,0,0,0
2026-08-26,수원시권선구,2026-08-27T20:00,ecmwf_ifs025_ensemble,51,0.922,0.078,0,0
2026-08-26,수원시권선구,2026-08-27T20:00,gem_global_ensemble,21,0.952,0.048,0,0
2026-08-26,수원시권선구,2026-08-27T21:00,ensemble,143,0.965,0.035,0,0
2026-08-26,수원시권선구,2026-08-27T21:00,icon_seamless_eps,40,1,0,0,0
2026-08-26,수원시권선구,2026-08-27T21:00,ncep_gefs_seamless,31,1,0,0,0
2026-08-26,수원시권선구,2026-08-27T21:00,ecmwf_ifs025_ensemble,51,0.922,0.078,0,0
2026-08-26,수원시권선구,2026-08-27T21:00,gem_global_ensemble,21,0.952,0.048,0,0
2026-08-26,수원시권선구,2026-08-27T22:00,ensemble,143,0.951,0.049,0,0
2026-08-26,수원시권선구,2026-08-27T22:00,icon_seamless_eps,40,1,0,0,0
2026-08-26,수원시권선구,2026-08-27T22:00,ncep_gefs_seamless,31,1,0,0,0
2026-08-26,수원시권선구,2026-08-27T22:00,ecmwf_ifs025_ensemble,51,0.863,0.137,0,0
2026-08-26,수원시권선구,2026-08-27T22:00,gem_global_ensemble,21,1,0,0,0
2026-08-26,수원시권선구,2026-08-27T23:00,ensemble,143,0.951,0.049,0,0
2026-08-26,수원시권선구,2026-08-27T23:00,icon_seamless_eps,40,1,0,0,0
2026-08-26,수원시권선구,2026-08-27T23:00,ncep_gefs_seamless,31,1,0,0,0
2026-08-26,수원시권선구,2026-08-27T23:00,ecmwf_ifs025_ensemble,51,0.863,0.137,0,0
2026-08-26,수원시권선구,2026-08-27T23:00,gem_global_ensemble,21,1,0,0,0
2026-08-26,성남시수정구,2026-08-26T00:00,ensemble,143,0.993,0.007,0,0
2026-08-26,성남시수정구,2026-08-26T00:00,icon_seamless_eps,40,1,0,0,0
2026-08-26,성남시수정구,2026-08-26T00:00,ncep_gefs_seamless,31,1,0,0,0
2026-08-26,성남시수정구,2026-08-26T00:00,ecmwf_ifs025_ensemble,51,0.98,0.02,0,0
2026-08-26,성남시수정구,2026-08-26T00:00,gem_global_ensemble,21,1,0,0,0
2026-08-26,성남시수정구,2026-08-26T01:00,ensemble,143,0.986,0.014,0,0
2026-08-26,성남시수정구,2026-08-26T01:00,icon_seamless_eps,40,1,0,0,0
2026-08-26,성남시수정구,2026-08-26T01:00,ncep_gefs_seamless,31,0.968,0.032,0,0
2026-08-26,성남시수정구,2026-08-26T01:00,ecmwf_ifs025_ensemble,51,0.98,0.02,0,0
2026-08-26,성남시수정구,2026-08-26T01:00,gem_global_ensemble,21,1,0,0,0
2026-08-26,성남시수정구,2026-08-26T02:00,ensemble,143,0.986,0.014,0,0
2026-08-26,성남시수정구,2026-08-26T02:00,icon_seamless_eps,40,1,0,0,0
2026-08-26,성남시수정구,2026-08-26T02:00,ncep_gefs_seamless,31,0.968,0.032,0,0
2026-08-26,성남시수정구,2026-08-26T02:00,ecmwf_ifs025_ensemble,51,0.98,0.02,0,0
2026-08-26,성남시수정구,2026-08-26T02:00,gem_global_ensemble,21,1,0,0,0
2026-08-26,성남시수정구,2026-08-26T03:00,ensemble,143,0.986,0.014,0,0
2026-08-26,성남시수정구,2026-08-26T03:00,icon_seamless_eps,40,1,0,0,0
2026-08-26,성남시수정구,2026-08-26T03:00,ncep_gefs_seamless,31,0.968,0.032,0,0
2026-08-26,성남시수정구,2026-08-26T03:00,ecmwf_ifs025_ensemble,51,0.98,0.02,0,0
2026-08-26,성남시수정구,2026-08-26T03:00,gem_global_ensemble,21,1,0,0,0
2026-08-26,성남시수정구,2026-08-26T04:00,ensemble,143,0.972,0.028,0,0
2026-08-26,성남시수정구,2026-08-26T04:00,icon_seamless_eps,40,1,0,0,0
2026-08-26,성남시수정구,2026-08-26T04:00,ncep_gefs_seamless,31,0.935,0.065,0,0
2026-08-26,성남시수정구,2026-08-26T04:00,ecmwf_ifs025_ensemble,51,0.961,0.039,0,0
2026-08-26,성남시수정구,2026-08-26T04:00,gem_global_ensemble,21,1,0,0,0
2026-08-26,성남시수정구,2026-08-26T05:00,ensemble,143,0.972,0.028,0,0
2026-08-26,성남시수정구,2026-08-26T05:00,icon_seamless_eps,40,1,0,0,0
2026-08-26,성남시수정구,2026-08-26T05:00,ncep_gefs_seamless,31,0.935,0.065,0,0
2026-08-26,성남시수정구,2026-08-26T05:00,ecmwf_ifs025_ensemble,51,0.961,0.039,0,0
2026-08-26,성남시수정구,2026-08-26T05:00,gem_global_ensemble,21,1,0,0,0
2026-08-26,성남시수정구,2026-08-26T06:00,ensemble,143,0.972,0.028,0,0
2026-08-26,성남시수정구,2026-08-26T06:00,icon_seamless_eps,40,1,0,0,0
2026-08-26,성남시수정구,2026-08-26T06:00,ncep_gefs_seamless,31,0.935,0.065,0,0
2026-08-26,성남시수정구,2026-08-26T06:00,ecmwf_ifs025_ensemble,51,0.961,0.039,0,0
2026-08-26,성남시수정구,2026-08-26T06:00,gem_global_ensemble,21,1,0,0,0
2026-08-26,성남시수정구,2026-08-26T07:00,ensemble,143,0.965,0.035,0,0
2026-08-26,성남시수정구,2026-08-26T07:00,icon_seamless_eps,40,1,0,0,0
2026-08-26,성남시수정구,2026-08-26T07:00,ncep_gefs_seamless,31,1,0,0,0
2026-08-26,성남시수정구,2026-08-26T07:00,ecmwf_ifs025_ensemble,51,0.902,0.098,0,0
2026-08-26,성남시수정구,2026-08-26T07:00,gem_global_ensemble,21,1,0,0,0
2026-08-26,성남시수정구,2026-08-26T08:00,ensemble,143,0.965,0.035,0,0
2026-08-26,성남시수정구,2026-08-26T08:00,icon_seamless_eps,40,1,0,0,0
2026-08-26,성남시수정구,2026-08-26T08:00,ncep_gefs_seamless,31,1,0,0,0
2026-08-26,성남시수정구,2026-08-26T08:00,ecmwf_ifs025_ensemble,51,0.902,0.098,0,0
2026-08-26,성남시수정구,2026-08-26T08:00,gem_global_ensemble,21,1,0,0,0
2026-08-26,성남시수정구,2026-08-26T09:00,ensemble,143,0.965,0.035,0,0
2026-08-26,성남시수정구,2026-08-26T09:00,icon_seamless_eps,40,1,0,0,0
2026-08-26,성남시수정구,2026-08-26T09:00,ncep_gefs_seamless,31,1,0,0,0
2026-08-26,성남시수정구,2026-08-26T09:00,ecmwf_ifs025_ensemble,51,0.902,0.098,0,0
2026-08-26,성남시수정구,2026-08-26T09:00,gem_global_ensemble,21,1,0,0,0
2026-08-26,성남시수정구,2026-08-26T10:00,ensemble,143,0.93,0.07,0,0
2026-08-26,성남시수정구,2026-08-26T10:00,icon_seamless_eps,40,1,0,0,0
2026-08-26,성남시수정구,2026-08-26T10:00,ncep_gefs_seamless,31,1,0,0,0
2026-08-26,성남시수정구,2026-08-26T10:00,ecmwf_ifs025_ensemble,51,0.804,0.196,0,0
2026-08-26,성남시수정구,2026-08-26T10:00,gem_global_ensemble,21,1,0,0,0
2026-08-26,성남시수정구,2026-08-26T11:00,ensemble,143,0.93,0.07,0,0
2026-08-26,성남시수정구,2026-08-26T11:00,icon_seamless_eps,40,1,0,0,0
2026-08-26,성남시수정구,2026-08-26T11:00,ncep_gefs_seamless,31,1,0,0,0
2026-08-26,성남시수정구,2026-08-26T11:00,ecmwf_ifs025_ensemble,51,0.804,0.196,0,0
2026-08-26,성남시수정구,2026-08-26T11:00,gem_global_ensemble,21,1,0,0,0
2026-08-26,성남시수정구,2026-08-26T12:00,ensemble,143,0.93,0.07,0,0
2026-08-26,성남시수정구,2026-08-26T12:00,icon_seamless_eps,40,1,0,0,0
2026-08-26,성남시수정구,2026-08-26T12:00,ncep_gefs_seamless,31,1,0,0,0
2026-08-26,성남시수정구,2026-08-26T12:00,ecmwf_ifs025_ensemble,51,0.804,0.196,0,0
2026-08-26,성남시수정구,2026-08-26T12:00,gem_global_ensemble,21,1,0,0,0
2026-08-26,성남시수정구,2026-08-26T13:00,ensemble,143,0.86,0.14,0,0
2026-08-26,성남시수정구,2026-08-26T13:00,icon_seamless_eps,40,1,0,0,0
2026-08-26,성남시수정구,2026-08-26T13:00,ncep_gefs_seamless,31,0.806,0.194,0,0
2026-08-26,성남시수정구,2026-08-26T13:00,ecmwf_ifs025_ensemble,51,0.725,0.275,0,0
2026-08-26,성남시수정구,2026-08-26T13:00,gem_global_ensemble,21,1,0,0,0
2026-08-26,성남시수정구,2026-08-26T14:00,ensemble,143,0.86,0.14,0,0
2026-08-26,성남시수정구,2026-08-26T14:00,icon_seamless_eps,40,1,0,0,0
2026-08-26,성남시수정구,2026-08-26T14:00,ncep_gefs_seamless,31,0.806,0.194,0,0
2026-08-26,성남시수정구,2026-08-26T14:00,ecmwf_ifs025_ensemble,51,0.725,0.275,0,0
2026-08-26,성남시수정구,2026-08-26T14:00,gem_global_ensemble,21,1,0,0,0
2026-08-26,성남시수정구,2026-08-26T15:00,ensemble,143,0.86,0.14,0,0
2026-08-26,성남시수정구,2026-08-26T15:00,icon_seamless_eps,40,1,0,0,0
2026-08-26,성남시수정구,2026-08-26T15:00,ncep_gefs_seamless,31,0.806,0.194,0,0
2026-08-26,성남시수정구,2026-08-26T15:00,ecmwf_ifs025_ensemble,51,0.725,0.275,0,0
2026-08-26,성남시수정구,2026-08-26T15:00,gem_global_ensemble,21,1,0,0,0
2026-08-26,성남시수정구,2026-08-26T16:00,ensemble,143,0.881,0.119,0,0
2026-08-26,성남시수정구,2026-08-26T16:00,icon_seamless_eps,40,1,0,0,0
2026-08-26,성남시수정구,2026-08-26T16:00,ncep_gefs_seamless,31,0.71,0.29,0,0
2026-08-26,성남시수정구,2026-08-26T16:00,ecmwf_ifs025_ensemble,51,0.843,0.157,0,0
2026-08-26,성남시수정구,2026-08-26T16:00,gem_global_ensemble,21,1,0,0,0
2026-08-26,성남시수정구,2026-08-26T17:00,ensemble,143,0.881,0.119,0,0
2026-08-26,성남시수정구,2026-08-26T17:00,icon_seamless_eps,40,1,0,0,0
2026-08-26,성남시수정구,2026-08-26T17:00,ncep_gefs_seamless,31,0.71,0.29,0,0
2026-08-26,성남시수정구,2026-08-26T17:00,ecmwf_ifs025_ensemble,51,0.843,0.157,0,0
2026-08-26,성남시수정구,2026-08-26T17:00,gem_global_ensemble,21,1,0,0,0
2026-08-26,성남시수정구,2026-08-26T18:00,ensemble,143,0.881,0.119,0,0
2026-08-26,성남시수정구,2026-08-26T18:00,icon_seamless_eps,40,1,0,0,0
2026-08-26,성남시수정구,2026-08-26T18:00,ncep_gefs_seamless,31,0.71,0.29,0,0
2026-08-26,성남시수정구,2026-08-26T18:00,ecmwf_ifs025_ensemble,51,0.843,0.157,0,0
2026-08-26,성남시수정구,2026-08-26T18:00,gem_global_ensemble,21,1,0,0,0
2026-08-26,성남시수정구,2026-08-26T19:00,ensemble,143,0.986,0.014,0,0
2026-08-26,성남시수정구,2026-08-26T19:00,icon_seamless_eps,40,1,0,0,0
2026-08-26,성남시수정구,2026-08-26T19:00,ncep_gefs_seamless,31,0.968,0.032,0,0
2026-08-26,성남시수정구,2026-08-26T19:00,ecmwf_ifs025_ensemble,51,0.98,0.02,0,0
2026-08-26,성남시수정구,2026-08-26T19:00,gem_global_ensemble,21,1,0,0,0
2026-08-26,성남시수정구,2026-08-26T20:00,ensemble,143,0.986,0.014,0,0
2026-08-26,성남시수정구,2026-08-26T20:00,icon_seamless_eps,40,1,0,0,0
2026-08-26,성남시수정구,2026-08-26T20:00,ncep_gefs_seamless,31,0.968,0.032,0,0
2026-08-26,성남시수정구,2026-08-26T20:00,ecmwf_ifs025_ensemble,51,0.98,0.02,0,0
2026-08-26,성남시수정구,2026-08-26T20:00,gem_global_ensemble,21,1,0,0,0
2026-08-26,성남시수정구,2026-08-26T21:00,ensemble,143,0.986,0.014,0,0
2026-08-26,성남시수정구,2026-08-26T21:00,icon_seamless_eps,40,1,0,0,0
2026-08-26,성남시수정구,2026-08-26T21:00,ncep_gefs_seamless,31,0.968,0.032,0,0
2026-08-26,성남시수정구,2026-08-26T21:00,ecmwf_ifs025_ensemble,51,0.98,0.02,0,0
2026-08-26,성남시수정구,2026-08-26T21:00,gem_global_ensemble,21,1,0,0,0
2026-08-26,성남시수정구,2026-08-26T22:00,ensemble,143,0.993,0.007,0,0
2026-08-26,성남시수정구,2026-08-26T22:00,icon_seamless_eps,40,1,0,0,0
2026-08-26,성남시수정구,2026-08-26T22:00,ncep_gefs_seamless,31,1,0,0,0
2026-08-26,성남시수정구,2026-08-26T22:00,ecmwf_ifs025_ensemble,51,0.98,0.02,0,0
2026-08-26,성남시수정구,2026-08-26T22:00,gem_global_ensemble,21,1,0,0,0
2026-08-26,성남시수정구,2026-08-26T23:00,ensemble,143,0.993,0.007,0,0
2026-08-26,성남시수정구,2026-08-26T23:00,icon_seamless_eps,40,1,0,0,0
2026-08-26,성남시수정구,2026-08-26T23:00,ncep_gefs_seamless,31,1,0,0,0
2026-08-26,성남시수정구,2026-08-26T23:00,ecmwf_ifs025_ensemble,51,0.98,0.02,0,0
2026-08-26,성남시수정구,2026-08-26T23:00,gem_global_ensemble,21,1,0,0,0
2026-08-26,성남시수정구,2026-08-27T00:00,ensemble,143,0.993,0.007,0,0
2026-08-26,성남시수정구,2026-08-27T00:00,icon_seamless_eps,40,1,0,0,0
2026-08-26,성남시수정구,2026-08-27T00:00,ncep_gefs_seamless,31,1,0,0,0
2026-08-26,성남시수정구,2026-08-27T00:00,ecmwf_ifs025_ensemble,51,0.98,0.02,0,0
2026-08-26,성남시수정구,2026-08-27T00:00,gem_global_ensemble,21,1,0,0,0
2026-08-26,성남시수정구,2026-08-27T01:00,ensemble,143,0.965,0.035,0,0
2026-08-26,성남시수정구,2026-08-27T01:00,icon_seamless_eps,40,1,0,0,0
2026-08-26,성남시수정구,2026-08-27T01:00,ncep_gefs_seamless,31,0.935,0.065,0,0
2026-08-26,성남시수정구,2026-08-27T01:00,ecmwf_ifs025_ensemble,51,0.98,0.02,0,0
2026-08-26,성남시수정구,2026-08-27T01:00,gem_global_ensemble,21,0.905,0.095,0,0
2026-08-26,성남시수정구,2026-08-27T02:00,ensemble,143,0.965,0.035,0,0
2026-08-26,성남시수정구,2026-08-27T02:00,icon_seamless_eps,40,1,0,0,0
2026-08-26,성남시수정구,2026-08-27T02:00,ncep_gefs_seamless,31,0.935,0.065,0,0
2026-08-26,성남시수정구,2026-08-27T02:00,ecmwf_ifs025_ensemble,51,0.98,0.02,0,0
2026-08-26,성남시수정구,2026-08-27T02:00,gem_global_ensemble,21,0.905,0.095,0,0
2026-08-26,성남시수정구,2026-08-27T03:00,ensemble,143,0.965,0.035,0,0
2026-08-26,성남시수정구,2026-08-27T03:00,icon_seamless_eps,40,1,0,0,0
2026-08-26,성남시수정구,2026-08-27T03:00,ncep_gefs_seamless,31,0.935,0.065,0,0
2026-08-26,성남시수정구,2026-08-27T03:00,ecmwf_ifs025_ensemble,51,0.98,0.02,0,0
2026-08-26,성남시수정구,2026-08-27T03:00,gem_global_ensemble,21,0.905,0.095,0,0
2026-08-26,성남시수정구,2026-08-27T04:00,ensemble,143,0.937,0.063,0,0
2026-08-26,성남시수정구,2026-08-27T04:00,icon_seamless_eps,40,1,0,0,0
2026-08-26,성남시수정구,2026-08-27T04:00,ncep_gefs_seamless,31,0.968,0.032,0,0
2026-08-26,성남시수정구,2026-08-27T04:00,ecmwf_ifs025_ensemble,51,0.843,0.157,0,0
2026-08-26,성남시수정구,2026-08-27T04:00,gem_global_ensemble,21,1,0,0,0
2026-08-26,성남시수정구,2026-08-27T05:00,ensemble,143,0.937,0.063,0,0
2026-08-26,성남시수정구,2026-08-27T05:00,icon_seamless_eps,40,1,0,0,0
2026-08-26,성남시수정구,2026-08-27T05:00,ncep_gefs_seamless,31,0.968,0.032,0,0
2026-08-26,성남시수정구,2026-08-27T05:00,ecmwf_ifs025_ensemble,51,0.843,0.157,0,0
2026-08-26,성남시수정구,2026-08-27T05:00,gem_global_ensemble,21,1,0,0,0
2026-08-26,성남시수정구,2026-08-27T06:00,ensemble,143,0.93,0.07,0,0
2026-08-26,성남시수정구,2026-08-27T06:00,icon_seamless_eps,40,0.975,0.025,0,0
2026-08-26,성남시수정구,2026-08-27T06:00,ncep_gefs_seamless,31,0.968,0.032,0,0
2026-08-26,성남시수정구,2026-08-27T06:00,ecmwf_ifs025_ensemble,51,0.843,0.157,0,0
2026-08-26,성남시수정구,2026-08-27T06:00,gem_global_ensemble,21,1,0,0,0
2026-08-26,성남시수정구,2026-08-27T07:00,ensemble,143,0.86,0.14,0,0
2026-08-26,성남시수정구,2026-08-27T07:00,icon_seamless_eps,40,0.975,0.025,0,0
2026-08-26,성남시수정구,2026-08-27T07:00,ncep_gefs_seamless,31,0.968,0.032,0,0
2026-08-26,성남시수정구,2026-08-27T07:00,ecmwf_ifs025_ensemble,51,0.647,0.353,0,0
2026-08-26,성남시수정구,2026-08-27T07:00,gem_global_ensemble,21,1,0,0,0
2026-08-26,성남시수정구,2026-08-27T08:00,ensemble,143,0.853,0.147,0,0
2026-08-26,성남시수정구,2026-08-27T08:00,icon_seamless_eps,40,0.95,0.05,0,0
2026-08-26,성남시수정구,2026-08-27T08:00,ncep_gefs_seamless,31,0.968,0.032,0,0
2026-08-26,성남시수정구,2026-08-27T08:00,ecmwf_ifs025_ensemble,51,0.647,0.353,0,0
2026-08-26,성남시수정구,2026-08-27T08:00,gem_global_ensemble,21,1,0,0,0
2026-08-26,성남시수정구,2026-08-27T09:00,ensemble,143,0.853,0.147,0,0
2026-08-26,성남시수정구,2026-08-27T09:00,icon_seamless_eps,40,0.95,0.05,0,0
2026-08-26,성남시수정구,2026-08-27T09:00,ncep_gefs_seamless,31,0.968,0.032,0,0
2026-08-26,성남시수정구,2026-08-27T09:00,ecmwf_ifs025_ensemble,51,0.647,0.353,0,0
2026-08-26,성남시수정구,2026-08-27T09:00,gem_global_ensemble,21,1,0,0,0
2026-08-26,성남시수정구,2026-08-27T10:00,ensemble,143,0.734,0.252,0.014,0
2026-08-26,성남시수정구,2026-08-27T10:00,icon_seamless_eps,40,0.9,0.075,0.025,0
2026-08-26,성남시수정구,2026-08-27T10:00,ncep_gefs_seamless,31,0.903,0.097,0,0
2026-08-26,성남시수정구,2026-08-27T10:00,ecmwf_ifs025_ensemble,51,0.431,0.549,0.02,0
2026-08-26,성남시수정구,2026-08-27T10:00,gem_global_ensemble,21,0.905,0.095,0,0
2026-08-26,성남시수정구,2026-08-27T11:00,ensemble,143,0.741,0.245,0.014,0
2026-08-26,성남시수정구,2026-08-27T11:00,icon_seamless_eps,40,0.925,0.05,0.025,0
2026-08-26,성남시수정구,2026-08-27T11:00,ncep_gefs_seamless,31,0.903,0.097,0,0
2026-08-26,성남시수정구,2026-08-27T11:00,ecmwf_ifs025_ensemble,51,0.431,0.549,0.02,0
2026-08-26,성남시수정구,2026-08-27T11:00,gem_global_ensemble,21,0.905,0.095,0,0
2026-08-26,성남시수정구,2026-08-27T12:00,ensemble,143,0.741,0.245,0.014,0
2026-08-26,성남시수정구,2026-08-27T12:00,icon_seamless_eps,40,0.925,0.05,0.025,0
2026-08-26,성남시수정구,2026-08-27T12:00,ncep_gefs_seamless,31,0.903,0.097,0,0
2026-08-26,성남시수정구,2026-08-27T12:00,ecmwf_ifs025_ensemble,51,0.431,0.549,0.02,0
2026-08-26,성남시수정구,2026-08-27T12:00,gem_global_ensemble,21,0.905,0.095,0,0
2026-08-26,성남시수정구,2026-08-27T13:00,ensemble,143,0.762,0.238,0,0
2026-08-26,성남시수정구,2026-08-27T13:00,icon_seamless_eps,40,0.925,0.075,0,0
2026-08-26,성남시수정구,2026-08-27T13:00,ncep_gefs_seamless,31,0.903,0.097,0,0
2026-08-26,성남시수정구,2026-08-27T13:00,ecmwf_ifs025_ensemble,51,0.51,0.49,0,0
2026-08-26,성남시수정구,2026-08-27T13:00,gem_global_ensemble,21,0.857,0.143,0,0
2026-08-26,성남시수정구,2026-08-27T14:00,ensemble,143,0.769,0.231,0,0
2026-08-26,성남시수정구,2026-08-27T14:00,icon_seamless_eps,40,0.95,0.05,0,0
2026-08-26,성남시수정구,2026-08-27T14:00,ncep_gefs_seamless,31,0.903,0.097,0,0
2026-08-26,성남시수정구,2026-08-27T14:00,ecmwf_ifs025_ensemble,51,0.51,0.49,0,0
2026-08-26,성남시수정구,2026-08-27T14:00,gem_global_ensemble,21,0.857,0.143,0,0
2026-08-26,성남시수정구,2026-08-27T15:00,ensemble,143,0.755,0.245,0,0
2026-08-26,성남시수정구,2026-08-27T15:00,icon_seamless_eps,40,0.9,0.1,0,0
2026-08-26,성남시수정구,2026-08-27T15:00,ncep_gefs_seamless,31,0.903,0.097,0,0
2026-08-26,성남시수정구,2026-08-27T15:00,ecmwf_ifs025_ensemble,51,0.51,0.49,0,0
2026-08-26,성남시수정구,2026-08-27T15:00,gem_global_ensemble,21,0.857,0.143,0,0
2026-08-26,성남시수정구,2026-08-27T16:00,ensemble,143,0.846,0.154,0,0
2026-08-26,성남시수정구,2026-08-27T16:00,icon_seamless_eps,40,0.95,0.05,0,0
2026-08-26,성남시수정구,2026-08-27T16:00,ncep_gefs_seamless,31,0.903,0.097,0,0
2026-08-26,성남시수정구,2026-08-27T16:00,ecmwf_ifs025_ensemble,51,0.686,0.314,0,0
2026-08-26,성남시수정구,2026-08-27T16:00,gem_global_ensemble,21,0.952,0.048,0,0
2026-08-26,성남시수정구,2026-08-27T17:00,ensemble,143,0.846,0.154,0,0
2026-08-26,성남시수정구,2026-08-27T17:00,icon_seamless_eps,40,0.95,0.05,0,0
2026-08-26,성남시수정구,2026-08-27T17:00,ncep_gefs_seamless,31,0.903,0.097,0,0
2026-08-26,성남시수정구,2026-08-27T17:00,ecmwf_ifs025_ensemble,51,0.686,0.314,0,0
2026-08-26,성남시수정구,2026-08-27T17:00,gem_global_ensemble,21,0.952,0.048,0,0
2026-08-26,성남시수정구,2026-08-27T18:00,ensemble,143,0.846,0.154,0,0
2026-08-26,성남시수정구,2026-08-27T18:00,icon_seamless_eps,40,0.95,0.05,0,0
2026-08-26,성남시수정구,2026-08-27T18:00,ncep_gefs_seamless,31,0.903,0.097,0,0
2026-08-26,성남시수정구,2026-08-27T18:00,ecmwf_ifs025_ensemble,51,0.686,0.314,0,0
2026-08-26,성남시수정구,2026-08-27T18:00,gem_global_ensemble,21,0.952,0.048,0,0
2026-08-26,성남시수정구,2026-08-27T19:00,ensemble,143,0.902,0.098,0,0
2026-08-26,성남시수정구,2026-08-27T19:00,icon_seamless_eps,40,1,0,0,0
2026-08-26,성남시수정구,2026-08-27T19:00,ncep_gefs_seamless,31,0.903,0.097,0,0
2026-08-26,성남시수정구,2026-08-27T19:00,ecmwf_ifs025_ensemble,51,0.804,0.196,0,0
2026-08-26,성남시수정구,2026-08-27T19:00,gem_global_ensemble,21,0.952,0.048,0,0
2026-08-26,성남시수정구,2026-08-27T20:00,ensemble,143,0.895,0.105,0,0
2026-08-26,성남시수정구,2026-08-27T20:00,icon_seamless_eps,40,0.975,0.025,0,0
2026-08-26,성남시수정구,2026-08-27T20:00,ncep_gefs_seamless,31,0.903,0.097,0,0
2026-08-26,성남시수정구,2026-08-27T20:00,ecmwf_ifs025_ensemble,51,0.804,0.196,0,0
2026-08-26,성남시수정구,2026-08-27T20:00,gem_global_ensemble,21,0.952,0.048,0,0
2026-08-26,성남시수정구,2026-08-27T21:00,ensemble,143,0.902,0.098,0,0
2026-08-26,성남시수정구,2026-08-27T21:00,icon_seamless_eps,40,1,0,0,0
2026-08-26,성남시수정구,2026-08-27T21:00,ncep_gefs_seamless,31,0.903,0.097,0,0
2026-08-26,성남시수정구,2026-08-27T21:00,ecmwf_ifs025_ensemble,51,0.804,0.196,0,0
2026-08-26,성남시수정구,2026-08-27T21:00,gem_global_ensemble,21,0.952,0.048,0,0
2026-08-26,성남시수정구,2026-08-27T22:00,ensemble,143,0.958,0.042,0,0
2026-08-26,성남시수정구,2026-08-27T22:00,icon_seamless_eps,40,1,0,0,0
2026-08-26,성남시수정구,2026-08-27T22:00,ncep_gefs_seamless,31,1,0,0,0
2026-08-26,성남시수정구,2026-08-27T22:00,ecmwf_ifs025_ensemble,51,0.882,0.118,0,0
2026-08-26,성남시수정구,2026-08-27T22:00,gem_global_ensemble,21,1,0,0,0
2026-08-26,성남시수정구,2026-08-27T23:00,ensemble,143,0.958,0.042,0,0
2026-08-26,성남시수정구,2026-08-27T23:00,icon_seamless_eps,40,1,0,0,0
2026-08-26,성남시수정구,2026-08-27T23:00,ncep_gefs_seamless,31,1,0,0,0
2026-08-26,성남시수정구,2026-08-27T23:00,ecmwf_ifs025_ensemble,51,0.882,0.118,0,0
2026-08-26,성남시수정구,2026-08-27T23:00,gem_global_ensemble,21,1,0,0,0
2026-08-27,수원시권선구,2026-08-27T00:00,ensemble,143,1,0,0,0
2026-08-27,수원시권선구,2026-08-27T00:00,icon_seamless_eps,40,1,0,0,0
2026-08-27,수원시권선구,2026-08-27T00:00,ncep_gefs_seamless,31,1,0,0,0
2026-08-27,수원시권선구,2026-08-27T00:00,ecmwf_ifs025_ensemble,51,1,0,0,0
2026-08-27,수원시권선구,2026-08-27T00:00,gem_global_ensemble,21,1,0,0,0
2026-08-27,수원시권선구,2026-08-27T01:00,ensemble,143,1,0,0,0
2026-08-27,수원시권선구,2026-08-27T01:00,icon_seamless_eps,40,1,0,0,0
2026-08-27,수원시권선구,2026-08-27T01:00,ncep_gefs_seamless,31,1,0,0,0
2026-08-27,수원시권선구,2026-08-27T01:00,ecmwf_ifs025_ensemble,51,1,0,0,0
2026-08-27,수원시권선구,2026-08-27T01:00,gem_global_ensemble,21,1,0,0,0
2026-08-27,수원시권선구,2026-08-27T02:00,ensemble,143,1,0,0,0
2026-08-27,수원시권선구,2026-08-27T02:00,icon_seamless_eps,40,1,0,0,0
2026-08-27,수원시권선구,2026-08-27T02:00,ncep_gefs_seamless,31,1,0,0,0
2026-08-27,수원시권선구,2026-08-27T02:00,ecmwf_ifs025_ensemble,51,1,0,0,0
2026-08-27,수원시권선구,2026-08-27T02:00,gem_global_ensemble,21,1,0,0,0
2026-08-27,수원시권선구,2026-08-27T03:00,ensemble,143,1,0,0,0
2026-08-27,수원시권선구,2026-08-27T03:00,icon_seamless_eps,40,1,0,0,0
2026-08-27,수원시권선구,2026-08-27T03:00,ncep_gefs_seamless,31,1,0,0,0
2026-08-27,수원시권선구,2026-08-27T03:00,ecmwf_ifs025_ensemble,51,1,0,0,0
2026-08-27,수원시권선구,2026-08-27T03:00,gem_global_ensemble,21,1,0,0,0
2026-08-27,수원시권선구,2026-08-27T04:00,ensemble,143,0.993,0.007,0,0
2026-08-27,수원시권선구,2026-08-27T04:00,icon_seamless_eps,40,1,0,0,0
2026-08-27,수원시권선구,2026-08-27T04:00,ncep_gefs_seamless,31,1,0,0,0
2026-08-27,수원시권선구,2026-08-27T04:00,ecmwf_ifs025_ensemble,51,1,0,0,0
2026-08-27,수원시권선구,2026-08-27T04:00,gem_global_ensemble,21,0.952,0.048,0,0
2026-08-27,수원시권선구,2026-08-27T05:00,ensemble,143,0.993,0.007,0,0
2026-08-27,수원시권선구,2026-08-27T05:00,icon_seamless_eps,40,1,0,0,0
2026-08-27,수원시권선구,2026-08-27T05:00,ncep_gefs_seamless,31,1,0,0,0
2026-08-27,수원시권선구,2026-08-27T05:00,ecmwf_ifs025_ensemble,51,1,0,0,0
2026-08-27,수원시권선구,2026-08-27T05:00,gem_global_ensemble,21,0.952,0.048,0,0
2026-08-27,수원시권선구,2026-08-27T06:00,ensemble,143,0.993,0.007,0,0
2026-08-27,수원시권선구,2026-08-27T06:00,icon_seamless_eps,40,1,0,0,0
2026-08-27,수원시권선구,2026-08-27T06:00,ncep_gefs_seamless,31,1,0,0,0
2026-08-27,수원시권선구,2026-08-27T06:00,ecmwf_ifs025_ensemble,51,1,0,0,0
2026-08-27,수원시권선구,2026-08-27T06:00,gem_global_ensemble,21,0.952,0.048,0,0
2026-08-27,수원시권선구,2026-08-27T07:00,ensemble,143,0.979,0.021,0,0
2026-08-27,수원시권선구,2026-08-27T07:00,icon_seamless_eps,40,0.975,0.025,0,0
2026-08-27,수원시권선구,2026-08-27T07:00,ncep_gefs_seamless,31,1,0,0,0
2026-08-27,수원시권선구,2026-08-27T07:00,ecmwf_ifs025_ensemble,51,0.961,0.039,0,0
2026-08-27,수원시권선구,2026-08-27T07:00,gem_global_ensemble,21,1,0,0,0
2026-08-27,수원시권선구,2026-08-27T08:00,ensemble,143,0.986,0.014,0,0
2026-08-27,수원시권선구,2026-08-27T08:00,icon_seamless_eps,40,1,0,0,0
2026-08-27,수원시권선구,2026-08-27T08:00,ncep_gefs_seamless,31,1,0,0,0
2026-08-27,수원시권선구,2026-08-27T08:00,ecmwf_ifs025_ensemble,51,0.961,0.039,0,0
2026-08-27,수원시권선구,2026-08-27T08:00,gem_global_ensemble,21,1,0,0,0
2026-08-27,수원시권선구,2026-08-27T09:00,ensemble,143,0.972,0.028,0,0
2026-08-27,수원시권선구,2026-08-27T09:00,icon_seamless_eps,40,0.95,0.05,0,0
2026-08-27,수원시권선구,2026-08-27T09:00,ncep_gefs_seamless,31,1,0,0,0
2026-08-27,수원시권선구,2026-08-27T09:00,ecmwf_ifs025_ensemble,51,0.961,0.039,0,0
2026-08-27,수원시권선구,2026-08-27T09:00,gem_global_ensemble,21,1,0,0,0
2026-08-27,수원시권선구,2026-08-27T10:00,ensemble,143,0.909,0.091,0,0
2026-08-27,수원시권선구,2026-08-27T10:00,icon_seamless_eps,40,1,0,0,0
2026-08-27,수원시권선구,2026-08-27T10:00,ncep_gefs_seamless,31,0.935,0.065,0,0
2026-08-27,수원시권선구,2026-08-27T10:00,ecmwf_ifs025_ensemble,51,0.784,0.216,0,0
2026-08-27,수원시권선구,2026-08-27T10:00,gem_global_ensemble,21,1,0,0,0
2026-08-27,수원시권선구,2026-08-27T11:00,ensemble,143,0.902,0.098,0,0
2026-08-27,수원시권선구,2026-08-27T11:00,icon_seamless_eps,40,0.975,0.025,0,0
2026-08-27,수원시권선구,2026-08-27T11:00,ncep_gefs_seamless,31,0.935,0.065,0,0
2026-08-27,수원시권선구,2026-08-27T11:00,ecmwf_ifs025_ensemble,51,0.784,0.216,0,0
2026-08-27,수원시권선구,2026-08-27T11:00,gem_global_ensemble,21,1,0,0,0
2026-08-27,수원시권선구,2026-08-27T12:00,ensemble,143,0.902,0.098,0,0
2026-08-27,수원시권선구,2026-08-27T12:00,icon_seamless_eps,40,0.975,0.025,0,0
2026-08-27,수원시권선구,2026-08-27T12:00,ncep_gefs_seamless,31,0.935,0.065,0,0
2026-08-27,수원시권선구,2026-08-27T12:00,ecmwf_ifs025_ensemble,51,0.784,0.216,0,0
2026-08-27,수원시권선구,2026-08-27T12:00,gem_global_ensemble,21,1,0,0,0
2026-08-27,수원시권선구,2026-08-27T13:00,ensemble,143,0.853,0.147,0,0
2026-08-27,수원시권선구,2026-08-27T13:00,icon_seamless_eps,40,0.95,0.05,0,0
2026-08-27,수원시권선구,2026-08-27T13:00,ncep_gefs_seamless,31,0.968,0.032,0,0
2026-08-27,수원시권선구,2026-08-27T13:00,ecmwf_ifs025_ensemble,51,0.647,0.353,0,0
2026-08-27,수원시권선구,2026-08-27T13:00,gem_global_ensemble,21,1,0,0,0
2026-08-27,수원시권선구,2026-08-27T14:00,ensemble,143,0.86,0.14,0,0
2026-08-27,수원시권선구,2026-08-27T14:00,icon_seamless_eps,40,0.975,0.025,0,0
2026-08-27,수원시권선구,2026-08-27T14:00,ncep_gefs_seamless,31,0.968,0.032,0,0
2026-08-27,수원시권선구,2026-08-27T14:00,ecmwf_ifs025_ensemble,51,0.647,0.353,0,0
2026-08-27,수원시권선구,2026-08-27T14:00,gem_global_ensemble,21,1,0,0,0
2026-08-27,수원시권선구,2026-08-27T15:00,ensemble,143,0.853,0.147,0,0
2026-08-27,수원시권선구,2026-08-27T15:00,icon_seamless_eps,40,0.95,0.05,0,0
2026-08-27,수원시권선구,2026-08-27T15:00,ncep_gefs_seamless,31,0.968,0.032,0,0
2026-08-27,수원시권선구,2026-08-27T15:00,ecmwf_ifs025_ensemble,51,0.647,0.353,0,0
2026-08-27,수원시권선구,2026-08-27T15:00,gem_global_ensemble,21,1,0,0,0
2026-08-27,수원시권선구,2026-08-27T16:00,ensemble,143,0.902,0.098,0,0
2026-08-27,수원시권선구,2026-08-27T16:00,icon_seamless_eps,40,0.975,0.025,0,0
2026-08-27,수원시권선구,2026-08-27T16:00,ncep_gefs_seamless,31,0.935,0.065,0,0
2026-08-27,수원시권선구,2026-08-27T16:00,ecmwf_ifs025_ensemble,51,0.784,0.216,0,0
2026-08-27,수원시권선구,2026-08-27T16:00,gem_global_ensemble,21,1,0,0,0
2026-08-27,수원시권선구,2026-08-27T17:00,ensemble,143,0.902,0.098,0,0
2026-08-27,수원시권선구,2026-08-27T17:00,icon_seamless_eps,40,0.975,0.025,0,0
2026-08-27,수원시권선구,2026-08-27T17:00,ncep_gefs_seamless,31,0.935,0.065,0,0
2026-08-27,수원시권선구,2026-08-27T17:00,ecmwf_ifs025_ensemble,51,0.784,0.216,0,0
2026-08-27,수원시권선구,2026-08-27T17:00,gem_global_ensemble,21,1,0,0,0
2026-08-27,수원시권선구,2026-08-27T18:00,ensemble,143,0.909,0.091,0,0
2026-08-27,수원시권선구,2026-08-27T18:00,icon_seamless_eps,40,1,0,0,0
2026-08-27,수원시권선구,2026-08-27T18:00,ncep_gefs_seamless,31,0.935,0.065,0,0
2026-08-27,수원시권선구,2026-08-27T18:00,ecmwf_ifs025_ensemble,51,0.784,0.216,0,0
2026-08-27,수원시권선구,2026-08-27T18:00,gem_global_ensemble,21,1,0,0,0
2026-08-27,수원시권선구,2026-08-27T19:00,ensemble,143,1,0,0,0
2026-08-27,수원시권선구,2026-08-27T19:00,icon_seamless_eps,40,1,0,0,0
2026-08-27,수원시권선구,2026-08-27T19:00,ncep_gefs_seamless,31,1,0,0,0
2026-08-27,수원시권선구,2026-08-27T19:00,ecmwf_ifs025_ensemble,51,1,0,0,0
2026-08-27,수원시권선구,2026-08-27T19:00,gem_global_ensemble,21,1,0,0,0
2026-08-27,수원시권선구,2026-08-27T20:00,ensemble,143,1,0,0,0
2026-08-27,수원시권선구,2026-08-27T20:00,icon_seamless_eps,40,1,0,0,0
2026-08-27,수원시권선구,2026-08-27T20:00,ncep_gefs_seamless,31,1,0,0,0
2026-08-27,수원시권선구,2026-08-27T20:00,ecmwf_ifs025_ensemble,51,1,0,0,0
2026-08-27,수원시권선구,2026-08-27T20:00,gem_global_ensemble,21,1,0,0,0
2026-08-27,수원시권선구,2026-08-27T21:00,ensemble,143,1,0,0,0
2026-08-27,수원시권선구,2026-08-27T21:00,icon_seamless_eps,40,1,0,0,0
2026-08-27,수원시권선구,2026-08-27T21:00,ncep_gefs_seamless,31,1,0,0,0
2026-08-27,수원시권선구,2026-08-27T21:00,ecmwf_ifs025_ensemble,51,1,0,0,0
2026-08-27,수원시권선구,2026-08-27T21:00,gem_global_ensemble,21,1,0,0,0
2026-08-27,수원시권선구,2026-08-27T22:00,ensemble,143,0.979,0.021,0,0
2026-08-27,수원시권선구,2026-08-27T22:00,icon_seamless_eps,40,1,0,0,0
2026-08-27,수원시권선구,2026-08-27T22:00,ncep_gefs_seamless,31,1,0,0,0
2026-08-27,수원시권선구,2026-08-27T22:00,ecmwf_ifs025_ensemble,51,0.941,0.059,0,0
2026-08-27,수원시권선구,2026-08-27T22:00,gem_global_ensemble,21,1,0,0,0
2026-08-27,수원시권선구,2026-08-27T23:00,ensemble,143,0.979,0.021,0,0
2026-08-27,수원시권선구,2026-08-27T23:00,icon_seamless_eps,40,1,0,0,0
2026-08-27,수원시권선구,2026-08-27T23:00,ncep_gefs_seamless,31,1,0,0,0
2026-08-27,수원시권선구,2026-08-27T23:00,ecmwf_ifs025_ensemble,51,0.941,0.059,0,0
2026-08-27,수원시권선구,2026-08-27T23:00,gem_global_ensemble,21,1,0,0,0
2026-08-27,수원시권선구,2026-08-28T00:00,ensemble,143,0.979,0.021,0,0
2026-08-27,수원시권선구,2026-08-28T00:00,icon_seamless_eps,40,1,0,0,0
2026-08-27,수원시권선구,2026-08-28T00:00,ncep_gefs_seamless,31,1,0,0,0
2026-08-27,수원시권선구,2026-08-28T00:00,ecmwf_ifs025_ensemble,51,0.941,0.059,0,0
2026-08-27,수원시권선구,2026-08-28T00:00,gem_global_ensemble,21,1,0,0,0
2026-08-27,수원시권선구,2026-08-28T01:00,ensemble,143,0.965,0.035,0,0
2026-08-27,수원시권선구,2026-08-28T01:00,icon_seamless_eps,40,1,0,0,0
2026-08-27,수원시권선구,2026-08-28T01:00,ncep_gefs_seamless,31,1,0,0,0
2026-08-27,수원시권선구,2026-08-28T01:00,ecmwf_ifs025_ensemble,51,0.902,0.098,0,0
2026-08-27,수원시권선구,2026-08-28T01:00,gem_global_ensemble,21,1,0,0,0
2026-08-27,수원시권선구,2026-08-28T02:00,ensemble,143,0.965,0.035,0,0
2026-08-27,수원시권선구,2026-08-28T02:00,icon_seamless_eps,40,1,0,0,0
2026-08-27,수원시권선구,2026-08-28T02:00,ncep_gefs_seamless,31,1,0,0,0
2026-08-27,수원시권선구,2026-08-28T02:00,ecmwf_ifs025_ensemble,51,0.902,0.098,0,0
2026-08-27,수원시권선구,2026-08-28T02:00,gem_global_ensemble,21,1,0,0,0
2026-08-27,수원시권선구,2026-08-28T03:00,ensemble,143,0.965,0.035,0,0
2026-08-27,수원시권선구,2026-08-28T03:00,icon_seamless_eps,40,1,0,0,0
2026-08-27,수원시권선구,2026-08-28T03:00,ncep_gefs_seamless,31,1,0,0,0
2026-08-27,수원시권선구,2026-08-28T03:00,ecmwf_ifs025_ensemble,51,0.902,0.098,0,0
2026-08-27,수원시권선구,2026-08-28T03:00,gem_global_ensemble,21,1,0,0,0
2026-08-27,수원시권선구,2026-08-28T04:00,ensemble,143,0.979,0.021,0,0
2026-08-27,수원시권선구,2026-08-28T04:00,icon_seamless_eps,40,1,0,0,0
2026-08-27,수원시권선구,2026-08-28T04:00,ncep_gefs_seamless,31,0.968,0.032,0,0
2026-08-27,수원시권선구,2026-08-28T04:00,ecmwf_ifs025_ensemble,51,0.98,0.02,0,0
2026-08-27,수원시권선구,2026-08-28T04:00,gem_global_ensemble,21,0.952,0.048,0,0
2026-08-27,수원시권선구,2026-08-28T05:00,ensemble,143,0.979,0.021,0,0
2026-08-27,수원시권선구,2026-08-28T05:00,icon_seamless_eps,40,1,0,0,0
2026-08-27,수원시권선구,2026-08-28T05:00,ncep_gefs_seamless,31,0.968,0.032,0,0
2026-08-27,수원시권선구,2026-08-28T05:00,ecmwf_ifs025_ensemble,51,0.98,0.02,0,0
2026-08-27,수원시권선구,2026-08-28T05:00,gem_global_ensemble,21,0.952,0.048,0,0
2026-08-27,수원시권선구,2026-08-28T06:00,ensemble,143,0.979,0.021,0,0
2026-08-27,수원시권선구,2026-08-28T06:00,icon_seamless_eps,40,1,0,0,0
2026-08-27,수원시권선구,2026-08-28T06:00,ncep_gefs_seamless,31,0.968,0.032,0,0
2026-08-27,수원시권선구,2026-08-28T06:00,ecmwf_ifs025_ensemble,51,0.98,0.02,0,0
2026-08-27,수원시권선구,2026-08-28T06:00,gem_global_ensemble,21,0.952,0.048,0,0
2026-08-27,수원시권선구,2026-08-28T07:00,ensemble,143,0.916,0.077,0.007,0
2026-08-27,수원시권선구,2026-08-28T07:00,icon_seamless_eps,40,1,0,0,0
2026-08-27,수원시권선구,2026-08-28T07:00,ncep_gefs_seamless,31,0.903,0.097,0,0
2026-08-27,수원시권선구,2026-08-28T07:00,ecmwf_ifs025_ensemble,51,0.863,0.118,0.02,0
2026-08-27,수원시권선구,2026-08-28T07:00,gem_global_ensemble,21,0.905,0.095,0,0
2026-08-27,수원시권선구,2026-08-28T08:00,ensemble,143,0.902,0.091,0.007,0
2026-08-27,수원시권선구,2026-08-28T08:00,icon_seamless_eps,40,0.95,0.05,0,0
2026-08-27,수원시권선구,2026-08-28T08:00,ncep_gefs_seamless,31,0.903,0.097,0,0
2026-08-27,수원시권선구,2026-08-28T08:00,ecmwf_ifs025_ensemble,51,0.863,0.118,0.02,0
2026-08-27,수원시권선구,2026-08-28T08:00,gem_global_ensemble,21,0.905,0.095,0,0
2026-08-27,수원시권선구,2026-08-28T09:00,ensemble,143,0.895,0.098,0.007,0
2026-08-27,수원시권선구,2026-08-28T09:00,icon_seamless_eps,40,0.925,0.075,0,0
2026-08-27,수원시권선구,2026-08-28T09:00,ncep_gefs_seamless,31,0.903,0.097,0,0
2026-08-27,수원시권선구,2026-08-28T09:00,ecmwf_ifs025_ensemble,51,0.863,0.118,0.02,0
2026-08-27,수원시권선구,2026-08-28T09:00,gem_global_ensemble,21,0.905,0.095,0,0
2026-08-27,수원시권선구,2026-08-28T10:00,ensemble,143,0.51,0.469,0.021,0
2026-08-27,수원시권선구,2026-08-28T10:00,icon_seamless_eps,40,0.825,0.175,0,0
2026-08-27,수원시권선구,2026-08-28T10:00,ncep_gefs_seamless,31,0.323,0.645,0.032,0
2026-08-27,수원시권선구,2026-08-28T10:00,ecmwf_ifs025_ensemble,51,0.275,0.686,0.039,0
2026-08-27,수원시권선구,2026-08-28T10:00,gem_global_ensemble,21,0.762,0.238,0,0
2026-08-27,수원시권선구,2026-08-28T11:00,ensemble,143,0.517,0.441,0.042,0
2026-08-27,수원시권선구,2026-08-28T11:00,icon_seamless_eps,40,0.85,0.075,0.075,0
2026-08-27,수원시권선구,2026-08-28T11:00,ncep_gefs_seamless,31,0.323,0.645,0.032,0
2026-08-27,수원시권선구,2026-08-28T11:00,ecmwf_ifs025_ensemble,51,0.275,0.686,0.039,0
2026-08-27,수원시권선구,2026-08-28T11:00,gem_global_ensemble,21,0.762,0.238,0,0
2026-08-27,수원시권선구,2026-08-28T12:00,ensemble,143,0.483,0.476,0.042,0
2026-08-27,수원시권선구,2026-08-28T12:00,icon_seamless_eps,40,0.725,0.2,0.075,0
2026-08-27,수원시권선구,2026-08-28T12:00,ncep_gefs_seamless,31,0.323,0.645,0.032,0
2026-08-27,수원시권선구,2026-08-28T12:00,ecmwf_ifs025_ensemble,51,0.275,0.686,0.039,0
2026-08-27,수원시권선구,2026-08-28T12:00,gem_global_ensemble,21,0.762,0.238,0,0
2026-08-27,수원시권선구,2026-08-28T13:00,ensemble,143,0.343,0.566,0.091,0
2026-08-27,수원시권선구,2026-08-28T13:00,icon_seamless_eps,40,0.775,0.175,0.05,0
2026-08-27,수원시권선구,2026-08-28T13:00,ncep_gefs_seamless,31,0.161,0.645,0.194,0
2026-08-27,수원시권선구,2026-08-28T13:00,ecmwf_ifs025_ensemble,51,0.098,0.824,0.078,0
2026-08-27,수원시권선구,2026-08-28T13:00,gem_global_ensemble,21,0.381,0.571,0.048,0
2026-08-27,수원시권선구,2026-08-28T14:00,ensemble,143,0.308,0.601,0.091,0
2026-08-27,수원시권선구,2026-08-28T14:00,icon_seamless_eps,40,0.65,0.3,0.05,0
2026-08-27,수원시권선구,2026-08-28T14:00,ncep_gefs_seamless,31,0.161,0.645,0.194,0
2026-08-27,수원시권선구,2026-08-28T14:00,ecmwf_ifs025_ensemble,51,0.098,0.824,0.078,0
2026-08-27,수원시권선구,2026-08-28T14:00,gem_global_ensemble,21,0.381,0.571,0.048,0
2026-08-27,수원시권선구,2026-08-28T15:00,ensemble,143,0.301,0.58,0.119,0
2026-08-27,수원시권선구,2026-08-28T15:00,icon_seamless_eps,40,0.625,0.225,0.15,0
2026-08-27,수원시권선구,2026-08-28T15:00,ncep_gefs_seamless,31,0.161,0.645,0.194,0
2026-08-27,수원시권선구,2026-08-28T15:00,ecmwf_ifs025_ensemble,51,0.098,0.824,0.078,0
2026-08-27,수원시권선구,2026-08-28T15:00,gem_global_ensemble,21,0.381,0.571,0.048,0
2026-08-27,수원시권선구,2026-08-28T16:00,ensemble,143,0.266,0.601,0.133,0
2026-08-27,수원시권선구,2026-08-28T16:00,icon_seamless_eps,40,0.5,0.35,0.15,0
2026-08-27,수원시권선구,2026-08-28T16:00,ncep_gefs_seamless,31,0.226,0.677,0.097,0
2026-08-27,수원시권선구,2026-08-28T16:00,ecmwf_ifs025_ensemble,51,0.098,0.765,0.137,0
2026-08-27,수원시권선구,2026-08-28T16:00,gem_global_ensemble,21,0.286,0.571,0.143,0
2026-08-27,수원시권선구,2026-08-28T17:00,ensemble,143,0.322,0.531,0.14,0.007
2026-08-27,수원시권선구,2026-08-28T17:00,icon_seamless_eps,40,0.7,0.1,0.175,0.025
2026-08-27,수원시권선구,2026-08-28T17:00,ncep_gefs_seamless,31,0.226,0.677,0.097,0
2026-08-27,수원시권선구,2026-08-28T17:00,ecmwf_ifs025_ensemble,51,0.098,0.765,0.137,0
2026-08-27,수원시권선구,2026-08-28T17:00,gem_global_ensemble,21,0.286,0.571,0.143,0
2026-08-27,수원시권선구,2026-08-28T18:00,ensemble,143,0.287,0.58,0.126,0.007
2026-08-27,수원시권선구,2026-08-28T18:00,icon_seamless_eps,40,0.575,0.275,0.125,0.025
2026-08-27,수원시권선구,2026-08-28T18:00,ncep_gefs_seamless,31,0.226,0.677,0.097,0
2026-08-27,수원시권선구,2026-08-28T18:00,ecmwf_ifs025_ensemble,51,0.098,0.765,0.137,0
2026-08-27,수원시권선구,2026-08-28T18:00,gem_global_ensemble,21,0.286,0.571,0.143,0
2026-08-27,수원시권선구,2026-08-28T19:00,ensemble,143,0.385,0.503,0.091,0.021
2026-08-27,수원시권선구,2026-08-28T19:00,icon_seamless_eps,40,0.625,0.2,0.15,0.025
2026-08-27,수원시권선구,2026-08-28T19:00,ncep_gefs_seamless,31,0.29,0.613,0.097,0
2026-08-27,수원시권선구,2026-08-28T19:00,ecmwf_ifs025_ensemble,51,0.255,0.667,0.059,0.02
2026-08-27,수원시권선구,2026-08-28T19:00,gem_global_ensemble,21,0.381,0.524,0.048,0.048
2026-08-27,수원시권선구,2026-08-28T20:00,ensemble,143,0.371,0.524,0.091,0.014
2026-08-27,수원시권선구,2026-08-28T20:00,icon_seamless_eps,40,0.575,0.275,0.15,0
2026-08-27,수원시권선구,2026-08-28T20:00,ncep_gefs_seamless,31,0.29,0.613,0.097,0
2026-08-27,수원시권선구,2026-08-28T20:00,ecmwf_ifs025_ensemble,51,0.255,0.667,0.059,0.02
2026-08-27,수원시권선구,2026-08-28T20:00,gem_global_ensemble,21,0.381,0.524,0.048,0.048
2026-08-27,수원시권선구,2026-08-28T21:00,ensemble,143,0.364,0.51,0.105,0.021
2026-08-27,수원시권선구,2026-08-28T21:00,icon_seamless_eps,40,0.55,0.225,0.2,0.025
2026-08-27,수원시권선구,2026-08-28T21:00,ncep_gefs_seamless,31,0.29,0.613,0.097,0
2026-08-27,수원시권선구,2026-08-28T21:00,ecmwf_ifs025_ensemble,51,0.255,0.667,0.059,0.02
2026-08-27,수원시권선구,2026-08-28T21:00,gem_global_ensemble,21,0.381,0.524,0.048,0.048
2026-08-27,수원시권선구,2026-08-28T22:00,ensemble,143,0.469,0.427,0.098,0.007
2026-08-27,수원시권선구,2026-08-28T22:00,icon_seamless_eps,40,0.4,0.35,0.225,0.025
2026-08-27,수원시권선구,2026-08-28T22:00,ncep_gefs_seamless,31,0.387,0.548,0.065,0
2026-08-27,수원시권선구,2026-08-28T22:00,ecmwf_ifs025_ensemble,51,0.608,0.333,0.059,0
2026-08-27,수원시권선구,2026-08-28T22:00,gem_global_ensemble,21,0.381,0.619,0,0
2026-08-27,수원시권선구,2026-08-28T23:00,ensemble,143,0.469,0.427,0.098,0.007
2026-08-27,수원시권선구,2026-08-28T23:00,icon_seamless_eps,40,0.4,0.35,0.225,0.025
2026-08-27,수원시권선구,2026-08-28T23:00,ncep_gefs_seamless,31,0.387,0.548,0.065,0
2026-08-27,수원시권선구,2026-08-28T23:00,ecmwf_ifs025_ensemble,51,0.608,0.333,0.059,0
2026-08-27,수원시권선구,2026-08-28T23:00,gem_global_ensemble,21,0.381,0.619,0,0
2026-08-27,성남시수정구,2026-08-27T00:00,ensemble,143,1,0,0,0
2026-08-27,성남시수정구,2026-08-27T00:00,icon_seamless_eps,40,1,0,0,0
2026-08-27,성남시수정구,2026-08-27T00:00,ncep_gefs_seamless,31,1,0,0,0
2026-08-27,성남시수정구,2026-08-27T00:00,ecmwf_ifs025_ensemble,51,1,0,0,0
2026-08-27,성남시수정구,2026-08-27T00:00,gem_global_ensemble,21,1,0,0,0
2026-08-27,성남시수정구,2026-08-27T01:00,ensemble,143,1,0,0,0
2026-08-27,성남시수정구,2026-08-27T01:00,icon_seamless_eps,40,1,0,0,0
2026-08-27,성남시수정구,2026-08-27T01:00,ncep_gefs_seamless,31,1,0,0,0
2026-08-27,성남시수정구,2026-08-27T01:00,ecmwf_ifs025_ensemble,51,1,0,0,0
2026-08-27,성남시수정구,2026-08-27T01:00,gem_global_ensemble,21,1,0,0,0
2026-08-27,성남시수정구,2026-08-27T02:00,ensemble,143,1,0,0,0
2026-08-27,성남시수정구,2026-08-27T02:00,icon_seamless_eps,40,1,0,0,0
2026-08-27,성남시수정구,2026-08-27T02:00,ncep_gefs_seamless,31,1,0,0,0
2026-08-27,성남시수정구,2026-08-27T02:00,ecmwf_ifs025_ensemble,51,1,0,0,0
2026-08-27,성남시수정구,2026-08-27T02:00,gem_global_ensemble,21,1,0,0,0
2026-08-27,성남시수정구,2026-08-27T03:00,ensemble,143,1,0,0,0
2026-08-27,성남시수정구,2026-08-27T03:00,icon_seamless_eps,40,1,0,0,0
2026-08-27,성남시수정구,2026-08-27T03:00,ncep_gefs_seamless,31,1,0,0,0
2026-08-27,성남시수정구,2026-08-27T03:00,ecmwf_ifs025_ensemble,51,1,0,0,0
2026-08-27,성남시수정구,2026-08-27T03:00,gem_global_ensemble,21,1,0,0,0
2026-08-27,성남시수정구,2026-08-27T04:00,ensemble,143,0.993,0.007,0,0
2026-08-27,성남시수정구,2026-08-27T04:00,icon_seamless_eps,40,1,0,0,0
2026-08-27,성남시수정구,2026-08-27T04:00,ncep_gefs_seamless,31,1,0,0,0
2026-08-27,성남시수정구,2026-08-27T04:00,ecmwf_ifs025_ensemble,51,1,0,0,0
2026-08-27,성남시수정구,2026-08-27T04:00,gem_global_ensemble,21,0.952,0.048,0,0
2026-08-27,성남시수정구,2026-08-27T05:00,ensemble,143,0.979,0.021,0,0
2026-08-27,성남시수정구,2026-08-27T05:00,icon_seamless_eps,40,0.95,0.05,0,0
2026-08-27,성남시수정구,2026-08-27T05:00,ncep_gefs_seamless,31,1,0,0,0
2026-08-27,성남시수정구,2026-08-27T05:00,ecmwf_ifs025_ensemble,51,1,0,0,0
2026-08-27,성남시수정구,2026-08-27T05:00,gem_global_ensemble,21,0.952,0.048,0,0
2026-08-27,성남시수정구,2026-08-27T06:00,ensemble,143,0.993,0.007,0,0
2026-08-27,성남시수정구,2026-08-27T06:00,icon_seamless_eps,40,1,0,0,0
2026-08-27,성남시수정구,2026-08-27T06:00,ncep_gefs_seamless,31,1,0,0,0
2026-08-27,성남시수정구,2026-08-27T06:00,ecmwf_ifs025_ensemble,51,1,0,0,0
2026-08-27,성남시수정구,2026-08-27T06:00,gem_global_ensemble,21,0.952,0.048,0,0
2026-08-27,성남시수정구,2026-08-27T07:00,ensemble,143,0.93,0.063,0.007,0
2026-08-27,성남시수정구,2026-08-27T07:00,icon_seamless_eps,40,0.925,0.05,0.025,0
2026-08-27,성남시수정구,2026-08-27T07:00,ncep_gefs_seamless,31,1,0,0,0
2026-08-27,성남시수정구,2026-08-27T07:00,ecmwf_ifs025_ensemble,51,0.863,0.137,0,0
2026-08-27,성남시수정구,2026-08-27T07:00,gem_global_ensemble,21,1,0,0,0
2026-08-27,성남시수정구,2026-08-27T08:00,ensemble,143,0.93,0.063,0.007,0
2026-08-27,성남시수정구,2026-08-27T08:00,icon_seamless_eps,40,0.925,0.05,0.025,0
2026-08-27,성남시수정구,2026-08-27T08:00,ncep_gefs_seamless,31,1,0,0,0
2026-08-27,성남시수정구,2026-08-27T08:00,ecmwf_ifs025_ensemble,51,0.863,0.137,0,0
2026-08-27,성남시수정구,2026-08-27T08:00,gem_global_ensemble,21,1,0,0,0
2026-08-27,성남시수정구,2026-08-27T09:00,ensemble,143,0.944,0.049,0.007,0
2026-08-27,성남시수정구,2026-08-27T09:00,icon_seamless_eps,40,0.975,0,0.025,0
2026-08-27,성남시수정구,2026-08-27T09:00,ncep_gefs_seamless,31,1,0,0,0
2026-08-27,성남시수정구,2026-08-27T09:00,ecmwf_ifs025_ensemble,51,0.863,0.137,0,0
2026-08-27,성남시수정구,2026-08-27T09:00,gem_global_ensemble,21,1,0,0,0
2026-08-27,성남시수정구,2026-08-27T10:00,ensemble,143,0.916,0.077,0.007,0
2026-08-27,성남시수정구,2026-08-27T10:00,icon_seamless_eps,40,0.95,0.025,0.025,0
2026-08-27,성남시수정구,2026-08-27T10:00,ncep_gefs_seamless,31,1,0,0,0
2026-08-27,성남시수정구,2026-08-27T10:00,ecmwf_ifs025_ensemble,51,0.804,0.196,0,0
2026-08-27,성남시수정구,2026-08-27T10:00,gem_global_ensemble,21,1,0,0,0
2026-08-27,성남시수정구,2026-08-27T11:00,ensemble,143,0.93,0.07,0,0
2026-08-27,성남시수정구,2026-08-27T11:00,icon_seamless_eps,40,1,0,0,0
2026-08-27,성남시수정구,2026-08-27T11:00,ncep_gefs_seamless,31,1,0,0,0
2026-08-27,성남시수정구,2026-08-27T11:00,ecmwf_ifs025_ensemble,51,0.804,0.196,0,0
2026-08-27,성남시수정구,2026-08-27T11:00,gem_global_ensemble,21,1,0,0,0
2026-08-27,성남시수정구,2026-08-27T12:00,ensemble,143,0.923,0.07,0.007,0
2026-08-27,성남시수정구,2026-08-27T12:00,icon_seamless_eps,40,0.975,0,0.025,0
2026-08-27,성남시수정구,2026-08-27T12:00,ncep_gefs_seamless,31,1,0,0,0
2026-08-27,성남시수정구,2026-08-27T12:00,ecmwf_ifs025_ensemble,51,0.804,0.196,0,0
2026-08-27,성남시수정구,2026-08-27T12:00,gem_global_ensemble,21,1,0,0,0
2026-08-27,성남시수정구,2026-08-27T13:00,ensemble,143,0.909,0.091,0,0
2026-08-27,성남시수정구,2026-08-27T13:00,icon_seamless_eps,40,0.95,0.05,0,0
2026-08-27,성남시수정구,2026-08-27T13:00,ncep_gefs_seamless,31,0.968,0.032,0,0
2026-08-27,성남시수정구,2026-08-27T13:00,ecmwf_ifs025_ensemble,51,0.804,0.196,0,0
2026-08-27,성남시수정구,2026-08-27T13:00,gem_global_ensemble,21,1,0,0,0
2026-08-27,성남시수정구,2026-08-27T14:00,ensemble,143,0.909,0.091,0,0
2026-08-27,성남시수정구,2026-08-27T14:00,icon_seamless_eps,40,0.95,0.05,0,0
2026-08-27,성남시수정구,2026-08-27T14:00,ncep_gefs_seamless,31,0.968,0.032,0,0
2026-08-27,성남시수정구,2026-08-27T14:00,ecmwf_ifs025_ensemble,51,0.804,0.196,0,0
2026-08-27,성남시수정구,2026-08-27T14:00,gem_global_ensemble,21,1,0,0,0
2026-08-27,성남시수정구,2026-08-27T15:00,ensemble,143,0.902,0.098,0,0
2026-08-27,성남시수정구,2026-08-27T15:00,icon_seamless_eps,40,0.925,0.075,0,0
2026-08-27,성남시수정구,2026-08-27T15:00,ncep_gefs_seamless,31,0.968,0.032,0,0
2026-08-27,성남시수정구,2026-08-27T15:00,ecmwf_ifs025_ensemble,51,0.804,0.196,0,0
2026-08-27,성남시수정구,2026-08-27T15:00,gem_global_ensemble,21,1,0,0,0
2026-08-27,성남시수정구,2026-08-27T16:00,ensemble,143,0.853,0.14,0.007,0
2026-08-27,성남시수정구,2026-08-27T16:00,icon_seamless_eps,40,0.95,0.05,0,0
2026-08-27,성남시수정구,2026-08-27T16:00,ncep_gefs_seamless,31,0.935,0.032,0.032,0
2026-08-27,성남시수정구,2026-08-27T16:00,ecmwf_ifs025_ensemble,51,0.667,0.333,0,0
2026-08-27,성남시수정구,2026-08-27T16:00,gem_global_ensemble,21,1,0,0,0
2026-08-27,성남시수정구,2026-08-27T17:00,ensemble,143,0.86,0.133,0.007,0
2026-08-27,성남시수정구,2026-08-27T17:00,icon_seamless_eps,40,0.975,0.025,0,0
2026-08-27,성남시수정구,2026-08-27T17:00,ncep_gefs_seamless,31,0.935,0.032,0.032,0
2026-08-27,성남시수정구,2026-08-27T17:00,ecmwf_ifs025_ensemble,51,0.667,0.333,0,0
2026-08-27,성남시수정구,2026-08-27T17:00,gem_global_ensemble,21,1,0,0,0
2026-08-27,성남시수정구,2026-08-27T18:00,ensemble,143,0.86,0.133,0.007,0
2026-08-27,성남시수정구,2026-08-27T18:00,icon_seamless_eps,40,0.975,0.025,0,0
2026-08-27,성남시수정구,2026-08-27T18:00,ncep_gefs_seamless,31,0.935,0.032,0.032,0
2026-08-27,성남시수정구,2026-08-27T18:00,ecmwf_ifs025_ensemble,51,0.667,0.333,0,0
2026-08-27,성남시수정구,2026-08-27T18:00,gem_global_ensemble,21,1,0,0,0
2026-08-27,성남시수정구,2026-08-27T19:00,ensemble,143,0.958,0.042,0,0
2026-08-27,성남시수정구,2026-08-27T19:00,icon_seamless_eps,40,0.975,0.025,0,0
2026-08-27,성남시수정구,2026-08-27T19:00,ncep_gefs_seamless,31,1,0,0,0
2026-08-27,성남시수정구,2026-08-27T19:00,ecmwf_ifs025_ensemble,51,0.902,0.098,0,0
2026-08-27,성남시수정구,2026-08-27T19:00,gem_global_ensemble,21,1,0,0,0
2026-08-27,성남시수정구,2026-08-27T20:00,ensemble,143,0.958,0.042,0,0
2026-08-27,성남시수정구,2026-08-27T20:00,icon_seamless_eps,40,0.975,0.025,0,0
2026-08-27,성남시수정구,2026-08-27T20:00,ncep_gefs_seamless,31,1,0,0,0
2026-08-27,성남시수정구,2026-08-27T20:00,ecmwf_ifs025_ensemble,51,0.902,0.098,0,0
2026-08-27,성남시수정구,2026-08-27T20:00,gem_global_ensemble,21,1,0,0,0
2026-08-27,성남시수정구,2026-08-27T21:00,ensemble,143,0.965,0.035,0,0
2026-08-27,성남시수정구,2026-08-27T21:00,icon_seamless_eps,40,1,0,0,0
2026-08-27,성남시수정구,2026-08-27T21:00,ncep_gefs_seamless,31,1,0,0,0
2026-08-27,성남시수정구,2026-08-27T21:00,ecmwf_ifs025_ensemble,51,0.902,0.098,0,0
2026-08-27,성남시수정구,2026-08-27T21:00,gem_global_ensemble,21,1,0,0,0
2026-08-27,성남시수정구,2026-08-27T22:00,ensemble,143,0.993,0.007,0,0
2026-08-27,성남시수정구,2026-08-27T22:00,icon_seamless_eps,40,1,0,0,0
2026-08-27,성남시수정구,2026-08-27T22:00,ncep_gefs_seamless,31,0.968,0.032,0,0
2026-08-27,성남시수정구,2026-08-27T22:00,ecmwf_ifs025_ensemble,51,1,0,0,0
2026-08-27,성남시수정구,2026-08-27T22:00,gem_global_ensemble,21,1,0,0,0
2026-08-27,성남시수정구,2026-08-27T23:00,ensemble,143,0.993,0.007,0,0
2026-08-27,성남시수정구,2026-08-27T23:00,icon_seamless_eps,40,1,0,0,0
2026-08-27,성남시수정구,2026-08-27T23:00,ncep_gefs_seamless,31,0.968,0.032,0,0
2026-08-27,성남시수정구,2026-08-27T23:00,ecmwf_ifs025_ensemble,51,1,0,0,0
2026-08-27,성남시수정구,2026-08-27T23:00,gem_global_ensemble,21,1,0,0,0
2026-08-27,성남시수정구,2026-08-28T00:00,ensemble,143,0.993,0.007,0,0
2026-08-27,성남시수정구,2026-08-28T00:00,icon_seamless_eps,40,1,0,0,0
2026-08-27,성남시수정구,2026-08-28T00:00,ncep_gefs_seamless,31,0.968,0.032,0,0
2026-08-27,성남시수정구,2026-08-28T00:00,ecmwf_ifs025_ensemble,51,1,0,0,0
2026-08-27,성남시수정구,2026-08-28T00:00,gem_global_ensemble,21,1,0,0,0
2026-08-27,성남시수정구,2026-08-28T01:00,ensemble,143,0.986,0.014,0,0
2026-08-27,성남시수정구,2026-08-28T01:00,icon_seamless_eps,40,1,0,0,0
2026-08-27,성남시수정구,2026-08-28T01:00,ncep_gefs_seamless,31,1,0,0,0
2026-08-27,성남시수정구,2026-08-28T01:00,ecmwf_ifs025_ensemble,51,0.961,0.039,0,0
2026-08-27,성남시수정구,2026-08-28T01:00,gem_global_ensemble,21,1,0,0,0
2026-08-27,성남시수정구,2026-08-28T02:00,ensemble,143,0.986,0.014,0,0
2026-08-27,성남시수정구,2026-08-28T02:00,icon_seamless_eps,40,1,0,0,0
2026-08-27,성남시수정구,2026-08-28T02:00,ncep_gefs_seamless,31,1,0,0,0
2026-08-27,성남시수정구,2026-08-28T02:00,ecmwf_ifs025_ensemble,51,0.961,0.039,0,0
2026-08-27,성남시수정구,2026-08-28T02:00,gem_global_ensemble,21,1,0,0,0
2026-08-27,성남시수정구,2026-08-28T03:00,ensemble,143,0.986,0.014,0,0
2026-08-27,성남시수정구,2026-08-28T03:00,icon_seamless_eps,40,1,0,0,0
2026-08-27,성남시수정구,2026-08-28T03:00,ncep_gefs_seamless,31,1,0,0,0
2026-08-27,성남시수정구,2026-08-28T03:00,ecmwf_ifs025_ensemble,51,0.961,0.039,0,0
2026-08-27,성남시수정구,2026-08-28T03:00,gem_global_ensemble,21,1,0,0,0
2026-08-27,성남시수정구,2026-08-28T04:00,ensemble,143,0.93,0.063,0.007,0
2026-08-27,성남시수정구,2026-08-28T04:00,icon_seamless_eps,40,1,0,0,0
2026-08-27,성남시수정구,2026-08-28T04:00,ncep_gefs_seamless,31,0.935,0.065,0,0
2026-08-27,성남시수정구,2026-08-28T04:00,ecmwf_ifs025_ensemble,51,0.863,0.118,0.02,0
2026-08-27,성남시수정구,2026-08-28T04:00,gem_global_ensemble,21,0.952,0.048,0,0
2026-08-27,성남시수정구,2026-08-28T05:00,ensemble,143,0.93,0.063,0.007,0
2026-08-27,성남시수정구,2026-08-28T05:00,icon_seamless_eps,40,1,0,0,0
2026-08-27,성남시수정구,2026-08-28T05:00,ncep_gefs_seamless,31,0.935,0.065,0,0
2026-08-27,성남시수정구,2026-08-28T05:00,ecmwf_ifs025_ensemble,51,0.863,0.118,0.02,0
2026-08-27,성남시수정구,2026-08-28T05:00,gem_global_ensemble,21,0.952,0.048,0,0
2026-08-27,성남시수정구,2026-08-28T06:00,ensemble,143,0.93,0.063,0.007,0
2026-08-27,성남시수정구,2026-08-28T06:00,icon_seamless_eps,40,1,0,0,0
2026-08-27,성남시수정구,2026-08-28T06:00,ncep_gefs_seamless,31,0.935,0.065,0,0
2026-08-27,성남시수정구,2026-08-28T06:00,ecmwf_ifs025_ensemble,51,0.863,0.118,0.02,0
2026-08-27,성남시수정구,2026-08-28T06:00,gem_global_ensemble,21,0.952,0.048,0,0
2026-08-27,성남시수정구,2026-08-28T07:00,ensemble,143,0.853,0.147,0,0
2026-08-27,성남시수정구,2026-08-28T07:00,icon_seamless_eps,40,1,0,0,0
2026-08-27,성남시수정구,2026-08-28T07:00,ncep_gefs_seamless,31,0.871,0.129,0,0
2026-08-27,성남시수정구,2026-08-28T07:00,ecmwf_ifs025_ensemble,51,0.706,0.294,0,0
2026-08-27,성남시수정구,2026-08-28T07:00,gem_global_ensemble,21,0.905,0.095,0,0
2026-08-27,성남시수정구,2026-08-28T08:00,ensemble,143,0.839,0.161,0,0
2026-08-27,성남시수정구,2026-08-28T08:00,icon_seamless_eps,40,0.95,0.05,0,0
2026-08-27,성남시수정구,2026-08-28T08:00,ncep_gefs_seamless,31,0.871,0.129,0,0
2026-08-27,성남시수정구,2026-08-28T08:00,ecmwf_ifs025_ensemble,51,0.706,0.294,0,0
2026-08-27,성남시수정구,2026-08-28T08:00,gem_global_ensemble,21,0.905,0.095,0,0
2026-08-27,성남시수정구,2026-08-28T09:00,ensemble,143,0.825,0.175,0,0
2026-08-27,성남시수정구,2026-08-28T09:00,icon_seamless_eps,40,0.9,0.1,0,0
2026-08-27,성남시수정구,2026-08-28T09:00,ncep_gefs_seamless,31,0.871,0.129,0,0
2026-08-27,성남시수정구,2026-08-28T09:00,ecmwf_ifs025_ensemble,51,0.706,0.294,0,0
2026-08-27,성남시수정구,2026-08-28T09:00,gem_global_ensemble,21,0.905,0.095,0,0
2026-08-27,성남시수정구,2026-08-28T10:00,ensemble,143,0.559,0.413,0.028,0
2026-08-27,성남시수정구,2026-08-28T10:00,icon_seamless_eps,40,0.875,0.125,0,0
2026-08-27,성남시수정구,2026-08-28T10:00,ncep_gefs_seamless,31,0.484,0.484,0.032,0
2026-08-27,성남시수정구,2026-08-28T10:00,ecmwf_ifs025_ensemble,51,0.275,0.667,0.059,0
2026-08-27,성남시수정구,2026-08-28T10:00,gem_global_ensemble,21,0.762,0.238,0,0
2026-08-27,성남시수정구,2026-08-28T11:00,ensemble,143,0.545,0.42,0.035,0
2026-08-27,성남시수정구,2026-08-28T11:00,icon_seamless_eps,40,0.825,0.15,0.025,0
2026-08-27,성남시수정구,2026-08-28T11:00,ncep_gefs_seamless,31,0.484,0.484,0.032,0
2026-08-27,성남시수정구,2026-08-28T11:00,ecmwf_ifs025_ensemble,51,0.275,0.667,0.059,0
2026-08-27,성남시수정구,2026-08-28T11:00,gem_global_ensemble,21,0.762,0.238,0,0
2026-08-27,성남시수정구,2026-08-28T12:00,ensemble,143,0.545,0.399,0.056,0
2026-08-27,성남시수정구,2026-08-28T12:00,icon_seamless_eps,40,0.825,0.075,0.1,0
2026-08-27,성남시수정구,2026-08-28T12:00,ncep_gefs_seamless,31,0.484,0.484,0.032,0
2026-08-27,성남시수정구,2026-08-28T12:00,ecmwf_ifs025_ensemble,51,0.275,0.667,0.059,0
2026-08-27,성남시수정구,2026-08-28T12:00,gem_global_ensemble,21,0.762,0.238,0,0
2026-08-27,성남시수정구,2026-08-28T13:00,ensemble,143,0.385,0.51,0.091,0.014
2026-08-27,성남시수정구,2026-08-28T13:00,icon_seamless_eps,40,0.775,0.175,0.05,0
2026-08-27,성남시수정구,2026-08-28T13:00,ncep_gefs_seamless,31,0.258,0.548,0.194,0
2026-08-27,성남시수정구,2026-08-28T13:00,ecmwf_ifs025_ensemble,51,0.157,0.725,0.078,0.039
2026-08-27,성남시수정구,2026-08-28T13:00,gem_global_ensemble,21,0.381,0.571,0.048,0
2026-08-27,성남시수정구,2026-08-28T14:00,ensemble,143,0.378,0.524,0.084,0.014
2026-08-27,성남시수정구,2026-08-28T14:00,icon_seamless_eps,40,0.75,0.225,0.025,0
2026-08-27,성남시수정구,2026-08-28T14:00,ncep_gefs_seamless,31,0.258,0.548,0.194,0
2026-08-27,성남시수정구,2026-08-28T14:00,ecmwf_ifs025_ensemble,51,0.157,0.725,0.078,0.039
2026-08-27,성남시수정구,2026-08-28T14:00,gem_global_ensemble,21,0.381,0.571,0.048,0
2026-08-27,성남시수정구,2026-08-28T15:00,ensemble,143,0.364,0.517,0.105,0.014
2026-08-27,성남시수정구,2026-08-28T15:00,icon_seamless_eps,40,0.7,0.2,0.1,0
2026-08-27,성남시수정구,2026-08-28T15:00,ncep_gefs_seamless,31,0.258,0.548,0.194,0
2026-08-27,성남시수정구,2026-08-28T15:00,ecmwf_ifs025_ensemble,51,0.157,0.725,0.078,0.039
2026-08-27,성남시수정구,2026-08-28T15:00,gem_global_ensemble,21,0.381,0.571,0.048,0
2026-08-27,성남시수정구,2026-08-28T16:00,ensemble,143,0.329,0.531,0.133,0.007
2026-08-27,성남시수정구,2026-08-28T16:00,icon_seamless_eps,40,0.625,0.325,0.05,0
2026-08-27,성남시수정구,2026-08-28T16:00,ncep_gefs_seamless,31,0.29,0.484,0.226,0
2026-08-27,성남시수정구,2026-08-28T16:00,ecmwf_ifs025_ensemble,51,0.137,0.706,0.137,0.02
2026-08-27,성남시수정구,2026-08-28T16:00,gem_global_ensemble,21,0.286,0.571,0.143,0
2026-08-27,성남시수정구,2026-08-28T17:00,ensemble,143,0.315,0.517,0.161,0.007
2026-08-27,성남시수정구,2026-08-28T17:00,icon_seamless_eps,40,0.575,0.275,0.15,0
2026-08-27,성남시수정구,2026-08-28T17:00,ncep_gefs_seamless,31,0.29,0.484,0.226,0
2026-08-27,성남시수정구,2026-08-28T17:00,ecmwf_ifs025_ensemble,51,0.137,0.706,0.137,0.02
2026-08-27,성남시수정구,2026-08-28T17:00,gem_global_ensemble,21,0.286,0.571,0.143,0
2026-08-27,성남시수정구,2026-08-28T18:00,ensemble,143,0.329,0.517,0.147,0.007
2026-08-27,성남시수정구,2026-08-28T18:00,icon_seamless_eps,40,0.625,0.275,0.1,0
2026-08-27,성남시수정구,2026-08-28T18:00,ncep_gefs_seamless,31,0.29,0.484,0.226,0
2026-08-27,성남시수정구,2026-08-28T18:00,ecmwf_ifs025_ensemble,51,0.137,0.706,0.137,0.02
2026-08-27,성남시수정구,2026-08-28T18:00,gem_global_ensemble,21,0.286,0.571,0.143,0
2026-08-27,성남시수정구,2026-08-28T19:00,ensemble,143,0.399,0.497,0.084,0.021
2026-08-27,성남시수정구,2026-08-28T19:00,icon_seamless_eps,40,0.65,0.225,0.1,0.025
2026-08-27,성남시수정구,2026-08-28T19:00,ncep_gefs_seamless,31,0.355,0.516,0.129,0
2026-08-27,성남시수정구,2026-08-28T19:00,ecmwf_ifs025_ensemble,51,0.235,0.686,0.059,0.02
2026-08-27,성남시수정구,2026-08-28T19:00,gem_global_ensemble,21,0.381,0.524,0.048,0.048
2026-08-27,성남시수정구,2026-08-28T20:00,ensemble,143,0.378,0.503,0.105,0.014
2026-08-27,성남시수정구,2026-08-28T20:00,icon_seamless_eps,40,0.575,0.25,0.175,0
2026-08-27,성남시수정구,2026-08-28T20:00,ncep_gefs_seamless,31,0.355,0.516,0.129,0
2026-08-27,성남시수정구,2026-08-28T20:00,ecmwf_ifs025_ensemble,51,0.235,0.686,0.059,0.02
2026-08-27,성남시수정구,2026-08-28T20:00,gem_global_ensemble,21,0.381,0.524,0.048,0.048
2026-08-27,성남시수정구,2026-08-28T21:00,ensemble,143,0.399,0.476,0.105,0.021
2026-08-27,성남시수정구,2026-08-28T21:00,icon_seamless_eps,40,0.65,0.15,0.175,0.025
2026-08-27,성남시수정구,2026-08-28T21:00,ncep_gefs_seamless,31,0.355,0.516,0.129,0
2026-08-27,성남시수정구,2026-08-28T21:00,ecmwf_ifs025_ensemble,51,0.235,0.686,0.059,0.02
2026-08-27,성남시수정구,2026-08-28T21:00,gem_global_ensemble,21,0.381,0.524,0.048,0.048
2026-08-27,성남시수정구,2026-08-28T22:00,ensemble,143,0.441,0.434,0.119,0.007
2026-08-27,성남시수정구,2026-08-28T22:00,icon_seamless_eps,40,0.45,0.3,0.25,0
2026-08-27,성남시수정구,2026-08-28T22:00,ncep_gefs_seamless,31,0.419,0.516,0.065,0
2026-08-27,성남시수정구,2026-08-28T22:00,ecmwf_ifs025_ensemble,51,0.471,0.412,0.098,0.02
2026-08-27,성남시수정구,2026-08-28T22:00,gem_global_ensemble,21,0.381,0.619,0,0
2026-08-27,성남시수정구,2026-08-28T23:00,ensemble,143,0.441,0.434,0.119,0.007
2026-08-27,성남시수정구,2026-08-28T23:00,icon_seamless_eps,40,0.45,0.3,0.25,0
2026-08-27,성남시수정구,2026-08-28T23:00,ncep_gefs_seamless,31,0.419,0.516,0.065,0
2026-08-27,성남시수정구,2026-08-28T23:00,ecmwf_ifs025_ensemble,51,0.471,0.412,0.098,0.02
2026-08-27,성남시수정구,2026-08-28T23:00,gem_global_ensemble,21,0.381,0.619,0,0
